x0,y0,x1,y1,x2,y2,x3,y3,x4,y4,x5,y5,x6,y6,x7,y7,x8,y8,x9,y9,x10,y10,x11,y11,x12,y12,x13,y13,x14,y14,x15,y15,x16,y16,x17,y17,x18,y18,x19,y19,x20,y20,label
0.0,0.0,-0.06568896770477295,-0.02587491273880005,-0.12083730101585388,-0.07380801439285278,-0.126893550157547,-0.0911988615989685,-0.07865667343139648,-0.08997571468353271,-0.07946795225143433,-0.31426265835762024,-0.11421754956245422,-0.21166712045669556,-0.10217207670211792,-0.1385374367237091,-0.08508867025375366,-0.15113914012908936,-0.02870023250579834,-0.31429359316825867,-0.06540250778198242,-0.18761658668518066,-0.06256777048110962,-0.11777180433273315,-0.05231368541717529,-0.14096221327781677,0.01696312427520752,-0.2745606303215027,-0.016541004180908203,-0.14329618215560913,-0.022203385829925537,-0.09071481227874756,-0.017154812812805176,-0.11941701173782349,0.05514127016067505,-0.21859398484230042,0.026421725749969482,-0.10824084281921387,0.018227458000183105,-0.06958192586898804,0.021343886852264404,-0.09403872489929199,FIST
0.0,0.0,-0.061953842639923096,-0.022162973880767822,-0.11513122916221619,-0.05526190996170044,-0.13068190217018127,-0.05599743127822876,-0.09719544649124146,-0.04799330234527588,-0.08595812320709229,-0.3006807565689087,-0.11833015084266663,-0.18355384469032288,-0.1071276068687439,-0.1188172996044159,-0.09228679537773132,-0.1402263045310974,-0.035221755504608154,-0.29971280694007874,-0.06851303577423096,-0.1617649495601654,-0.06463795900344849,-0.10242465138435364,-0.05603218078613281,-0.1343379020690918,0.011662423610687256,-0.2633363604545593,-0.02037060260772705,-0.12649255990982056,-0.022808372974395752,-0.07650107145309448,-0.016034245491027832,-0.10775747895240784,0.05177438259124756,-0.21291762590408325,0.024968087673187256,-0.1011522114276886,0.019007444381713867,-0.061351478099823,0.023820698261260986,-0.0850834846496582,FIST
0.0,0.0,-0.05506545305252075,-0.00987786054611206,-0.10505354404449463,-0.03263223171234131,-0.13448947668075562,-0.032388925552368164,-0.14102879166603088,-0.03706550598144531,-0.095461905002594,-0.27595484256744385,-0.11522766947746277,-0.1512220799922943,-0.1003052294254303,-0.0937078595161438,-0.08998754620552063,-0.12452208995819092,-0.041836708784103394,-0.2830944061279297,-0.06428030133247375,-0.13210344314575195,-0.06074264645576477,-0.07459801435470581,-0.05787810683250427,-0.11960399150848389,0.008185148239135742,-0.25210654735565186,-0.013774752616882324,-0.1040598452091217,-0.017049849033355713,-0.05347079038619995,-0.012509167194366455,-0.09130558371543884,0.05056732892990112,-0.206569105386734,0.031411051750183105,-0.08632814884185791,0.02532827854156494,-0.0450478196144104,0.029491424560546875,-0.07178008556365967,FIST
0.0,0.0,-0.05085444450378418,-0.006160259246826172,-0.09556746482849121,-0.022574543952941895,-0.10750913619995117,-0.005615353584289551,-0.08413416147232056,0.01055210828781128,-0.08307373523712158,-0.25779056549072266,-0.10398098826408386,-0.1247357428073883,-0.09400567412376404,-0.07498085498809814,-0.08581045269966125,-0.1076958179473877,-0.030062198638916016,-0.2581845819950104,-0.05493372678756714,-0.09503522515296936,-0.052183687686920166,-0.05197739601135254,-0.050307780504226685,-0.0995759665966034,0.018286585807800293,-0.22211617231369019,-0.006098270416259766,-0.061537086963653564,-0.010175764560699463,-0.023827791213989258,-0.00810253620147705,-0.0645436942577362,0.056582868099212646,-0.17158019542694092,0.03447997570037842,-0.043093353509902954,0.028332233428955078,-0.009715557098388672,0.031787872314453125,-0.03812834620475769,FIST
0.0,0.0,-0.0522385835647583,0.00034940242767333984,-0.09656304121017456,-0.012864470481872559,-0.09253549575805664,0.010992705821990967,-0.05016982555389404,0.01831066608428955,-0.08080175518989563,-0.2532273232936859,-0.09876930713653564,-0.11593344807624817,-0.08581581711769104,-0.060524165630340576,-0.07601922750473022,-0.09376877546310425,-0.027884691953659058,-0.2577168941497803,-0.04926258325576782,-0.10271120071411133,-0.04470774531364441,-0.055029064416885376,-0.041747331619262695,-0.09930884838104248,0.020274043083190918,-0.2243717610836029,0.00032025575637817383,-0.07033085823059082,-0.0030514299869537354,-0.02722647786140442,2.9385089874267578e-05,-0.06240701675415039,0.05925130844116211,-0.17727315425872803,0.04048764705657959,-0.05201256275177002,0.03409528732299805,-0.010696351528167725,0.0379827618598938,-0.031108587980270386,FIST
0.0,0.0,-0.05368858575820923,-0.0013979077339172363,-0.09648025035858154,-0.01875007152557373,-0.08880001306533813,-0.0010425448417663574,-0.04654747247695923,0.004643261432647705,-0.08151742815971375,-0.2578389346599579,-0.09756240248680115,-0.12601861357688904,-0.08625125885009766,-0.06943517923355103,-0.07724577188491821,-0.0994827151298523,-0.029198795557022095,-0.2669427990913391,-0.047922372817993164,-0.11015081405639648,-0.04461163282394409,-0.05864608287811279,-0.04131916165351868,-0.0999845564365387,0.018501102924346924,-0.23822355270385742,0.002040565013885498,-0.08371114730834961,-0.002694427967071533,-0.03847914934158325,-0.0014003515243530273,-0.07349413633346558,0.057568907737731934,-0.1941339373588562,0.04193836450576782,-0.06856092810630798,0.03474467992782593,-0.02714499831199646,0.0364609956741333,-0.05011308193206787,FIST
0.0,0.0,-0.05215197801589966,-0.010497570037841797,-0.0973198413848877,-0.0338248610496521,-0.10960203409194946,-0.037499815225601196,-0.07948201894760132,-0.04014745354652405,-0.08392328023910522,-0.2710720896720886,-0.10316351056098938,-0.15227821469306946,-0.09104698896408081,-0.09648892283439636,-0.0801396369934082,-0.12119007110595703,-0.03408229351043701,-0.2783381938934326,-0.05566990375518799,-0.13385164737701416,-0.05220174789428711,-0.07885628938674927,-0.04885357618331909,-0.11715900897979736,0.012471973896026611,-0.24989306926727295,-0.007111728191375732,-0.10685160756111145,-0.010258197784423828,-0.05772656202316284,-0.00707477331161499,-0.08771651983261108,0.051509857177734375,-0.2074713110923767,0.03505849838256836,-0.09001678228378296,0.028524160385131836,-0.048655688762664795,0.0304526686668396,-0.07056698203086853,FIST
0.0,0.0,-0.05737847089767456,-0.020487964153289795,-0.10648378729820251,-0.05944755673408508,-0.11458191275596619,-0.07815772294998169,-0.07127255201339722,-0.08203601837158203,-0.08192113041877747,-0.29188382625579834,-0.10848328471183777,-0.20435401797294617,-0.09604158997535706,-0.1402619481086731,-0.08129897713661194,-0.15830370783805847,-0.03648516535758972,-0.3000338673591614,-0.061019301414489746,-0.18942755460739136,-0.05777865648269653,-0.12390822172164917,-0.051375001668930054,-0.14973169565200806,0.006442844867706299,-0.2711121737957001,-0.01511538028717041,-0.15686580538749695,-0.02044498920440674,-0.09983068704605103,-0.017360031604766846,-0.12225133180618286,0.044949889183044434,-0.2277740240097046,0.025786936283111572,-0.12846171855926514,0.016345202922821045,-0.08194655179977417,0.016071319580078125,-0.09514120221138,FIST
0.0,0.0,-0.057895272970199585,-0.03028494119644165,-0.11316785216331482,-0.09701567888259888,-0.1109406054019928,-0.14170336723327637,-0.055260151624679565,-0.13841044902801514,-0.07752460241317749,-0.31584322452545166,-0.11229673027992249,-0.2616748511791229,-0.09769070148468018,-0.18430835008621216,-0.07955789566040039,-0.18843600153923035,-0.034214019775390625,-0.3308684229850769,-0.06512081623077393,-0.2491200566291809,-0.05937078595161438,-0.16752418875694275,-0.0514758825302124,-0.18046444654464722,0.006570041179656982,-0.30527424812316895,-0.018757104873657227,-0.21263697743415833,-0.020957350730895996,-0.1483561396598816,-0.01650381088256836,-0.16265824437141418,0.044637441635131836,-0.2631722688674927,0.022989869117736816,-0.1863006353378296,0.016040503978729248,-0.13757872581481934,0.01684403419494629,-0.14205148816108704,FIST
0.0,0.0,-0.05978778004646301,-0.034573376178741455,-0.11730319261550903,-0.10852468013763428,-0.12043511867523193,-0.16599425673484802,-0.0704951286315918,-0.17116743326187134,-0.08021780848503113,-0.3202509582042694,-0.1150718629360199,-0.2897534966468811,-0.0990416407585144,-0.20804688334465027,-0.08023679256439209,-0.19998699426651,-0.03664398193359375,-0.33737486600875854,-0.06657522916793823,-0.276493638753891,-0.06055814027786255,-0.19103187322616577,-0.05307963490486145,-0.197832852602005,0.003224790096282959,-0.3165217936038971,-0.02120417356491089,-0.23504316806793213,-0.02291017770767212,-0.16457712650299072,-0.0190279483795166,-0.17623445391654968,0.04044759273529053,-0.2780376672744751,0.019479751586914062,-0.20672935247421265,0.013000726699829102,-0.15389129519462585,0.013540565967559814,-0.15777632594108582,FIST
0.0,0.0,-0.06086266040802002,-0.03182518482208252,-0.11929148435592651,-0.1080169677734375,-0.11848002672195435,-0.176670640707016,-0.06670036911964417,-0.1851370930671692,-0.08253282308578491,-0.3179950714111328,-0.11322808265686035,-0.2958008646965027,-0.0959521234035492,-0.2169230580329895,-0.07795447111129761,-0.20731008052825928,-0.03828287124633789,-0.3354493975639343,-0.064790278673172,-0.2870795726776123,-0.05848580598831177,-0.20158591866493225,-0.05149197578430176,-0.20415735244750977,0.002198338508605957,-0.3169882297515869,-0.019331812858581543,-0.24355462193489075,-0.020694971084594727,-0.170938640832901,-0.016614556312561035,-0.18087905645370483,0.041233718395233154,-0.28074365854263306,0.020900607109069824,-0.2166750133037567,0.014478564262390137,-0.16204863786697388,0.015655577182769775,-0.16432702541351318,FIST
0.0,0.0,-0.062119901180267334,-0.040198683738708496,-0.1218443214893341,-0.12648612260818481,-0.12088912725448608,-0.19644618034362793,-0.06496226787567139,-0.19855648279190063,-0.08214932680130005,-0.3210662007331848,-0.11345338821411133,-0.31033581495285034,-0.09957948327064514,-0.2303224503993988,-0.08373522758483887,-0.22061535716056824,-0.03963112831115723,-0.336777925491333,-0.06633535027503967,-0.3082554340362549,-0.06117507815361023,-0.21932512521743774,-0.052322566509246826,-0.2178882658481598,0.0006645917892456055,-0.318800687789917,-0.020018696784973145,-0.27130770683288574,-0.022228538990020752,-0.19476822018623352,-0.016507446765899658,-0.19624751806259155,0.03995192050933838,-0.28344303369522095,0.02204573154449463,-0.24827411770820618,0.01362597942352295,-0.19327661395072937,0.01495504379272461,-0.18736830353736877,FIST
0.0,0.0,-0.060736626386642456,-0.04334843158721924,-0.11816960573196411,-0.12803864479064941,-0.11491936445236206,-0.21406710147857666,-0.058188289403915405,-0.22195687890052795,-0.09003230929374695,-0.2744305729866028,-0.10915312170982361,-0.33169129490852356,-0.0940365195274353,-0.25869399309158325,-0.07923486828804016,-0.2235749363899231,-0.04702073335647583,-0.2893311381340027,-0.060206711292266846,-0.34270867705345154,-0.0526118278503418,-0.2491941750049591,-0.0467185378074646,-0.21490666270256042,-0.005449056625366211,-0.28315654397010803,-0.011318564414978027,-0.31210821866989136,-0.012654483318328857,-0.22465696930885315,-0.012029945850372314,-0.1911488175392151,0.03602337837219238,-0.2602555751800537,0.029380619525909424,-0.28812310099601746,0.021118998527526855,-0.2276611626148224,0.017703711986541748,-0.1956455111503601,FIST
0.0,0.0,-0.06006342172622681,-0.04972416162490845,-0.11814185976982117,-0.14970266819000244,-0.1129523515701294,-0.234277606010437,-0.05412602424621582,-0.23097676038742065,-0.08583208918571472,-0.282470703125,-0.10347986221313477,-0.34762611985206604,-0.0920788049697876,-0.2571827471256256,-0.0811205506324768,-0.23020946979522705,-0.04263812303543091,-0.2927204668521881,-0.05554455518722534,-0.3504791855812073,-0.051628708839416504,-0.2412443459033966,-0.04634559154510498,-0.22120711207389832,-0.0010955333709716797,-0.2827480137348175,-0.006636857986450195,-0.31680935621261597,-0.01112741231918335,-0.21733060479164124,-0.010532021522521973,-0.19704532623291016,0.04094338417053223,-0.25805237889289856,0.034046471118927,-0.2887427806854248,0.024999141693115234,-0.22181159257888794,0.022667884826660156,-0.19842055439949036,FIST
0.0,0.0,-0.05960822105407715,-0.05532342195510864,-0.11601224541664124,-0.15627005696296692,-0.11298125982284546,-0.24366682767868042,-0.057224273681640625,-0.23908165097236633,-0.07621383666992188,-0.2977369427680969,-0.09022331237792969,-0.3535712659358978,-0.08059507608413696,-0.26805785298347473,-0.07097756862640381,-0.23783603310585022,-0.03300219774246216,-0.3054387867450714,-0.03992259502410889,-0.34770968556404114,-0.038239121437072754,-0.24304085969924927,-0.0383949875831604,-0.221483051776886,0.008315086364746094,-0.2929975390434265,0.005999743938446045,-0.3138803541660309,-0.0003980398178100586,-0.21972781419754028,-0.005910515785217285,-0.20166245102882385,0.04848742485046387,-0.26436540484428406,0.045509159564971924,-0.2830445170402527,0.03508549928665161,-0.21577000617980957,0.028232932090759277,-0.19671112298965454,FIST
0.0,0.0,-0.0661972165107727,-0.054449617862701416,-0.12223929166793823,-0.1602058708667755,-0.11384141445159912,-0.2417813539505005,-0.05689668655395508,-0.22714444994926453,-0.06746065616607666,-0.33582183718681335,-0.09940767288208008,-0.34663277864456177,-0.08997809886932373,-0.2615916132926941,-0.0738024115562439,-0.2380618453025818,-0.022806227207183838,-0.3429640233516693,-0.049736738204956055,-0.34186553955078125,-0.04967927932739258,-0.24694988131523132,-0.0413702130317688,-0.22556892037391663,0.017834901809692383,-0.3205922842025757,-0.005627095699310303,-0.2965173125267029,-0.013511121273040771,-0.211904376745224,-0.009414613246917725,-0.19576600193977356,0.056810855865478516,-0.27948516607284546,0.03527730703353882,-0.2682744860649109,0.021928071975708008,-0.2073570191860199,0.022452831268310547,-0.18869349360466003,FIST
0.0,0.0,-0.06567585468292236,-0.05284476280212402,-0.12283682823181152,-0.15870273113250732,-0.12147939205169678,-0.23644757270812988,-0.07115650177001953,-0.22509422898292542,-0.06137657165527344,-0.34230607748031616,-0.10542714595794678,-0.33498796820640564,-0.09486401081085205,-0.2465488612651825,-0.07640904188156128,-0.23970717191696167,-0.018278419971466064,-0.3500445485115051,-0.06015193462371826,-0.3239341378211975,-0.05697053670883179,-0.22274592518806458,-0.042652428150177,-0.22093763947486877,0.020377159118652344,-0.3251335620880127,-0.018050074577331543,-0.2871415317058563,-0.023238956928253174,-0.1958320140838623,-0.012497901916503906,-0.1976291537284851,0.05796980857849121,-0.28143250942230225,0.021903812885284424,-0.24646136164665222,0.010966181755065918,-0.18205991387367249,0.018099606037139893,-0.1803188920021057,FIST
0.0,0.0,-0.06765252351760864,-0.05736112594604492,-0.12306475639343262,-0.15824943780899048,-0.13047432899475098,-0.23084861040115356,-0.08552974462509155,-0.22052854299545288,-0.05160677433013916,-0.3452119827270508,-0.10982751846313477,-0.33009016513824463,-0.09847766160964966,-0.23799490928649902,-0.07614511251449585,-0.23291262984275818,-0.011977791786193848,-0.34804534912109375,-0.07066899538040161,-0.3088906705379486,-0.06352496147155762,-0.21168938279151917,-0.0446019172668457,-0.2135753631591797,0.022685110569000244,-0.31996285915374756,-0.03139525651931763,-0.27536988258361816,-0.03213191032409668,-0.18820521235466003,-0.015443205833435059,-0.19069772958755493,0.05403304100036621,-0.27325767278671265,0.006598353385925293,-0.23658055067062378,0.0011010169982910156,-0.17732131481170654,0.015223681926727295,-0.17587950825691223,FIST
0.0,0.0,-0.06962436437606812,-0.06706827878952026,-0.12064439058303833,-0.1615738570690155,-0.13727116584777832,-0.23125091195106506,-0.10561239719390869,-0.2282593846321106,-0.04312634468078613,-0.33996492624282837,-0.10980004072189331,-0.3239445984363556,-0.10105407238006592,-0.2357015311717987,-0.07873988151550293,-0.22232162952423096,-0.009312927722930908,-0.3391406536102295,-0.0813901424407959,-0.30018094182014465,-0.07393896579742432,-0.2082502245903015,-0.053180992603302,-0.20142212510108948,0.01962190866470337,-0.3112848699092865,-0.04874622821807861,-0.27322691679000854,-0.046972811222076416,-0.19078993797302246,-0.027867913246154785,-0.1831057071685791,0.043720781803131104,-0.26471152901649475,-0.013836681842803955,-0.23762357234954834,-0.01849830150604248,-0.18170112371444702,-0.0037915706634521484,-0.17021465301513672,FIST
0.0,0.0,-0.06681537628173828,-0.06930989027023315,-0.11567032337188721,-0.16565898060798645,-0.1321064829826355,-0.23345214128494263,-0.10320651531219482,-0.2256295084953308,-0.03512805700302124,-0.33796513080596924,-0.10572946071624756,-0.3254205584526062,-0.09865683317184448,-0.2373187243938446,-0.07565492391586304,-0.21622109413146973,-0.004345893859863281,-0.33770424127578735,-0.0853569507598877,-0.3068254590034485,-0.07717829942703247,-0.21274039149284363,-0.05373573303222656,-0.196833074092865,0.02068006992340088,-0.3121739625930786,-0.05840212106704712,-0.28344789147377014,-0.052914202213287354,-0.195124089717865,-0.031108379364013672,-0.17730644345283508,0.039847612380981445,-0.266882061958313,-0.026212036609649658,-0.2458440661430359,-0.025615155696868896,-0.18736892938613892,-0.00717240571975708,-0.169641375541687,FIST
0.0,0.0,-0.06157112121582031,-0.07471901178359985,-0.10278713703155518,-0.16292136907577515,-0.12559646368026733,-0.2173585295677185,-0.11242944002151489,-0.2252770960330963,-0.022693753242492676,-0.33187878131866455,-0.10009479522705078,-0.32328230142593384,-0.09497934579849243,-0.23598498106002808,-0.07214885950088501,-0.20900025963783264,0.00010949373245239258,-0.3338852524757385,-0.0921478271484375,-0.31097808480262756,-0.08309561014175415,-0.2161797285079956,-0.056635916233062744,-0.19479236006736755,0.016593754291534424,-0.31088948249816895,-0.07337313890457153,-0.2903940677642822,-0.06473052501678467,-0.2026650607585907,-0.0398564338684082,-0.1801377832889557,0.026303350925445557,-0.26684051752090454,-0.043544232845306396,-0.24733489751815796,-0.04019570350646973,-0.19085219502449036,-0.019711732864379883,-0.1712791919708252,FIST
0.0,0.0,-0.06187838315963745,-0.0717121958732605,-0.09707534313201904,-0.153641939163208,-0.12029749155044556,-0.20227396488189697,-0.11785906553268433,-0.2287566065788269,-0.01860213279724121,-0.3211630582809448,-0.09872174263000488,-0.3183440566062927,-0.09465324878692627,-0.23605474829673767,-0.072360098361969,-0.20926403999328613,-0.0019641518592834473,-0.32274019718170166,-0.09769755601882935,-0.30965688824653625,-0.08925652503967285,-0.22091087698936462,-0.06266564130783081,-0.19875675439834595,0.007509946823120117,-0.30148249864578247,-0.08547794818878174,-0.2867368757724762,-0.07632118463516235,-0.20182645320892334,-0.0501059889793396,-0.1799502968788147,0.010164022445678711,-0.25959599018096924,-0.061618685722351074,-0.24001222848892212,-0.055180370807647705,-0.18369215726852417,-0.03149014711380005,-0.16686928272247314,FIST
0.0,0.0,-0.05866646766662598,-0.06733661890029907,-0.09693723917007446,-0.15034490823745728,-0.11948519945144653,-0.20120486617088318,-0.11448508501052856,-0.2195734977722168,-0.022051692008972168,-0.31899896264076233,-0.09787046909332275,-0.3083687126636505,-0.09228777885437012,-0.227683424949646,-0.06990563869476318,-0.20466190576553345,-0.0018326640129089355,-0.3202453851699829,-0.09281384944915771,-0.2960074543952942,-0.08345997333526611,-0.210076242685318,-0.05707055330276489,-0.1905561089515686,0.01120370626449585,-0.29680395126342773,-0.07647931575775146,-0.2756476104259491,-0.06811201572418213,-0.19469958543777466,-0.04318505525588989,-0.1727861762046814,0.017093658447265625,-0.25417080521583557,-0.049582839012145996,-0.2354310154914856,-0.046862781047821045,-0.18266814947128296,-0.026599228382110596,-0.16360682249069214,FIST
0.0,0.0,-0.06447309255599976,-0.06344860792160034,-0.11061537265777588,-0.15027347207069397,-0.13025784492492676,-0.21064698696136475,-0.10735505819320679,-0.20769184827804565,-0.03633320331573486,-0.3210065960884094,-0.10518217086791992,-0.30608490109443665,-0.09794193506240845,-0.22181719541549683,-0.07595235109329224,-0.19810235500335693,-0.009723961353302002,-0.32409602403640747,-0.09012967348098755,-0.29525548219680786,-0.08053630590438843,-0.2051367461681366,-0.0570296049118042,-0.18604117631912231,0.011044561862945557,-0.3035704791545868,-0.06780886650085449,-0.27819716930389404,-0.05962073802947998,-0.1937444508075714,-0.03759723901748657,-0.17232125997543335,0.0257948637008667,-0.2640156149864197,-0.03751420974731445,-0.24205654859542847,-0.03409934043884277,-0.18744966387748718,-0.015259146690368652,-0.16970530152320862,FIST
0.0,0.0,-0.0626404881477356,-0.056683361530303955,-0.11416590213775635,-0.1446719765663147,-0.12831735610961914,-0.20356786251068115,-0.09563493728637695,-0.19735002517700195,-0.04640835523605347,-0.3145373463630676,-0.10678094625473022,-0.2995181381702423,-0.0969577431678772,-0.21501046419143677,-0.07587367296218872,-0.2037951946258545,-0.014635086059570312,-0.31896841526031494,-0.07854694128036499,-0.2837384343147278,-0.06941890716552734,-0.1954420804977417,-0.05023318529129028,-0.1872253119945526,0.013535678386688232,-0.29813724756240845,-0.04805821180343628,-0.2656835615634918,-0.043469250202178955,-0.18323343992233276,-0.02591007947921753,-0.1707143485546112,0.03748065233230591,-0.25841808319091797,-0.01458597183227539,-0.2368033230304718,-0.01753026247024536,-0.17867684364318848,-0.004266917705535889,-0.16133102774620056,FIST
0.0,0.0,-0.06215238571166992,-0.053464412689208984,-0.11511605978012085,-0.14284858107566833,-0.1241302490234375,-0.21010729670524597,-0.08504122495651245,-0.20891162753105164,-0.05026817321777344,-0.31230759620666504,-0.10405057668685913,-0.2958509922027588,-0.09225267171859741,-0.2134203314781189,-0.07154065370559692,-0.204624205827713,-0.015408456325531006,-0.31607842445373535,-0.0696260929107666,-0.28186723589897156,-0.06131291389465332,-0.19381055235862732,-0.04403156042098999,-0.18658626079559326,0.015392661094665527,-0.29586294293403625,-0.03493136167526245,-0.2636139392852783,-0.03347468376159668,-0.1815766990184784,-0.019177615642547607,-0.17141622304916382,0.0433390736579895,-0.25763213634490967,-0.0008680224418640137,-0.2359369397163391,-0.006811559200286865,-0.17516180872917175,0.003652811050415039,-0.15955892205238342,FIST
0.0,0.0,-0.0594218373298645,-0.047620952129364014,-0.11245208978652954,-0.1418256163597107,-0.11345207691192627,-0.21530398726463318,-0.06837517023086548,-0.21248167753219604,-0.05789053440093994,-0.308907687664032,-0.09342163801193237,-0.30291110277175903,-0.08285301923751831,-0.21875452995300293,-0.06708526611328125,-0.20932108163833618,-0.017407655715942383,-0.3160044550895691,-0.050071001052856445,-0.2939809262752533,-0.04630404710769653,-0.20010092854499817,-0.03635275363922119,-0.19398543238639832,0.01877063512802124,-0.2959789037704468,-0.010833024978637695,-0.26266059279441833,-0.014724433422088623,-0.17960476875305176,-0.007882177829742432,-0.17600011825561523,0.053149402141571045,-0.2586836516857147,0.024593353271484375,-0.23261019587516785,0.014672040939331055,-0.17238733172416687,0.018278121948242188,-0.16416937112808228,FIST
0.0,0.0,-0.05879014730453491,-0.05196958780288696,-0.11044526100158691,-0.1491621732711792,-0.1059463620185852,-0.21837559342384338,-0.05542421340942383,-0.20838484168052673,-0.0517924427986145,-0.3103923797607422,-0.08762520551681519,-0.3064150810241699,-0.07975828647613525,-0.22308754920959473,-0.06365031003952026,-0.21890252828598022,-0.011362135410308838,-0.3162747621536255,-0.04323303699493408,-0.29835614562034607,-0.04303872585296631,-0.2044050097465515,-0.031192004680633545,-0.20318695902824402,0.024519920349121094,-0.2945258915424347,-0.00386124849319458,-0.2633913457393646,-0.011278867721557617,-0.18105071783065796,-0.003052055835723877,-0.18204692006111145,0.05901944637298584,-0.2555901110172272,0.032610535621643066,-0.234673410654068,0.019688010215759277,-0.175298810005188,0.02294611930847168,-0.16768380999565125,FIST
0.0,0.0,-0.05575060844421387,-0.049260616302490234,-0.10532456636428833,-0.13731300830841064,-0.09646111726760864,-0.20137649774551392,-0.04538995027542114,-0.20286262035369873,-0.050680696964263916,-0.30627554655075073,-0.0854693055152893,-0.30731406807899475,-0.0771481990814209,-0.2218664288520813,-0.060055434703826904,-0.2105904221534729,-0.009240567684173584,-0.3112223744392395,-0.03874564170837402,-0.3009934425354004,-0.04084521532058716,-0.20651507377624512,-0.03104764223098755,-0.1994708776473999,0.027482211589813232,-0.2887488901615143,0.0015310049057006836,-0.2595173716545105,-0.007973194122314453,-0.17573297023773193,-0.0022852420806884766,-0.17386439442634583,0.0625336766242981,-0.24976590275764465,0.039143145084381104,-0.22923538088798523,0.025050878524780273,-0.1695435345172882,0.026997923851013184,-0.1622239649295807,FIST
0.0,0.0,-0.056898534297943115,-0.04495120048522949,-0.10279512405395508,-0.1315511167049408,-0.08953660726547241,-0.19960874319076538,-0.040554821491241455,-0.20236602425575256,-0.0608593225479126,-0.2674499452114105,-0.07426321506500244,-0.31477610766887665,-0.0672682523727417,-0.2445848286151886,-0.05724376440048218,-0.20326772332191467,-0.01895838975906372,-0.2743856608867645,-0.027584373950958252,-0.3162688612937927,-0.030584514141082764,-0.22939035296440125,-0.02936011552810669,-0.19675955176353455,0.019228577613830566,-0.25970566272735596,0.013996660709381104,-0.2750822603702545,0.0038462281227111816,-0.19565048813819885,0.0007320046424865723,-0.1708238422870636,0.055459558963775635,-0.2277507185935974,0.050364792346954346,-0.24621149897575378,0.03730881214141846,-0.18978220224380493,0.032111406326293945,-0.1659354865550995,FIST
0.0,0.0,-0.055977702140808105,-0.04305046796798706,-0.10094684362411499,-0.13625353574752808,-0.07735186815261841,-0.2046450674533844,-0.025489330291748047,-0.20131465792655945,-0.06619763374328613,-0.25713813304901123,-0.06880849599838257,-0.3199126422405243,-0.060103416442871094,-0.24389582872390747,-0.05240774154663086,-0.21264591813087463,-0.024736404418945312,-0.2659383714199066,-0.01784837245941162,-0.3174966275691986,-0.01957148313522339,-0.22189956903457642,-0.023481011390686035,-0.2023574411869049,0.012152433395385742,-0.2572183907032013,0.026170551776885986,-0.27731069922447205,0.015476226806640625,-0.19423052668571472,0.004617452621459961,-0.1823340356349945,0.0473669171333313,-0.23341670632362366,0.061825692653656006,-0.24626424908638,0.04947495460510254,-0.18711751699447632,0.03666210174560547,-0.1735488772392273,FIST
0.0,0.0,-0.05348074436187744,-0.04013770818710327,-0.09729582071304321,-0.12479054927825928,-0.072445809841156,-0.1914655864238739,-0.021379828453063965,-0.19450592994689941,-0.07123714685440063,-0.25364911556243896,-0.06502771377563477,-0.31462761759757996,-0.053028404712677,-0.23712939023971558,-0.04869943857192993,-0.210036963224411,-0.03121119737625122,-0.2674853205680847,-0.00745701789855957,-0.30365699529647827,-0.00468599796295166,-0.20869237184524536,-0.013970911502838135,-0.1980646550655365,0.0046280622482299805,-0.2637864649295807,0.03355133533477783,-0.2636929154396057,0.026121079921722412,-0.18527573347091675,0.008765816688537598,-0.18230408430099487,0.03790867328643799,-0.24555522203445435,0.06318938732147217,-0.23677238821983337,0.05293673276901245,-0.18086397647857666,0.03343081474304199,-0.17463287711143494,FIST
0.0,0.0,-0.052420616149902344,-0.028955698013305664,-0.08733731508255005,-0.1109129786491394,-0.053073227405548096,-0.17812639474868774,-0.0012837648391723633,-0.18343588709831238,-0.06601375341415405,-0.24768292903900146,-0.05618023872375488,-0.30019351840019226,-0.04204380512237549,-0.235737144947052,-0.03585392236709595,-0.21185621619224548,-0.025354325771331787,-0.25787922739982605,0.002893209457397461,-0.2918717563152313,0.006038963794708252,-0.19855275750160217,-0.004801273345947266,-0.19439643621444702,0.010515928268432617,-0.25024092197418213,0.04425019025802612,-0.2506906986236572,0.035473406314849854,-0.17342984676361084,0.014743387699127197,-0.1779555082321167,0.04341423511505127,-0.23009470105171204,0.07359355688095093,-0.2231501042842865,0.06252717971801758,-0.16997358202934265,0.04068654775619507,-0.16724911332130432,FIST
0.0,0.0,-0.04663503170013428,-0.007957637310028076,-0.06953328847885132,-0.06902286410331726,-0.03661811351776123,-0.1215350329875946,0.012665212154388428,-0.15160492062568665,-0.06564944982528687,-0.22632580995559692,-0.056820571422576904,-0.267941951751709,-0.04323798418045044,-0.2117772102355957,-0.03425323963165283,-0.18876579403877258,-0.028654277324676514,-0.23149240016937256,0.003114640712738037,-0.2642973065376282,0.00890195369720459,-0.16553950309753418,0.00042760372161865234,-0.16941621899604797,0.008014678955078125,-0.2269163727760315,0.04185837507247925,-0.2172890305519104,0.03575479984283447,-0.13008710741996765,0.01608830690383911,-0.14810171723365784,0.04141885042190552,-0.2187369465827942,0.07285749912261963,-0.19219237565994263,0.06457024812698364,-0.1352921724319458,0.044781267642974854,-0.1388879418373108,FIST
0.0,0.0,-0.04212898015975952,-0.014172732830047607,-0.0597650408744812,-0.07843375205993652,-0.023483753204345703,-0.13225218653678894,0.020936429500579834,-0.16684526205062866,-0.0628741979598999,-0.22256070375442505,-0.06186097860336304,-0.2895454168319702,-0.04342448711395264,-0.22858884930610657,-0.03501486778259277,-0.18822133541107178,-0.027418076992034912,-0.24019092321395874,-0.001918017864227295,-0.2824034094810486,0.012609124183654785,-0.20053541660308838,0.001477658748626709,-0.18580302596092224,0.008613049983978271,-0.2394421100616455,0.041458189487457275,-0.2547323703765869,0.04594600200653076,-0.17731836438179016,0.026458680629730225,-0.17423009872436523,0.04054611921310425,-0.22673934698104858,0.07695072889328003,-0.2157018780708313,0.07575541734695435,-0.16531270742416382,0.05598658323287964,-0.1592831015586853,FIST
0.0,0.0,-0.03543800115585327,0.001016855239868164,-0.053335726261138916,-0.05257144570350647,-0.018664181232452393,-0.10614758729934692,0.02671605348587036,-0.13998639583587646,-0.0717955231666565,-0.22417566180229187,-0.0651104748249054,-0.2708140015602112,-0.042615532875061035,-0.21290427446365356,-0.0303003191947937,-0.1768309473991394,-0.03610813617706299,-0.25334247946739197,-0.006922721862792969,-0.26598241925239563,0.00514596700668335,-0.16793358325958252,-0.007865846157073975,-0.1630030870437622,0.0014150142669677734,-0.2552640736103058,0.03762739896774292,-0.23366853594779968,0.03793036937713623,-0.15231996774673462,0.015347480773925781,-0.1560804843902588,0.03500884771347046,-0.2449587881565094,0.07200336456298828,-0.19844815135002136,0.06856018304824829,-0.14629095792770386,0.04701155424118042,-0.14766240119934082,FIST
0.0,0.0,-0.03506267070770264,0.01878872513771057,-0.050432026386260986,-0.02372327446937561,-0.009105861186981201,-0.07031816244125366,0.03043663501739502,-0.1142655611038208,-0.06995987892150879,-0.20809677243232727,-0.05915415287017822,-0.2452281415462494,-0.035034239292144775,-0.18974918127059937,-0.01759105920791626,-0.1612635850906372,-0.03173410892486572,-0.2356525957584381,0.0005098581314086914,-0.24094653129577637,0.009939193725585938,-0.14066734910011292,-0.0008633732795715332,-0.1462029218673706,0.008388042449951172,-0.24297931790351868,0.04561960697174072,-0.21022027730941772,0.041945457458496094,-0.1267547309398651,0.01987481117248535,-0.14345869421958923,0.04396522045135498,-0.24232980608940125,0.07705807685852051,-0.19141089916229248,0.07087934017181396,-0.13765209913253784,0.051624596118927,-0.1460045874118805,FIST
0.0,0.0,-0.04194962978363037,0.0031125545501708984,-0.06239405274391174,-0.032097041606903076,-0.018539488315582275,-0.059805482625961304,0.021490871906280518,-0.07982006669044495,-0.0699051022529602,-0.24628612399101257,-0.02956169843673706,-0.2167026400566101,-0.029884696006774902,-0.1518087089061737,-0.04022306203842163,-0.14347368478775024,-0.02395164966583252,-0.2736217677593231,0.02293109893798828,-0.21208015084266663,0.012775123119354248,-0.12168627977371216,-0.004457592964172363,-0.14716947078704834,0.01837313175201416,-0.2675788402557373,0.06244158744812012,-0.19137868285179138,0.04549366235733032,-0.12194201350212097,0.02422863245010376,-0.13992542028427124,0.05363374948501587,-0.24189075827598572,0.08372557163238525,-0.17442405223846436,0.0707276463508606,-0.12690001726150513,0.05311942100524902,-0.13790568709373474,FIST
0.0,0.0,-0.047858357429504395,0.008997023105621338,-0.07538780570030212,-0.019588172435760498,-0.04071676731109619,-0.04718571901321411,-0.0022551417350769043,-0.06622105836868286,-0.08508795499801636,-0.2500297725200653,-0.04330986738204956,-0.17401283979415894,-0.045839905738830566,-0.11037656664848328,-0.06113043427467346,-0.12341675162315369,-0.03768754005432129,-0.275019109249115,0.0010017752647399902,-0.17669278383255005,-0.00856029987335205,-0.09956592321395874,-0.02227693796157837,-0.1260896623134613,0.005592167377471924,-0.26846522092819214,0.041596174240112305,-0.16063416004180908,0.026382923126220703,-0.09708034992218018,0.01009368896484375,-0.12153095006942749,0.04489481449127197,-0.24193844199180603,0.06730878353118896,-0.15205040574073792,0.052807748317718506,-0.10098978877067566,0.0369948148727417,-0.11561912298202515,FIST
0.0,0.0,-0.04142260551452637,0.01584988832473755,-0.0698748230934143,-0.0024766623973846436,-0.04945647716522217,-0.014505475759506226,-0.02682894468307495,-0.025999128818511963,-0.08826994895935059,-0.23731094598770142,-0.05342131853103638,-0.13707971572875977,-0.05350348353385925,-0.07808554172515869,-0.06434357166290283,-0.09656640887260437,-0.03894323110580444,-0.2633691132068634,-0.004273951053619385,-0.14415165781974792,-0.012018561363220215,-0.07474738359451294,-0.023035764694213867,-0.10986343026161194,0.0073944926261901855,-0.25710171461105347,0.03949481248855591,-0.12576380372047424,0.023410439491271973,-0.06740832328796387,0.0076558589935302734,-0.09969592094421387,0.04772675037384033,-0.23316818475723267,0.06688189506530762,-0.12734195590019226,0.052431583404541016,-0.07874926924705505,0.03969573974609375,-0.10097229480743408,FIST
0.0,0.0,-0.041490644216537476,0.004473209381103516,-0.08015191555023193,0.002069532871246338,-0.08702459931373596,0.030147433280944824,-0.07413038611412048,0.05458414554595947,-0.09248572587966919,-0.2099931836128235,-0.09189745783805847,-0.08601155877113342,-0.08544114232063293,-0.03647029399871826,-0.08548298478126526,-0.05888250470161438,-0.043136030435562134,-0.22974613308906555,-0.04007640480995178,-0.07434439659118652,-0.0402907133102417,-0.02999168634414673,-0.04459062218666077,-0.06659016013145447,0.00502777099609375,-0.2162216305732727,0.00961291790008545,-0.06521618366241455,0.0018451213836669922,-0.023964017629623413,-0.005353152751922607,-0.05553165078163147,0.047437071800231934,-0.18782594799995422,0.047541260719299316,-0.07126888632774353,0.03863245248794556,-0.03025805950164795,0.03362303972244263,-0.04696762561798096,FIST
0.0,0.0,-0.05046093463897705,-0.0074343085289001465,-0.09484201669692993,-0.014026165008544922,-0.12470850348472595,-0.008641421794891357,-0.12820863723754883,0.0006557703018188477,-0.103732168674469,-0.2348267138004303,-0.12228459119796753,-0.09911563992500305,-0.10666394233703613,-0.05326128005981445,-0.0970078706741333,-0.07860487699508667,-0.05379396677017212,-0.24295824766159058,-0.07422438263893127,-0.07909655570983887,-0.0654093325138092,-0.037787556648254395,-0.06293213367462158,-0.07858741283416748,-0.005365550518035889,-0.21851670742034912,-0.025864750146865845,-0.06263408064842224,-0.022849857807159424,-0.026650190353393555,-0.01942405104637146,-0.061476707458496094,0.036666154861450195,-0.17959833145141602,0.019995689392089844,-0.05811142921447754,0.01888895034790039,-0.02491772174835205,0.02328568696975708,-0.04974102973937988,FIST
0.0,0.0,-0.06243276596069336,-0.0007531046867370605,-0.11524322628974915,-0.0008599162101745605,-0.14548015594482422,0.009422719478607178,-0.12746453285217285,0.012146979570388794,-0.11584454774856567,-0.23156124353408813,-0.15124380588531494,-0.0862078070640564,-0.13378497958183289,-0.03247326612472534,-0.12032848596572876,-0.05461984872817993,-0.06441238522529602,-0.24016037583351135,-0.10209545493125916,-0.053098708391189575,-0.08732196688652039,-0.010415911674499512,-0.07709938287734985,-0.050848960876464844,-0.015328377485275269,-0.211698979139328,-0.05251225829124451,-0.03299921751022339,-0.04562976956367493,-0.0009467005729675293,-0.03624850511550903,-0.03317171335220337,0.02616053819656372,-0.16730719804763794,-0.003508150577545166,-0.03537234663963318,-0.002400815486907959,-0.012702614068984985,0.004121899604797363,-0.0396902859210968,FIST
0.0,0.0,-0.09400185942649841,0.020927131175994873,-0.16321182250976562,0.019668638706207275,-0.17357277870178223,0.01209348440170288,-0.12911391258239746,-0.012630313634872437,-0.1420779824256897,-0.26084786653518677,-0.1953023374080658,-0.11883485317230225,-0.17476817965507507,-0.04539284110069275,-0.15533745288848877,-0.06736403703689575,-0.08912789821624756,-0.2744782418012619,-0.1392180621623993,-0.09142917394638062,-0.12175917625427246,-0.03356724977493286,-0.1075596809387207,-0.07005119323730469,-0.03757151961326599,-0.24630719423294067,-0.08206671476364136,-0.06531310081481934,-0.07185593247413635,-0.015692710876464844,-0.06002715229988098,-0.04391089081764221,0.00821077823638916,-0.19772478938102722,-0.02836349606513977,-0.058294832706451416,-0.026009470224380493,-0.02331554889678955,-0.017084211111068726,-0.04466935992240906,FIST
0.0,0.0,-0.0850858986377716,0.007240951061248779,-0.1456843614578247,-0.004266262054443359,-0.1782330870628357,-0.005666762590408325,-0.16574737429618835,-0.006440967321395874,-0.14515164494514465,-0.23726046085357666,-0.20547693967819214,-0.0989709198474884,-0.173944890499115,-0.050337910652160645,-0.15231791138648987,-0.07975965738296509,-0.10408267378807068,-0.24750274419784546,-0.1664736270904541,-0.07626393437385559,-0.13498610258102417,-0.03450435400009155,-0.1177166998386383,-0.07642990350723267,-0.06108689308166504,-0.21892592310905457,-0.11861342191696167,-0.054098278284072876,-0.09404557943344116,-0.014889895915985107,-0.07563847303390503,-0.04865998029708862,-0.021106630563735962,-0.16701927781105042,-0.06428653001785278,-0.03888377547264099,-0.05066877603530884,-0.011092990636825562,-0.03474411368370056,-0.03918582201004028,FIST
0.0,0.0,-0.08624887466430664,0.016698777675628662,-0.14313572645187378,0.010277271270751953,-0.17129966616630554,0.006919801235198975,-0.15204891562461853,-0.010834157466888428,-0.14663627743721008,-0.24900664389133453,-0.2116459608078003,-0.120699942111969,-0.17958438396453857,-0.06566238403320312,-0.1546211540699005,-0.09161895513534546,-0.11038404703140259,-0.25897257030010223,-0.17714187502861023,-0.10005635023117065,-0.14692014455795288,-0.054625868797302246,-0.12728017568588257,-0.08993655443191528,-0.0714263916015625,-0.233167827129364,-0.1346481740474701,-0.08286204934120178,-0.11023485660552979,-0.038980633020401,-0.09195762872695923,-0.06972154974937439,-0.03434121608734131,-0.18220669031143188,-0.08361834287643433,-0.06736969947814941,-0.06933313608169556,-0.03831106424331665,-0.05230605602264404,-0.06537187099456787,FIST
0.0,0.0,-0.08997577428817749,0.014774948358535767,-0.14916664361953735,0.0007521212100982666,-0.178275465965271,-0.0076666176319122314,-0.16221094131469727,-0.022494494915008545,-0.15382450819015503,-0.2574335187673569,-0.21777933835983276,-0.12483963370323181,-0.18291506171226501,-0.07105600833892822,-0.15739306807518005,-0.09701520204544067,-0.11930394172668457,-0.2671564072370529,-0.18705731630325317,-0.10555094480514526,-0.15448719263076782,-0.06383290886878967,-0.13353776931762695,-0.09607347846031189,-0.08249634504318237,-0.24031224846839905,-0.14795523881912231,-0.0895942747592926,-0.1204637885093689,-0.0474570095539093,-0.10113126039505005,-0.07496711611747742,-0.048251986503601074,-0.1870512068271637,-0.09845122694969177,-0.0698305070400238,-0.08193424344062805,-0.03933537006378174,-0.06453603506088257,-0.06347617506980896,FIST
0.0,0.0,-0.08377403020858765,0.01360088586807251,-0.13840624690055847,-0.00641477108001709,-0.16936704516410828,-0.013535648584365845,-0.17317521572113037,-0.03833353519439697,-0.14324933290481567,-0.258625790476799,-0.21360817551612854,-0.1437685489654541,-0.1827501356601715,-0.08203452825546265,-0.15392246842384338,-0.09343069791793823,-0.1199374794960022,-0.2699742913246155,-0.19562214612960815,-0.12285074591636658,-0.16163629293441772,-0.07141768932342529,-0.1340954601764679,-0.09053468704223633,-0.09408485889434814,-0.24900996685028076,-0.16531258821487427,-0.1112552285194397,-0.1345842182636261,-0.06508088111877441,-0.11123663187026978,-0.08585742115974426,-0.06799215078353882,-0.2026141881942749,-0.1248965859413147,-0.10764500498771667,-0.10639551281929016,-0.07325220108032227,-0.08556923270225525,-0.08782726526260376,FIST
0.0,0.0,-0.07386395335197449,0.010712027549743652,-0.12623363733291626,-0.00985860824584961,-0.1617843508720398,-0.016178935766220093,-0.1791391670703888,-0.037922441959381104,-0.13398456573486328,-0.2517998218536377,-0.2079859972000122,-0.1419563889503479,-0.17775577306747437,-0.07515355944633484,-0.1469515562057495,-0.0803246796131134,-0.11963474750518799,-0.26559002697467804,-0.19776013493537903,-0.12547588348388672,-0.1633085012435913,-0.06723940372467041,-0.13333994150161743,-0.07997468113899231,-0.10294917225837708,-0.2466830015182495,-0.17520886659622192,-0.11386695504188538,-0.14172357320785522,-0.06228289008140564,-0.11417624354362488,-0.07531625032424927,-0.08440318703651428,-0.20480918884277344,-0.1393025517463684,-0.11156502366065979,-0.11941730976104736,-0.07165214419364929,-0.09603515267372131,-0.07718375325202942,FIST
0.0,0.0,-0.07594171166419983,0.010383129119873047,-0.13521239161491394,-0.011392831802368164,-0.17242524027824402,-0.01868075132369995,-0.18675127625465393,-0.03948590159416199,-0.13134145736694336,-0.24584618210792542,-0.2006242573261261,-0.12879955768585205,-0.1658640205860138,-0.07007759809494019,-0.1370188593864441,-0.08277741074562073,-0.12235739827156067,-0.25861983001232147,-0.1995561420917511,-0.11489489674568176,-0.16021716594696045,-0.061539649963378906,-0.12962961196899414,-0.07794836163520813,-0.11119318008422852,-0.238628089427948,-0.18650072813034058,-0.10686549544334412,-0.1480845808982849,-0.057683199644088745,-0.11961719393730164,-0.07464867830276489,-0.09538933634757996,-0.19704705476760864,-0.1528117060661316,-0.10508525371551514,-0.13031038641929626,-0.06447863578796387,-0.10729366540908813,-0.07145902514457703,FIST
0.0,0.0,-0.08086305856704712,0.011549830436706543,-0.13721248507499695,-0.01575756072998047,-0.1722806692123413,-0.03246912360191345,-0.18818899989128113,-0.060537755489349365,-0.1329536736011505,-0.24747730791568756,-0.2027287483215332,-0.13313332200050354,-0.16985350847244263,-0.0679229199886322,-0.1375403106212616,-0.07131174206733704,-0.12533706426620483,-0.25864657759666443,-0.20353728532791138,-0.11595916748046875,-0.16539636254310608,-0.054526299238204956,-0.1315179169178009,-0.06414794921875,-0.11604905128479004,-0.2395784854888916,-0.1925053596496582,-0.10142424702644348,-0.15356048941612244,-0.0463404655456543,-0.121562659740448,-0.05993807315826416,-0.10199576616287231,-0.198134183883667,-0.16160696744918823,-0.0945151150226593,-0.1371937096118927,-0.04954257607460022,-0.11069464683532715,-0.05472743511199951,FIST
0.0,0.0,-0.07807201147079468,0.010068833827972412,-0.13507762551307678,-0.013887912034988403,-0.17043650150299072,-0.022451311349868774,-0.18561172485351562,-0.04232501983642578,-0.1307905614376068,-0.2576952576637268,-0.20550262928009033,-0.13456010818481445,-0.1714099645614624,-0.06884586811065674,-0.13691073656082153,-0.07432171702384949,-0.12256357073783875,-0.2698661684989929,-0.20537114143371582,-0.12096181511878967,-0.16584071516990662,-0.060572683811187744,-0.1309756636619568,-0.07172924280166626,-0.11238512396812439,-0.2499472200870514,-0.19328737258911133,-0.11010417342185974,-0.1543268859386444,-0.05845820903778076,-0.1231074333190918,-0.07547250390052795,-0.09846627712249756,-0.20669180154800415,-0.16070681810379028,-0.10520869493484497,-0.1361072063446045,-0.06488567590713501,-0.10962298512458801,-0.0746728777885437,FIST
0.0,0.0,-0.07003974914550781,0.011998951435089111,-0.124860018491745,-0.011356234550476074,-0.16379129886627197,-0.020312607288360596,-0.1822860836982727,-0.0536627471446991,-0.12810751795768738,-0.2555485814809799,-0.20000213384628296,-0.1482452154159546,-0.16639500856399536,-0.08385127782821655,-0.13458269834518433,-0.0914059579372406,-0.11612764000892639,-0.2746443897485733,-0.19646629691123962,-0.14122232794761658,-0.15855273604393005,-0.08115977048873901,-0.12584242224693298,-0.09761419892311096,-0.10126131772994995,-0.25966881215572357,-0.17819589376449585,-0.13618963956832886,-0.14250525832176208,-0.07983270287513733,-0.11229205131530762,-0.09562799334526062,-0.08431738615036011,-0.220163494348526,-0.1411958932876587,-0.131801038980484,-0.12120276689529419,-0.08631923794746399,-0.09636712074279785,-0.0910346508026123,FIST
0.0,0.0,-0.07249587774276733,0.0164339542388916,-0.12636813521385193,-0.0041419267654418945,-0.15581014752388,-0.01890331506729126,-0.1596110463142395,-0.06259456276893616,-0.1310824751853943,-0.26508450508117676,-0.19809991121292114,-0.1665857434272766,-0.1713007688522339,-0.09004068374633789,-0.14098939299583435,-0.09130960702896118,-0.1064235270023346,-0.2836875468492508,-0.17867088317871094,-0.16177329421043396,-0.14609837532043457,-0.0860171914100647,-0.11795276403427124,-0.09674391150474548,-0.07857418060302734,-0.273305281996727,-0.14543575048446655,-0.15683454275131226,-0.11710283160209656,-0.0898122489452362,-0.09318569302558899,-0.10429301857948303,-0.049986809492111206,-0.23867923021316528,-0.10108128190040588,-0.15537959337234497,-0.08614411950111389,-0.10538685321807861,-0.0663575828075409,-0.11180081963539124,FIST
0.0,0.0,-0.07689788937568665,0.013836562633514404,-0.1378597915172577,-0.005907416343688965,-0.16445988416671753,-0.027653992176055908,-0.1435452103614807,-0.06946712732315063,-0.13374480605125427,-0.2640697509050369,-0.1944698691368103,-0.17779523134231567,-0.1716228425502777,-0.0920209288597107,-0.1440219283103943,-0.08194029331207275,-0.10253328084945679,-0.28685444593429565,-0.16831040382385254,-0.17772483825683594,-0.14144673943519592,-0.09417963027954102,-0.11612987518310547,-0.09548342227935791,-0.0690031349658966,-0.2785447686910629,-0.13052496314048767,-0.17016920447349548,-0.10643696784973145,-0.09861516952514648,-0.08397236466407776,-0.10644799470901489,-0.03595227003097534,-0.2483486831188202,-0.08497709035873413,-0.16622665524482727,-0.07140162587165833,-0.1145372986793518,-0.05279478430747986,-0.11803796887397766,FIST
0.0,0.0,-0.07774722576141357,0.013128221035003662,-0.1444740891456604,-0.01529383659362793,-0.15740662813186646,-0.0514129102230072,-0.11524778604507446,-0.0930948257446289,-0.12300494313240051,-0.2645699381828308,-0.17494440078735352,-0.183668851852417,-0.15121924877166748,-0.09353339672088623,-0.12614935636520386,-0.08963489532470703,-0.08438113331794739,-0.29322880506515503,-0.13849025964736938,-0.1957811713218689,-0.11509007215499878,-0.10650861263275146,-0.09547707438468933,-0.11036708950996399,-0.04625886678695679,-0.28777816891670227,-0.0952109694480896,-0.179874986410141,-0.07581466436386108,-0.10407471656799316,-0.05937477946281433,-0.11553376913070679,-0.009837746620178223,-0.26050594449043274,-0.049294501543045044,-0.16456791758537292,-0.03671255707740784,-0.10755622386932373,-0.0214461088180542,-0.11454057693481445,FIST
0.0,0.0,-0.07649153470993042,-0.000824660062789917,-0.1437091827392578,-0.04416954517364502,-0.15693449974060059,-0.08432695269584656,-0.1139627993106842,-0.10618606209754944,-0.12177279591560364,-0.26991015672683716,-0.1732727587223053,-0.19841089844703674,-0.14812946319580078,-0.12069875001907349,-0.1251307725906372,-0.12388601899147034,-0.08517155051231384,-0.29548151791095734,-0.1363292932510376,-0.20202535390853882,-0.11400166153907776,-0.1214633584022522,-0.0971837043762207,-0.1297762095928192,-0.04740402102470398,-0.2877291440963745,-0.09220647811889648,-0.18214508891105652,-0.07407450675964355,-0.10884475708007812,-0.05825585126876831,-0.11912322044372559,-0.010427772998809814,-0.26031437516212463,-0.04766303300857544,-0.16668686270713806,-0.038682132959365845,-0.10466587543487549,-0.024994730949401855,-0.1050848662853241,FIST
0.0,0.0,-0.07127049565315247,-0.007277727127075195,-0.13724690675735474,-0.05568692088127136,-0.15045374631881714,-0.09001165628433228,-0.10398459434509277,-0.10630321502685547,-0.12338769435882568,-0.2711930572986603,-0.16681945323944092,-0.20058926939964294,-0.14101481437683105,-0.12288472056388855,-0.12062734365463257,-0.12894880771636963,-0.08377015590667725,-0.3037521690130234,-0.12422412633895874,-0.20920702815055847,-0.10270377993583679,-0.12665051221847534,-0.0908527672290802,-0.14261817932128906,-0.041258156299591064,-0.297104075551033,-0.07445481419563293,-0.19282475113868713,-0.0598846971988678,-0.11761146783828735,-0.05085250735282898,-0.13522976636886597,-6.628036499023438e-05,-0.27179980278015137,-0.02528238296508789,-0.1773054003715515,-0.018983006477355957,-0.1211194396018982,-0.011600196361541748,-0.1354263722896576,FIST
0.0,0.0,-0.06099534034729004,-0.008364379405975342,-0.12291774153709412,-0.05259004235267639,-0.14032471179962158,-0.09496402740478516,-0.0970526933670044,-0.11650943756103516,-0.11462020874023438,-0.27572518587112427,-0.14671927690505981,-0.22097247838974,-0.12689566612243652,-0.14002332091331482,-0.11234134435653687,-0.1419750452041626,-0.07342761754989624,-0.30670294165611267,-0.1024894118309021,-0.22287717461585999,-0.08662042021751404,-0.13548967242240906,-0.07824373245239258,-0.14617443084716797,-0.03061056137084961,-0.29926854372024536,-0.052474260330200195,-0.19905361533164978,-0.04397183656692505,-0.12306714057922363,-0.03843367099761963,-0.13817277550697327,0.011254310607910156,-0.2752334028482437,-0.006741881370544434,-0.18630516529083252,-0.005211174488067627,-0.12638533115386963,-0.0019718408584594727,-0.1343073546886444,FIST
0.0,0.0,-0.05596739053726196,-0.01140505075454712,-0.11443144083023071,-0.055010855197906494,-0.12911435961723328,-0.09556695818901062,-0.08543035387992859,-0.11470961570739746,-0.10679632425308228,-0.2828240841627121,-0.1308853030204773,-0.2246633768081665,-0.11310404539108276,-0.14733225107192993,-0.09961637854576111,-0.15067818760871887,-0.06625890731811523,-0.3103688210248947,-0.08575382828712463,-0.22283509373664856,-0.07405319809913635,-0.14049413800239563,-0.06935670971870422,-0.15448591113090515,-0.023674309253692627,-0.300404816865921,-0.037744998931884766,-0.19945642352104187,-0.03344595432281494,-0.1291969120502472,-0.031009435653686523,-0.1444776952266693,0.018157124519348145,-0.27457883954048157,0.005906939506530762,-0.19032695889472961,0.0062677860260009766,-0.13702428340911865,0.007761538028717041,-0.14514052867889404,FIST
0.0,0.0,-0.05195212364196777,-0.0036589503288269043,-0.10025706887245178,-0.02487918734550476,-0.11026617884635925,-0.039300501346588135,-0.06878781318664551,-0.058974623680114746,-0.09943002462387085,-0.2594797909259796,-0.11233377456665039,-0.15755486488342285,-0.09567093849182129,-0.09460219740867615,-0.08391013741493225,-0.11153563857078552,-0.052182555198669434,-0.2772214114665985,-0.06489297747612,-0.15050220489501953,-0.05670100450515747,-0.08501571416854858,-0.05255991220474243,-0.11203572154045105,-0.006140470504760742,-0.2604404389858246,-0.016861021518707275,-0.13470247387886047,-0.017691493034362793,-0.07663634419441223,-0.016442537307739258,-0.09874731302261353,0.03610759973526001,-0.22786171734333038,0.02504551410675049,-0.1237771213054657,0.02082449197769165,-0.0745624303817749,0.02120351791381836,-0.08774766325950623,FIST
0.0,0.0,-0.04155108332633972,0.0017471909523010254,-0.08185675740242004,6.365776062011719e-05,-0.10159808397293091,0.005889832973480225,-0.09072926640510559,0.0056809186935424805,-0.09979802370071411,-0.2180999517440796,-0.10818254947662354,-0.07490348815917969,-0.08967211842536926,-0.031782329082489014,-0.08087277412414551,-0.06939911842346191,-0.05158361792564392,-0.2334071397781372,-0.05641847848892212,-0.06334885954856873,-0.047337740659713745,-0.026877641677856445,-0.0489649772644043,-0.07734128832817078,-0.002369821071624756,-0.21613533794879913,-0.007586121559143066,-0.050063908100128174,-0.005284368991851807,-0.018558979034423828,-0.0047498345375061035,-0.06040012836456299,0.04051774740219116,-0.1837022602558136,0.0333247184753418,-0.05272573232650757,0.034021854400634766,-0.024267256259918213,0.037955522537231445,-0.0562208890914917,FIST
0.0,0.0,-0.0447964072227478,-0.002251923084259033,-0.08484932780265808,0.005409657955169678,-0.08796688914299011,0.07018095254898071,-0.06634175777435303,0.12787801027297974,-0.09222462773323059,-0.17600169777870178,-0.10533136129379272,-0.007888078689575195,-0.09730067849159241,0.0806279182434082,-0.09248939156532288,0.11754274368286133,-0.03509417176246643,-0.18597757816314697,-0.042422324419021606,0.01947963237762451,-0.03977358341217041,0.029653966426849365,-0.040701091289520264,-0.009995251893997192,0.020458757877349854,-0.15972274541854858,0.0088576078414917,0.034248679876327515,0.0018938183784484863,0.028538942337036133,-0.00195920467376709,-0.022980421781539917,0.06587803363800049,-0.12016314268112183,0.05300420522689819,0.019451558589935303,0.04498589038848877,0.02259814739227295,0.04631572961807251,-0.015130579471588135,FIST
0.0,0.0,-0.04332801699638367,-0.005487978458404541,-0.08397069573402405,-0.00142669677734375,-0.08940505981445312,0.06249034404754639,-0.06809863448143005,0.11520946025848389,-0.0870935320854187,-0.18795223534107208,-0.1015392541885376,-0.019500762224197388,-0.10061243176460266,0.07647788524627686,-0.10307386517524719,0.11610329151153564,-0.028869330883026123,-0.1934606432914734,-0.04065144062042236,0.01175689697265625,-0.042541950941085815,0.03128805756568909,-0.04753190279006958,-0.003997981548309326,0.027001380920410156,-0.1637708842754364,0.011169016361236572,0.029277950525283813,0.0032851696014404297,0.02778071165084839,-0.0005712509155273438,-0.025916993618011475,0.071316659450531,-0.12139767408370972,0.056027352809906006,0.019536852836608887,0.046718716621398926,0.028875231742858887,0.048615992069244385,-0.007141619920730591,FIST
0.0,0.0,-0.04470077157020569,-0.004556834697723389,-0.08645468950271606,0.0002726316452026367,-0.09003955125808716,0.0610731840133667,-0.06787136197090149,0.11735516786575317,-0.08564430475234985,-0.20482265949249268,-0.09817466139793396,-0.030617713928222656,-0.08858585357666016,0.031760573387145996,-0.08206266164779663,0.01971152424812317,-0.028510451316833496,-0.21310955286026,-0.03898125886917114,-0.008801400661468506,-0.03849339485168457,0.02461296319961548,-0.03962033987045288,-0.02136865258216858,0.02563399076461792,-0.18603092432022095,0.015471041202545166,0.004077017307281494,0.004441440105438232,0.029338419437408447,-0.0011081099510192871,-0.016323387622833252,0.07098448276519775,-0.14593255519866943,0.059656381607055664,-0.0035387277603149414,0.04613637924194336,0.024968743324279785,0.04256260395050049,-0.003363192081451416,FIST
0.0,0.0,-0.05271875858306885,-0.0077661871910095215,-0.10084664821624756,-0.030816584825515747,-0.10873961448669434,-0.0357438325881958,-0.07155933976173401,-0.049215495586395264,-0.09516072273254395,-0.2927432805299759,-0.10943669080734253,-0.16455435752868652,-0.09476664662361145,-0.09652259945869446,-0.08328449726104736,-0.11995765566825867,-0.0388980507850647,-0.30474475026130676,-0.05439096689224243,-0.14435777068138123,-0.05122321844100952,-0.07925620675086975,-0.04816359281539917,-0.12122794985771179,0.013517260551452637,-0.27734431624412537,0.0026859045028686523,-0.1149444580078125,-0.00492405891418457,-0.05907595157623291,-0.005286753177642822,-0.09363752603530884,0.05912888050079346,-0.2329874038696289,0.047648489475250244,-0.1020125150680542,0.03766447305679321,-0.05297291278839111,0.036911725997924805,-0.07556521892547607,FIST
0.0,0.0,-0.058792710304260254,-0.012778997421264648,-0.11229544878005981,-0.058016836643218994,-0.1132860779762268,-0.07853332161903381,-0.0631946325302124,-0.09085327386856079,-0.09731078147888184,-0.33253470063209534,-0.11250340938568115,-0.22830656170845032,-0.0979885458946228,-0.14524659514427185,-0.08618822693824768,-0.16158711910247803,-0.039707303047180176,-0.350263774394989,-0.05580240488052368,-0.21560001373291016,-0.052452921867370605,-0.12795233726501465,-0.04715961217880249,-0.15901249647140503,0.013380289077758789,-0.32197825610637665,0.0038590431213378906,-0.1786504089832306,-0.005360543727874756,-0.10507646203041077,-0.0064318180084228516,-0.13548651337623596,0.06117892265319824,-0.27543115615844727,0.05208021402359009,-0.15397697687149048,0.040419161319732666,-0.09571588039398193,0.03687846660614014,-0.11805886030197144,FIST
0.0,0.0,-0.06796649098396301,-0.02390342950820923,-0.12847557663917542,-0.10209155082702637,-0.12411361932754517,-0.1480662226676941,-0.06060871481895447,-0.15237438678741455,-0.0931914746761322,-0.37738628685474396,-0.11482977867126465,-0.29232341051101685,-0.10290077328681946,-0.19327139854431152,-0.09154218435287476,-0.20411953330039978,-0.036157429218292236,-0.3950604647397995,-0.056871771812438965,-0.2771526277065277,-0.056255340576171875,-0.17372947931289673,-0.05166119337081909,-0.20088505744934082,0.016658246517181396,-0.3643183261156082,0.0030356645584106445,-0.2375599443912506,-0.008242309093475342,-0.15215742588043213,-0.009601294994354248,-0.17896562814712524,0.06671649217605591,-0.3133355975151062,0.05413246154785156,-0.2109348475933075,0.03957635164260864,-0.14506331086158752,0.03358250856399536,-0.15915679931640625,FIST
0.0,0.0,-0.07052698731422424,-0.030036985874176025,-0.1355743706226349,-0.11754101514816284,-0.13200974464416504,-0.17357683181762695,-0.06599158048629761,-0.1728464961051941,-0.09862899780273438,-0.39754635095596313,-0.1247413158416748,-0.3384450376033783,-0.11263734102249146,-0.2295432984828949,-0.09851479530334473,-0.23117020726203918,-0.04012453556060791,-0.41958586871623993,-0.06385254859924316,-0.31855130195617676,-0.06433558464050293,-0.207798033952713,-0.060482144355773926,-0.23130947351455688,0.014709413051605225,-0.38960687816143036,-0.002129495143890381,-0.26784995198249817,-0.012303292751312256,-0.17459630966186523,-0.01192396879196167,-0.19805464148521423,0.06713491678237915,-0.34058302640914917,0.05181252956390381,-0.2391214370727539,0.03786647319793701,-0.16847726702690125,0.03324061632156372,-0.17910674214363098,FIST
0.0,0.0,-0.07317495346069336,-0.03263372182846069,-0.13868218660354614,-0.13581222295761108,-0.13569998741149902,-0.2015056610107422,-0.06711256504058838,-0.19972264766693115,-0.0948350727558136,-0.4194917678833008,-0.12672078609466553,-0.3692723512649536,-0.11548882722854614,-0.2556946277618408,-0.09859150648117065,-0.25942525267601013,-0.03568589687347412,-0.4427687078714371,-0.06392675638198853,-0.3487950563430786,-0.06641203165054321,-0.23143750429153442,-0.06143379211425781,-0.2634855806827545,0.019097506999969482,-0.40917548537254333,-0.0015589594841003418,-0.29106003046035767,-0.013202130794525146,-0.19313225150108337,-0.011491119861602783,-0.22173476219177246,0.07118242979049683,-0.3561202883720398,0.054855525493621826,-0.2540634870529175,0.0395892858505249,-0.18239179253578186,0.033992886543273926,-0.19629192352294922,FIST
0.0,0.0,-0.07138794660568237,-0.033474504947662354,-0.1421719193458557,-0.14790880680084229,-0.14555811882019043,-0.23600780963897705,-0.07298296689987183,-0.24371102452278137,-0.09289100766181946,-0.4317716956138611,-0.12896275520324707,-0.3882824778556824,-0.11567020416259766,-0.26840490102767944,-0.09577161073684692,-0.2744208574295044,-0.034120142459869385,-0.4548153579235077,-0.06642556190490723,-0.3720688819885254,-0.06669872999191284,-0.24776706099510193,-0.05828225612640381,-0.2806958258152008,0.020054638385772705,-0.4215325117111206,-0.0036223530769348145,-0.31247609853744507,-0.013547539710998535,-0.2098873257637024,-0.007534503936767578,-0.23910120129585266,0.0736168622970581,-0.36996039748191833,0.05599099397659302,-0.28427380323410034,0.040590107440948486,-0.21072602272033691,0.0374370813369751,-0.21961411833763123,FIST
0.0,0.0,-0.07181310653686523,-0.03695940971374512,-0.14544051885604858,-0.16742825508117676,-0.14640307426452637,-0.26210901141166687,-0.073178231716156,-0.26353636384010315,-0.10028481483459473,-0.41475909948349,-0.12610748410224915,-0.43009358644485474,-0.1163676381111145,-0.3003396689891815,-0.10030242800712585,-0.2903120815753937,-0.03994095325469971,-0.4358214735984802,-0.06046116352081299,-0.4254181385040283,-0.06471705436706543,-0.2850116491317749,-0.056961119174957275,-0.29981309175491333,0.016352593898773193,-0.4088584780693054,0.004384279251098633,-0.36934274435043335,-0.010029375553131104,-0.24876216053962708,-0.005814731121063232,-0.2609402537345886,0.07180315256118774,-0.36443498730659485,0.06125164031982422,-0.3348163068294525,0.045040249824523926,-0.2542021870613098,0.043812334537506104,-0.2522372901439667,FIST
0.0,0.0,-0.07381266355514526,-0.049032390117645264,-0.14776092767715454,-0.1661551594734192,-0.14489924907684326,-0.27372801303863525,-0.07341313362121582,-0.28696492314338684,-0.10518935322761536,-0.37452971935272217,-0.12322866916656494,-0.4552604556083679,-0.116416335105896,-0.3438880145549774,-0.10360386967658997,-0.30001235008239746,-0.04568135738372803,-0.3834056854248047,-0.05929690599441528,-0.4565083980560303,-0.0615154504776001,-0.31286996603012085,-0.05438852310180664,-0.2850571572780609,0.010732650756835938,-0.3626210391521454,0.006599783897399902,-0.4077450633049011,-0.006246030330657959,-0.27760517597198486,-0.005688786506652832,-0.25451910495758057,0.06660979986190796,-0.3214847445487976,0.06136125326156616,-0.3694802522659302,0.04452759027481079,-0.2824808955192566,0.04070615768432617,-0.2531245946884155,FIST
0.0,0.0,-0.06847816705703735,-0.051639676094055176,-0.14342659711837769,-0.19522452354431152,-0.14385467767715454,-0.3181988596916199,-0.07201874256134033,-0.3277505040168762,-0.10077416896820068,-0.38918861746788025,-0.12303712964057922,-0.47677701711654663,-0.11461177468299866,-0.3456827998161316,-0.10032916069030762,-0.31745877861976624,-0.04429870843887329,-0.3949618935585022,-0.06106072664260864,-0.4739322066307068,-0.06244254112243652,-0.31903648376464844,-0.05239146947860718,-0.31065991520881653,0.010065615177154541,-0.3729800283908844,0.002567291259765625,-0.4266080856323242,-0.009289562702178955,-0.2860684394836426,-0.004168272018432617,-0.2762256860733032,0.0668022632598877,-0.33699050545692444,0.05594003200531006,-0.3818356990814209,0.04031574726104736,-0.29062482714653015,0.04073047637939453,-0.27382439374923706,FIST
0.0,0.0,-0.0717197060585022,-0.05930924415588379,-0.1467282772064209,-0.20043224096298218,-0.14822810888290405,-0.331940621137619,-0.07496041059494019,-0.36130499839782715,-0.10647022724151611,-0.38428205251693726,-0.12423470616340637,-0.4821692705154419,-0.11785200238227844,-0.36149078607559204,-0.10501718521118164,-0.32258516550064087,-0.051477789878845215,-0.39154261350631714,-0.0645490288734436,-0.48653000593185425,-0.0648566484451294,-0.34253349900245667,-0.05562680959701538,-0.31607237458229065,0.003312528133392334,-0.372803658246994,-0.0053008198738098145,-0.44136568903923035,-0.013607203960418701,-0.3071287274360657,-0.008686482906341553,-0.28244516253471375,0.06146538257598877,-0.3385939300060272,0.04700362682342529,-0.4007592499256134,0.03380084037780762,-0.31241804361343384,0.03456920385360718,-0.28413069248199463,FIST
0.0,0.0,-0.0733078122138977,-0.059749484062194824,-0.14909765124320984,-0.1966714859008789,-0.15253442525863647,-0.32925689220428467,-0.0818071961402893,-0.3690548241138458,-0.11045637726783752,-0.3805754780769348,-0.13046985864639282,-0.47762632369995117,-0.12251049280166626,-0.35923030972480774,-0.10823646187782288,-0.3211377263069153,-0.055921852588653564,-0.3909704089164734,-0.07164078950881958,-0.49076710641384125,-0.07033419609069824,-0.3486395478248596,-0.059274375438690186,-0.320025771856308,-0.00111311674118042,-0.3751567602157593,-0.011494338512420654,-0.44794461131095886,-0.018554627895355225,-0.3127189576625824,-0.01243966817855835,-0.2840827405452728,0.05722486972808838,-0.3424062430858612,0.0403706431388855,-0.40776515007019043,0.02751249074935913,-0.31797099113464355,0.02938699722290039,-0.2868647575378418,FIST
0.0,0.0,-0.07533890008926392,-0.05933797359466553,-0.1490485668182373,-0.19470971822738647,-0.15108972787857056,-0.3293493390083313,-0.08304870128631592,-0.3753238916397095,-0.1120607852935791,-0.37482020258903503,-0.13266044855117798,-0.4693657457828522,-0.12537896633148193,-0.34439000487327576,-0.11091062426567078,-0.30564287304878235,-0.058721721172332764,-0.386396586894989,-0.07671487331390381,-0.4869195520877838,-0.07456827163696289,-0.3404850661754608,-0.061185479164123535,-0.3130728602409363,-0.0041790008544921875,-0.3729016184806824,-0.01786363124847412,-0.4484668970108032,-0.022909998893737793,-0.3078683912754059,-0.01387256383895874,-0.2788446247577667,0.05453836917877197,-0.3423232138156891,0.03424447774887085,-0.41132232546806335,0.02283918857574463,-0.317524790763855,0.02725231647491455,-0.2853185832500458,FIST
0.0,0.0,-0.07400524616241455,-0.06856697797775269,-0.1427881419658661,-0.1980533003807068,-0.13777238130569458,-0.3292555809020996,-0.06596797704696655,-0.36811017990112305,-0.10949695110321045,-0.36263424158096313,-0.1251232624053955,-0.46812307834625244,-0.11340153217315674,-0.3433028757572174,-0.10096609592437744,-0.3001842200756073,-0.05496525764465332,-0.3721860647201538,-0.0674142837524414,-0.47725799679756165,-0.062086522579193115,-0.33009275794029236,-0.0521809458732605,-0.3006173074245453,-4.792213439941406e-05,-0.35912811756134033,-0.005938589572906494,-0.4394535720348358,-0.010865986347198486,-0.30018338561058044,-0.006219744682312012,-0.2679307460784912,0.05701160430908203,-0.32933109998703003,0.045775651931762695,-0.402391642332077,0.03411996364593506,-0.3119025230407715,0.034406065940856934,-0.27750492095947266,FIST
0.0,0.0,-0.07401365041732788,-0.06016296148300171,-0.14452064037322998,-0.19934499263763428,-0.12970083951950073,-0.331573486328125,-0.05413717031478882,-0.339941143989563,-0.11442780494689941,-0.3485783040523529,-0.13125395774841309,-0.45814621448516846,-0.1137886643409729,-0.3434377610683441,-0.09945672750473022,-0.3028008043766022,-0.06088078022003174,-0.35974350571632385,-0.07128357887268066,-0.47022730112075806,-0.06255578994750977,-0.33135688304901123,-0.054951608180999756,-0.30090367794036865,-0.008589744567871094,-0.3465940058231354,-0.008842706680297852,-0.4324877858161926,-0.013258695602416992,-0.30296793580055237,-0.01207876205444336,-0.2671622931957245,0.04516637325286865,-0.3175114095211029,0.04143941402435303,-0.3990703821182251,0.029351413249969482,-0.3162882626056671,0.02702277898788452,-0.27696114778518677,FIST
0.0,0.0,-0.07334864139556885,-0.06889402866363525,-0.131943941116333,-0.19611525535583496,-0.10625731945037842,-0.30267661809921265,-0.033952951431274414,-0.290477991104126,-0.10831019282341003,-0.3283522427082062,-0.1196456253528595,-0.4318309724330902,-0.10329234600067139,-0.329447865486145,-0.08927416801452637,-0.274760901927948,-0.056093037128448486,-0.3389829397201538,-0.061018288135528564,-0.44674260914325714,-0.052906930446624756,-0.32650813460350037,-0.04602038860321045,-0.27711939811706543,-0.00619959831237793,-0.32867634296417236,-0.0008475184440612793,-0.4169621467590332,-0.0044127702713012695,-0.3090461790561676,-0.005526483058929443,-0.2575403153896332,0.04222029447555542,-0.29909878969192505,0.046221017837524414,-0.38316285610198975,0.03469204902648926,-0.3134971261024475,0.029408812522888184,-0.26470014452934265,FIST
0.0,0.0,-0.07490605115890503,-0.06784296035766602,-0.12322604656219482,-0.19775378704071045,-0.08005350828170776,-0.2881644368171692,-0.011326849460601807,-0.2746906578540802,-0.10234558582305908,-0.3244224488735199,-0.09846878051757812,-0.413089320063591,-0.08067148923873901,-0.31953907012939453,-0.07189255952835083,-0.26049134135246277,-0.04998248815536499,-0.3367478847503662,-0.0430641770362854,-0.43351808190345764,-0.03167891502380371,-0.32558518648147583,-0.03251791000366211,-0.2744772136211395,-0.0010219216346740723,-0.3275231122970581,0.013894617557525635,-0.40463554859161377,0.014633417129516602,-0.30917057394981384,0.004214167594909668,-0.2596205472946167,0.04408198595046997,-0.29751771688461304,0.05959218740463257,-0.36315757036209106,0.05169922113418579,-0.30133602023124695,0.03675645589828491,-0.2585774064064026,FIST
0.0,0.0,-0.07304930686950684,-0.05881553888320923,-0.11458879709243774,-0.16705673933029175,-0.06677186489105225,-0.254732221364975,0.0015077590942382812,-0.26195043325424194,-0.10061311721801758,-0.3070600926876068,-0.08625078201293945,-0.38247643411159515,-0.05905240774154663,-0.29529643058776855,-0.043913066387176514,-0.23303747177124023,-0.044728755950927734,-0.3222135901451111,-0.02657461166381836,-0.41219983994960785,-0.007412552833557129,-0.31059274077415466,-0.00552445650100708,-0.254966676235199,0.0038265585899353027,-0.31379133462905884,0.029745638370513916,-0.3818252831697464,0.0345955491065979,-0.2872469425201416,0.021645963191986084,-0.23454168438911438,0.04616892337799072,-0.28228867053985596,0.07297182083129883,-0.3363194763660431,0.06666064262390137,-0.27614742517471313,0.04731184244155884,-0.23571205139160156,FIST
0.0,0.0,-0.052740275859832764,-0.007087767124176025,-0.07678049802780151,-0.0844258964061737,-0.033888161182403564,-0.14641258120536804,0.017062902450561523,-0.18658852577209473,-0.07823282480239868,-0.2821851372718811,-0.06028527021408081,-0.3429443687200546,-0.03189772367477417,-0.2860521078109741,-0.011047422885894775,-0.2541579306125641,-0.03374749422073364,-0.3033405840396881,0.026661336421966553,-0.3216191232204437,0.03874349594116211,-0.2141730785369873,0.029935717582702637,-0.19493773579597473,0.010083317756652832,-0.2986355125904083,0.06925439834594727,-0.2865740656852722,0.0619240403175354,-0.19055232405662537,0.03969383239746094,-0.18736249208450317,0.04797631502151489,-0.2799474596977234,0.09792333841323853,-0.24537143111228943,0.08837300539016724,-0.1833043098449707,0.06521385908126831,-0.17782384157180786,FIST
0.0,0.0,-0.04770904779434204,-0.007689356803894043,-0.061849892139434814,-0.06288713216781616,-0.01020270586013794,-0.09738749265670776,0.03144729137420654,-0.12974277138710022,-0.06096506118774414,-0.3163040280342102,-0.024681150913238525,-0.2986031174659729,-0.016323447227478027,-0.2149290144443512,-0.017515063285827637,-0.1987726092338562,-0.008962094783782959,-0.33199386298656464,0.035247206687927246,-0.28606703877449036,0.03285670280456543,-0.17901074886322021,0.018613040447235107,-0.19800317287445068,0.03947091102600098,-0.312870055437088,0.0839490294456482,-0.24392014741897583,0.0688023567199707,-0.15530768036842346,0.044381141662597656,-0.18005353212356567,0.0777013897895813,-0.2776249349117279,0.11292123794555664,-0.20547419786453247,0.09750819206237793,-0.1426539421081543,0.07445317506790161,-0.15321019291877747,FIST
0.0,0.0,-0.03937453031539917,0.014467239379882812,-0.032591164112091064,-0.007151126861572266,0.029931366443634033,-0.0054579973220825195,0.07702934741973877,-0.0007900595664978027,-0.036064207553863525,-0.26233506202697754,0.02484995126724243,-0.14082229137420654,0.0029855966567993164,-0.0807158350944519,-0.01794523000717163,-0.11420494318008423,0.01336890459060669,-0.27862629294395447,0.06847941875457764,-0.13383206725120544,0.03735929727554321,-0.05675420165061951,0.018959879875183105,-0.09586060047149658,0.05487722158432007,-0.2656967043876648,0.1030646562576294,-0.1275380253791809,0.07224839925765991,-0.06269246339797974,0.052691638469696045,-0.0994064211845398,0.0884663462638855,-0.22900789976119995,0.115753173828125,-0.12612038850784302,0.09370297193527222,-0.07662937045097351,0.07574492692947388,-0.09963127970695496,FIST
0.0,0.0,-0.03524947166442871,0.02229970693588257,-0.022306859493255615,0.010593593120574951,0.04909437894821167,0.01984637975692749,0.10177940130233765,0.008609116077423096,0.0012389421463012695,-0.25949570536613464,0.07766062021255493,-0.10790163278579712,0.044659316539764404,-0.056047528982162476,0.017448067665100098,-0.0934167206287384,0.051342546939849854,-0.2675418257713318,0.11018478870391846,-0.10356879234313965,0.06305491924285889,-0.04237997531890869,0.03842192888259888,-0.08640095591545105,0.08691596984863281,-0.252232164144516,0.1332758665084839,-0.09703198075294495,0.09028595685958862,-0.04970639944076538,0.06789255142211914,-0.09357661008834839,0.11117279529571533,-0.21438544988632202,0.14011573791503906,-0.10269826650619507,0.1085059642791748,-0.06916254758834839,0.08342629671096802,-0.08905276656150818,FIST
0.0,0.0,-0.027671992778778076,0.031801581382751465,-0.009399771690368652,0.031075358390808105,0.058256685733795166,0.044275104999542236,0.11349570751190186,0.0290224552154541,0.013693153858184814,-0.23260298371315002,0.08896768093109131,-0.0872647762298584,0.060387611389160156,-0.039790719747543335,0.035720646381378174,-0.08279579877853394,0.0596315860748291,-0.25117218494415283,0.11683732271194458,-0.08254978060722351,0.07299965620040894,-0.02210068702697754,0.04830610752105713,-0.07268205285072327,0.09584856033325195,-0.24007844924926758,0.14364904165267944,-0.08346226811408997,0.10373139381408691,-0.032592326402664185,0.0791272521018982,-0.0797501802444458,0.12152493000030518,-0.20479094982147217,0.14973586797714233,-0.09836313128471375,0.12497836351394653,-0.0567108690738678,0.1020880937576294,-0.07839584350585938,FIST
0.0,0.0,-0.01541757583618164,0.024305522441864014,0.015059828758239746,0.029191970825195312,0.08559548854827881,0.053919851779937744,0.14338737726211548,0.05325436592102051,0.05422520637512207,-0.224997878074646,0.12764984369277954,-0.07107529044151306,0.09685981273651123,-0.019302427768707275,0.07074803113937378,-0.05399015545845032,0.09413570165634155,-0.23908603191375732,0.15005278587341309,-0.059318482875823975,0.10101783275604248,-0.005084812641143799,0.07411086559295654,-0.05657866597175598,0.12319707870483398,-0.22078493237495422,0.16817378997802734,-0.05606761574745178,0.12271624803543091,-0.009406507015228271,0.09562301635742188,-0.054290831089019775,0.14105606079101562,-0.18176159262657166,0.16838139295578003,-0.06579333543777466,0.1372826099395752,-0.02939555048942566,0.11308515071868896,-0.06042793393135071,FIST
0.0,0.0,-0.00570303201675415,0.030887246131896973,0.03613406419754028,0.046884894371032715,0.10899597406387329,0.07391518354415894,0.16957813501358032,0.0694085955619812,0.08912432193756104,-0.1974812150001526,0.1631850004196167,-0.039657920598983765,0.1251124143600464,0.01019585132598877,0.09808105230331421,-0.02270403504371643,0.12028568983078003,-0.20525699853897095,0.17812854051589966,-0.023249655961990356,0.1234326958656311,0.018672049045562744,0.09387481212615967,-0.03066074848175049,0.13905048370361328,-0.18731138110160828,0.18299788236618042,-0.022611677646636963,0.13353639841079712,0.01744931936264038,0.1079033613204956,-0.030385524034500122,0.149944007396698,-0.15494537353515625,0.1771146059036255,-0.03395155072212219,0.14136523008346558,-0.002729356288909912,0.1179431676864624,-0.0423530638217926,FIST
0.0,0.0,-0.0011142492294311523,0.042326539754867554,0.047374606132507324,0.0644054114818573,0.11775463819503784,0.09044459462165833,0.1779003143310547,0.07813897728919983,0.09247422218322754,-0.167870432138443,0.16913992166519165,-0.02594524621963501,0.12892061471939087,0.024529367685317993,0.10072165727615356,-0.006106525659561157,0.11540061235427856,-0.16932329535484314,0.17892193794250488,-0.01463097333908081,0.12550073862075806,0.02388054132461548,0.0963091254234314,-0.021713942289352417,0.13050830364227295,-0.1546315848827362,0.17760592699050903,-0.012716948986053467,0.1266613006591797,0.026432842016220093,0.10280781984329224,-0.02054041624069214,0.14097607135772705,-0.1306418478488922,0.1678125262260437,-0.024334818124771118,0.13436979055404663,0.007839411497116089,0.11240607500076294,-0.028110861778259277,FIST
0.0,0.0,-0.0021924376487731934,0.029260456562042236,0.04521512985229492,0.04235982894897461,0.1174776554107666,0.06440740823745728,0.17764562368392944,0.05545073747634888,0.08919638395309448,-0.19672226905822754,0.1702854037284851,-0.05742231011390686,0.13130050897598267,-0.0028313398361206055,0.10020369291305542,-0.029944181442260742,0.11605328321456909,-0.2002887725830078,0.17997515201568604,-0.04081261157989502,0.12751132249832153,0.003991633653640747,0.09707427024841309,-0.03886646032333374,0.13260823488235474,-0.18223053216934204,0.1819554567337036,-0.03914335370063782,0.13325071334838867,0.005512505769729614,0.10832130908966064,-0.037507474422454834,0.14354777336120605,-0.1516052484512329,0.17440277338027954,-0.04951968789100647,0.14146149158477783,-0.01637616753578186,0.11859071254730225,-0.05108058452606201,FIST
0.0,0.0,-0.010083436965942383,0.02421855926513672,0.03328573703765869,0.03526023030281067,0.10420030355453491,0.056742578744888306,0.16380077600479126,0.048290103673934937,0.07544636726379395,-0.19625136256217957,0.1578250527381897,-0.06045478582382202,0.12183600664138794,-0.004473984241485596,0.09157925844192505,-0.032288938760757446,0.10547506809234619,-0.20438173413276672,0.16808772087097168,-0.0453353226184845,0.11645364761352539,0.001148313283920288,0.08611708879470825,-0.0437546968460083,0.12450462579727173,-0.1878547966480255,0.17048102617263794,-0.04465785622596741,0.12164628505706787,0.0006551146507263184,0.09723997116088867,-0.044222086668014526,0.13691496849060059,-0.16014155745506287,0.16452068090438843,-0.054840803146362305,0.1308385133743286,-0.020003408193588257,0.1099589467048645,-0.056321799755096436,FIST
0.0,0.0,-0.007632791996002197,0.01838141679763794,0.02849477529525757,0.014344751834869385,0.09752792119979858,0.025853455066680908,0.1558179259300232,0.02096003293991089,0.06184571981430054,-0.23446446657180786,0.14405447244644165,-0.09583461284637451,0.11155682802200317,-0.03717339038848877,0.08137112855911255,-0.0627545714378357,0.09277993440628052,-0.24845169484615326,0.162469744682312,-0.08361154794692993,0.11469799280166626,-0.02548903226852417,0.0825616717338562,-0.0661211609840393,0.11426246166229248,-0.231070876121521,0.16890454292297363,-0.08073404431343079,0.12487620115280151,-0.025844871997833252,0.0967787504196167,-0.06581953167915344,0.12875467538833618,-0.19592779874801636,0.16220659017562866,-0.08438980579376221,0.1315438151359558,-0.04247945547103882,0.1073952317237854,-0.07552123069763184,FIST
0.0,0.0,-0.013604938983917236,0.012771189212799072,0.01803576946258545,0.005011260509490967,0.08669823408126831,0.023390233516693115,0.14343422651290894,0.017803490161895752,0.05613112449645996,-0.24483370780944824,0.13617169857025146,-0.10505405068397522,0.10744202136993408,-0.047944217920303345,0.07998931407928467,-0.07775282859802246,0.08959007263183594,-0.25173115730285645,0.15572911500930786,-0.09008616209030151,0.10664784908294678,-0.030454576015472412,0.07541412115097046,-0.07782000303268433,0.11352527141571045,-0.23174336552619934,0.16545158624649048,-0.08592268824577332,0.12088418006896973,-0.030327677726745605,0.09432822465896606,-0.07409483194351196,0.1292760968208313,-0.19610515236854553,0.16250640153884888,-0.08912381529808044,0.13257735967636108,-0.04851621389389038,0.10856479406356812,-0.08060374855995178,FIST
0.0,0.0,-0.024136662483215332,0.008978068828582764,-0.0070539116859436035,-0.0019670724868774414,0.060450851917266846,0.018470466136932373,0.11362433433532715,0.013815999031066895,0.030681490898132324,-0.26175475120544434,0.09717690944671631,-0.11609828472137451,0.06894683837890625,-0.06041333079338074,0.04454803466796875,-0.09628885984420776,0.07150512933731079,-0.2673630714416504,0.12355422973632812,-0.10230615735054016,0.07960706949234009,-0.03945344686508179,0.054979681968688965,-0.09176608920097351,0.10301554203033447,-0.24490204453468323,0.14662456512451172,-0.09596312046051025,0.10641801357269287,-0.04285338521003723,0.08182239532470703,-0.08710446953773499,0.12471640110015869,-0.2014748454093933,0.1526753306388855,-0.10085400938987732,0.12422168254852295,-0.05918577313423157,0.10090833902359009,-0.08334997296333313,FIST
0.0,0.0,-0.06106621026992798,0.024039089679718018,-0.09066212177276611,0.01003575325012207,-0.0808420181274414,0.009160339832305908,-0.06001943349838257,-0.008871495723724365,-0.026810407638549805,-0.18505465984344482,0.019240260124206543,-0.00638154149055481,-0.013221383094787598,0.030692219734191895,-0.03227567672729492,-0.009103387594223022,0.02271103858947754,-0.19388625025749207,0.05405998229980469,-0.002181112766265869,0.012337088584899902,0.02485978603363037,-0.0039193034172058105,-0.019013822078704834,0.05832839012145996,-0.17444005608558655,0.0789298415184021,0.004973232746124268,0.04178571701049805,0.020180165767669678,0.029462814331054688,-0.0271834135055542,0.08134722709655762,-0.1420341432094574,0.09287863969802856,-0.00860452651977539,0.0675201416015625,0.014095962047576904,0.05404341220855713,-0.01558569073677063,FIST
0.0,0.0,-0.059380292892456055,0.021197855472564697,-0.0860593318939209,0.01694279909133911,-0.054289400577545166,0.057560861110687256,-0.007652461528778076,0.07585442066192627,-0.035856425762176514,-0.20250636339187622,0.0012448430061340332,-0.024174988269805908,-0.02931845188140869,0.01862335205078125,-0.04548579454421997,-0.015187561511993408,0.018905222415924072,-0.2109035849571228,0.04149317741394043,-0.012331128120422363,0.0036954879760742188,0.01565098762512207,-0.010293364524841309,-0.037182003259658813,0.05981087684631348,-0.1896880865097046,0.07156157493591309,-0.0013954639434814453,0.035951077938079834,0.011335432529449463,0.023198485374450684,-0.047508955001831055,0.08757144212722778,-0.156121164560318,0.09026902914047241,-0.019337892532348633,0.06135368347167969,0.0033307671546936035,0.04638111591339111,-0.03113839030265808,FIST
0.0,0.0,-0.05955904722213745,0.018704652786254883,-0.10007008910179138,0.024225473403930664,-0.0853213369846344,0.08114242553710938,-0.04262059926986694,0.11004722118377686,-0.03572148084640503,-0.16324633359909058,-0.026321470737457275,0.025278806686401367,-0.044026076793670654,0.03800016641616821,-0.0490947961807251,-0.004651099443435669,0.027768969535827637,-0.16286838054656982,0.01858729124069214,0.062349796295166016,-0.003855764865875244,0.05197840929031372,-0.009367167949676514,-0.01523694396018982,0.07410526275634766,-0.1349787712097168,0.05508941411972046,0.06788736581802368,0.03464895486831665,0.04615265130996704,0.03254729509353638,-0.02237561345100403,0.10367435216903687,-0.09984689950942993,0.08601492643356323,0.041575610637664795,0.06937217712402344,0.035268962383270264,0.0666303038597107,-0.013925284147262573,FIST
0.0,0.0,-0.05652189254760742,0.0009735822677612305,-0.10199016332626343,-0.0010418295860290527,-0.08751365542411804,0.05789482593536377,-0.03690052032470703,0.10170626640319824,-0.03671371936798096,-0.19475263357162476,-0.0541951060295105,-0.01892802119255066,-0.06464529037475586,-0.010175585746765137,-0.06003296375274658,-0.05033496022224426,0.021598756313323975,-0.17688438296318054,-0.006229221820831299,0.03422534465789795,-0.0207291841506958,0.012624382972717285,-0.01877462863922119,-0.05431866645812988,0.06606388092041016,-0.13382238149642944,0.03306466341018677,0.05938565731048584,0.017679989337921143,0.027159273624420166,0.020015060901641846,-0.041374802589416504,0.09716320037841797,-0.08241888880729675,0.0682477355003357,0.045244693756103516,0.05333149433135986,0.02279132604598999,0.05374187231063843,-0.030762672424316406,FIST
0.0,0.0,-0.052133381366729736,-8.755922317504883e-05,-0.100472092628479,0.0017567574977874756,-0.0988224446773529,0.056896477937698364,-0.0588279664516449,0.08955660462379456,-0.04542261362075806,-0.18955805897712708,-0.07008227705955505,-0.007140398025512695,-0.07718265056610107,0.011461108922958374,-0.0716710090637207,-0.02507910132408142,0.015577614307403564,-0.17365366220474243,-0.018275201320648193,0.05519422888755798,-0.03382277488708496,0.03783801198005676,-0.0349082350730896,-0.026687175035476685,0.06525743007659912,-0.1277247667312622,0.026297688484191895,0.07520595192909241,0.012738168239593506,0.042994409799575806,0.016007184982299805,-0.023992300033569336,0.10124117136001587,-0.07354557514190674,0.0678485631942749,0.05846241116523743,0.051404476165771484,0.040542930364608765,0.051863133907318115,-0.007552593946456909,FIST
0.0,0.0,-0.05038738250732422,0.0003941357135772705,-0.09928113222122192,0.00962972640991211,-0.09735226631164551,0.06014055013656616,-0.05709981918334961,0.08789122104644775,-0.06101590394973755,-0.19067174196243286,-0.08985030651092529,-0.015766829252243042,-0.09127750992774963,0.007813870906829834,-0.0851193368434906,-0.02831244468688965,-0.001323103904724121,-0.17576777935028076,-0.035791635513305664,0.05192667245864868,-0.044527649879455566,0.039880573749542236,-0.04371136426925659,-0.027146875858306885,0.04996824264526367,-0.13168731331825256,0.011664807796478271,0.07217061519622803,0.0039522647857666016,0.042587995529174805,0.009238839149475098,-0.027623146772384644,0.08858060836791992,-0.07824519276618958,0.05494260787963867,0.060640931129455566,0.04490560293197632,0.04114645719528198,0.05124574899673462,-0.015541017055511475,FIST
0.0,0.0,-0.0478670597076416,-0.0082874596118927,-0.09448608756065369,-0.0045122504234313965,-0.10356563329696655,0.04549598693847656,-0.08112853765487671,0.08507883548736572,-0.0631277859210968,-0.188866525888443,-0.08896812796592712,-0.0071961283683776855,-0.08907681703567505,0.03716707229614258,-0.08443230390548706,0.009281575679779053,-0.0016947388648986816,-0.17308947443962097,-0.03347092866897583,0.055818140506744385,-0.047968506813049316,0.05968278646469116,-0.05115047097206116,-0.00034928321838378906,0.05103224515914917,-0.12753933668136597,0.015172302722930908,0.0761767029762268,0.0015580058097839355,0.056172072887420654,0.003837764263153076,-0.010382205247879028,0.09038025140762329,-0.07389575242996216,0.058114707469940186,0.06667053699493408,0.04504382610321045,0.05578768253326416,0.04970884323120117,0.004316061735153198,FIST
0.0,0.0,-0.0564940869808197,-0.01106107234954834,-0.11149433255195618,-0.012433648109436035,-0.13327133655548096,0.035486459732055664,-0.1167711615562439,0.08408999443054199,-0.07400315999984741,-0.18470776081085205,-0.11355307698249817,0.006848156452178955,-0.10310617089271545,0.06211668252944946,-0.0866037905216217,0.04116934537887573,-0.011991679668426514,-0.17038831114768982,-0.05862987041473389,0.06232142448425293,-0.05782637000083923,0.062100231647491455,-0.04927051067352295,0.0037516355514526367,0.040134549140930176,-0.12357386946678162,-0.012043237686157227,0.08334779739379883,-0.01568138599395752,0.06284046173095703,-0.006536662578582764,0.0030980706214904785,0.0787123441696167,-0.07099911570549011,0.03428995609283447,0.07365715503692627,0.02865159511566162,0.06403005123138428,0.03815162181854248,0.019605666399002075,FIST
0.0,0.0,-0.05432605743408203,-0.014259546995162964,-0.10488313436508179,-0.013951122760772705,-0.12707635760307312,0.03114306926727295,-0.1182723343372345,0.08328473567962646,-0.08010363578796387,-0.20705237984657288,-0.11981219053268433,-0.024488747119903564,-0.11181265115737915,0.03590035438537598,-0.100741446018219,0.019933432340621948,-0.020404934883117676,-0.19240349531173706,-0.0631931722164154,0.02288573980331421,-0.06243649125099182,0.03831857442855835,-0.05544954538345337,-0.012474030256271362,0.031657636165618896,-0.14581447839736938,-0.013270795345306396,0.04767727851867676,-0.017071545124053955,0.04316413402557373,-0.008910119533538818,-0.010536879301071167,0.07159459590911865,-0.09170582890510559,0.035722196102142334,0.0425335168838501,0.030157864093780518,0.04528975486755371,0.03957176208496094,0.007567614316940308,FIST
0.0,0.0,-0.053037285804748535,-0.014974117279052734,-0.1042926013469696,-0.01512560248374939,-0.12410116195678711,0.03084510564804077,-0.10752800107002258,0.07961690425872803,-0.07767394185066223,-0.2115287184715271,-0.11683204770088196,-0.027191162109375,-0.10328036546707153,0.041837334632873535,-0.08663386106491089,0.0363653302192688,-0.017452597618103027,-0.20048123598098755,-0.0621761679649353,0.01910078525543213,-0.05768263339996338,0.040138959884643555,-0.047354817390441895,-0.009744971990585327,0.03500264883041382,-0.15506064891815186,-0.010546386241912842,0.04454469680786133,-0.013872265815734863,0.042958199977874756,-0.0056386590003967285,-0.011184841394424438,0.07564020156860352,-0.10054269433021545,0.03881096839904785,0.039673686027526855,0.03321564197540283,0.041732609272003174,0.041985929012298584,-0.00015348196029663086,FIST
0.0,0.0,-0.05354642868041992,-0.013422876596450806,-0.1036514937877655,-0.01874995231628418,-0.12554875016212463,0.013409733772277832,-0.11293679475784302,0.046127498149871826,-0.07937073707580566,-0.23195958137512207,-0.1174146831035614,-0.058275043964385986,-0.10793882608413696,0.009415268898010254,-0.09466820955276489,-0.004829674959182739,-0.0203741192817688,-0.22242766618728638,-0.06355589628219604,-0.016711771488189697,-0.06156754493713379,0.018055379390716553,-0.05308735370635986,-0.02823883295059204,0.03128582239151001,-0.17854145169258118,-0.012647390365600586,0.011703789234161377,-0.0165749192237854,0.028909921646118164,-0.009525179862976074,-0.01775231957435608,0.07187944650650024,-0.12423843145370483,0.03626406192779541,0.013859391212463379,0.03025650978088379,0.028328657150268555,0.03763079643249512,-0.009286642074584961,FIST
0.0,0.0,-0.055928051471710205,-0.022355616092681885,-0.10530897974967957,-0.03939932584762573,-0.12491399049758911,-0.02089601755142212,-0.09641006588935852,0.009487450122833252,-0.084292471408844,-0.27408820390701294,-0.12309882044792175,-0.11281639337539673,-0.10742339491844177,-0.046638309955596924,-0.089499831199646,-0.07058730721473694,-0.027577519416809082,-0.266130268573761,-0.07274520397186279,-0.0789257287979126,-0.06642717123031616,-0.029095947742462158,-0.056323230266571045,-0.0747992992401123,0.02348119020462036,-0.2213783860206604,-0.019876599311828613,-0.047640085220336914,-0.022391676902770996,-0.0074675679206848145,-0.01371753215789795,-0.04739460349082947,0.06499677896499634,-0.16341927647590637,0.029975175857543945,-0.028226137161254883,0.023419439792633057,0.003865659236907959,0.03102165460586548,-0.028246283531188965,FIST
0.0,0.0,-0.06245070695877075,-0.024222135543823242,-0.11636370420455933,-0.05394071340560913,-0.14493796229362488,-0.06508290767669678,-0.1220141053199768,-0.06511318683624268,-0.09577193856239319,-0.32466694712638855,-0.1382662057876587,-0.1859724521636963,-0.11977383494377136,-0.12231448292732239,-0.10015416145324707,-0.15272557735443115,-0.04295080900192261,-0.32443180680274963,-0.08698627352714539,-0.1650424599647522,-0.0778535008430481,-0.10477039217948914,-0.06808316707611084,-0.15041959285736084,0.006693124771118164,-0.28438061475753784,-0.034578144550323486,-0.12969613075256348,-0.03217053413391113,-0.07810133695602417,-0.021822869777679443,-0.11657673120498657,0.048095762729644775,-0.2288316786289215,0.016076505184173584,-0.10427632927894592,0.013092100620269775,-0.06348252296447754,0.021784961223602295,-0.09470003843307495,FIST
0.0,0.0,-0.06483513116836548,-0.02346944808959961,-0.11944085359573364,-0.05520737171173096,-0.14383938908576965,-0.06315326690673828,-0.10512912273406982,-0.059174954891204834,-0.09238600730895996,-0.3215598464012146,-0.13688254356384277,-0.19086039066314697,-0.11813881993293762,-0.12424790859222412,-0.09796452522277832,-0.15234211087226868,-0.03907287120819092,-0.3214162439107895,-0.08586713671684265,-0.16942474246025085,-0.07615387439727783,-0.10385847091674805,-0.06484991312026978,-0.14692628383636475,0.010682642459869385,-0.28003835678100586,-0.032125651836395264,-0.13006377220153809,-0.03098750114440918,-0.07558923959732056,-0.019716620445251465,-0.11468705534934998,0.05269664525985718,-0.2236190140247345,0.01910114288330078,-0.10052937269210815,0.01462024450302124,-0.05823230743408203,0.02366483211517334,-0.08840823173522949,FIST
0.0,0.0,-0.06595754623413086,-0.02517610788345337,-0.12021040916442871,-0.061968445777893066,-0.1401943564414978,-0.07261952757835388,-0.09793347120285034,-0.07027393579483032,-0.09086379408836365,-0.33432459831237793,-0.1371486485004425,-0.2095441222190857,-0.11896181106567383,-0.134626567363739,-0.09791141748428345,-0.1581207513809204,-0.038040220737457275,-0.3374336212873459,-0.08570387959480286,-0.1948205530643463,-0.07723069190979004,-0.11791545152664185,-0.06600600481033325,-0.15324154496192932,0.011112868785858154,-0.29787003993988037,-0.03235810995101929,-0.15700393915176392,-0.03229409456253052,-0.09250351786613464,-0.02186262607574463,-0.1250261664390564,0.05338484048843384,-0.2426995038986206,0.01959294080734253,-0.12573543190956116,0.013297736644744873,-0.07565146684646606,0.02090299129486084,-0.100597083568573,FIST
0.0,0.0,-0.06970846652984619,-0.0268896222114563,-0.12990128993988037,-0.0807076096534729,-0.14404091238975525,-0.11443367600440979,-0.09308654069900513,-0.1191859245300293,-0.09517061710357666,-0.3437822014093399,-0.14038583636283875,-0.24839085340499878,-0.12239092588424683,-0.16526299715042114,-0.10257229208946228,-0.18108603358268738,-0.0455096960067749,-0.356598436832428,-0.09110769629478455,-0.23319828510284424,-0.08022022247314453,-0.14637696743011475,-0.06822460889816284,-0.17304721474647522,0.0031061768531799316,-0.325909286737442,-0.0366097092628479,-0.1983948051929474,-0.035278916358947754,-0.1247490644454956,-0.026704788208007812,-0.15027588605880737,0.047940850257873535,-0.2778928279876709,0.014596343040466309,-0.17473554611206055,0.009520471096038818,-0.11846530437469482,0.015749871730804443,-0.13557130098342896,FIST
0.0,0.0,-0.07073158025741577,-0.03278416395187378,-0.13479536771774292,-0.10201025009155273,-0.14747002720832825,-0.14601364731788635,-0.09594017267227173,-0.14034327864646912,-0.09285402297973633,-0.3571835309267044,-0.14095789194107056,-0.2772964537143707,-0.12280482053756714,-0.19127759337425232,-0.10180515050888062,-0.20523488521575928,-0.04486536979675293,-0.37146472930908203,-0.09059342741966248,-0.2632574141025543,-0.08056193590164185,-0.1731458306312561,-0.06839257478713989,-0.19639071822166443,0.002405524253845215,-0.34170687198638916,-0.03654378652572632,-0.22559350728988647,-0.03518187999725342,-0.1476658582687378,-0.025165915489196777,-0.17009228467941284,0.04724323749542236,-0.2947681248188019,0.015241622924804688,-0.20229151844978333,0.00913858413696289,-0.141421377658844,0.015052556991577148,-0.15246045589447021,FIST
0.0,0.0,-0.0707826018333435,-0.034166574478149414,-0.14001858234405518,-0.12045657634735107,-0.15654733777046204,-0.18616294860839844,-0.10135310888290405,-0.190598726272583,-0.09536311030387878,-0.36637502908706665,-0.14235401153564453,-0.30831173062324524,-0.1233578622341156,-0.21399694681167603,-0.1030701994895935,-0.22747349739074707,-0.04765230417251587,-0.38792069256305695,-0.09281277656555176,-0.3003195524215698,-0.08118849992752075,-0.196566641330719,-0.06893998384475708,-0.22104036808013916,-0.000789344310760498,-0.36462125182151794,-0.03832191228866577,-0.2590196132659912,-0.03560757637023926,-0.1715078353881836,-0.02560293674468994,-0.19688504934310913,0.044653892517089844,-0.3231050670146942,0.013978719711303711,-0.23513856530189514,0.01040416955947876,-0.17153537273406982,0.016474366188049316,-0.18610519170761108,FIST
0.0,0.0,-0.07328838109970093,-0.035170793533325195,-0.14359501004219055,-0.12149190902709961,-0.15757280588150024,-0.19104164838790894,-0.10303011536598206,-0.20119795203208923,-0.09462016820907593,-0.3652232885360718,-0.14371159672737122,-0.3182111382484436,-0.1263175904750824,-0.22326019406318665,-0.10592153668403625,-0.23331421613693237,-0.04735100269317627,-0.3884935975074768,-0.09430873394012451,-0.3102911114692688,-0.08380699157714844,-0.20558172464370728,-0.0705837607383728,-0.22827792167663574,-0.0014483928680419922,-0.36821413040161133,-0.041099369525909424,-0.2696455419063568,-0.03956186771392822,-0.17932474613189697,-0.02862471342086792,-0.20280763506889343,0.043204426765441895,-0.3283895254135132,0.011255919933319092,-0.24595001339912415,0.005926012992858887,-0.18020907044410706,0.012081682682037354,-0.19114315509796143,FIST
0.0,0.0,-0.07273209095001221,-0.03769952058792114,-0.14512550830841064,-0.1334870457649231,-0.1559659242630005,-0.20791304111480713,-0.09616446495056152,-0.22173523902893066,-0.09858796000480652,-0.3711288869380951,-0.14782992005348206,-0.3285907208919525,-0.12815997004508972,-0.22897464036941528,-0.10693931579589844,-0.23984572291374207,-0.05167192220687866,-0.39669565856456757,-0.09642398357391357,-0.3299384117126465,-0.0824413001537323,-0.2201451063156128,-0.0672297477722168,-0.24380993843078613,-0.005068004131317139,-0.379044771194458,-0.04211735725402832,-0.2968750596046448,-0.03755319118499756,-0.19993361830711365,-0.024673163890838623,-0.2229747474193573,0.04110497236251831,-0.34100058674812317,0.011319160461425781,-0.2706020772457123,0.006744205951690674,-0.20089289546012878,0.013645946979522705,-0.21003195643424988,FIST
0.0,0.0,-0.0704391598701477,-0.03637528419494629,-0.14386844635009766,-0.1406095027923584,-0.15542763471603394,-0.22658762335777283,-0.09844008088111877,-0.24899885058403015,-0.103293776512146,-0.3640187382698059,-0.14588400721549988,-0.34768643975257874,-0.12705957889556885,-0.2416113018989563,-0.10575667023658752,-0.24897024035453796,-0.057139575481414795,-0.3874623775482178,-0.0914182960987091,-0.35505902767181396,-0.0786658525466919,-0.23297101259231567,-0.06267809867858887,-0.24991118907928467,-0.010206937789916992,-0.37473025918006897,-0.03833484649658203,-0.33129754662513733,-0.035539448261260986,-0.2197277545928955,-0.022496402263641357,-0.2354086935520172,0.038593292236328125,-0.34389761090278625,0.011985182762145996,-0.3141399323940277,0.0055741071701049805,-0.23153981566429138,0.012382984161376953,-0.23083284497261047,FIST
0.0,0.0,-0.06667262315750122,-0.04280894994735718,-0.1394815444946289,-0.14004850387573242,-0.15131598711013794,-0.23461073637008667,-0.09307163953781128,-0.26906612515449524,-0.10437428951263428,-0.32267695665359497,-0.13622638583183289,-0.35385435819625854,-0.12345671653747559,-0.2529872953891754,-0.10765677690505981,-0.241695374250412,-0.05768263339996338,-0.3431518077850342,-0.08706021308898926,-0.3774415850639343,-0.07588964700698853,-0.2486724853515625,-0.06103622913360596,-0.23821991682052612,-0.009999394416809082,-0.34128251671791077,-0.034726858139038086,-0.3521903157234192,-0.030786097049713135,-0.23080089688301086,-0.020829319953918457,-0.22240382432937622,0.04067748785018921,-0.3228563964366913,0.014394879341125488,-0.3279578387737274,0.009560346603393555,-0.24189436435699463,0.014102518558502197,-0.22913974523544312,FIST
0.0,0.0,-0.06680440902709961,-0.04407048225402832,-0.13915786147117615,-0.15169551968574524,-0.14725768566131592,-0.2580485939979553,-0.08844095468521118,-0.2932974696159363,-0.1028088927268982,-0.30454960465431213,-0.1327209770679474,-0.36312735080718994,-0.12251245975494385,-0.26078441739082336,-0.10746178030967712,-0.242458313703537,-0.059925377368927,-0.3201126456260681,-0.08859094977378845,-0.38285189867019653,-0.07969465851783752,-0.25837084650993347,-0.06380248069763184,-0.24499332904815674,-0.01477968692779541,-0.31684398651123047,-0.0395970344543457,-0.3566567599773407,-0.03581893444061279,-0.23535355925559998,-0.022331655025482178,-0.2217475175857544,0.03553670644760132,-0.30197465419769287,0.006019175052642822,-0.3426249325275421,0.002260923385620117,-0.2565321624279022,0.011402010917663574,-0.23402860760688782,FIST
0.0,0.0,-0.0648004412651062,-0.04330319166183472,-0.13650855422019958,-0.13999241590499878,-0.14636707305908203,-0.23771381378173828,-0.08989301323890686,-0.2689477205276489,-0.10265257954597473,-0.30594056844711304,-0.1346752643585205,-0.3519298732280731,-0.12088865041732788,-0.25356724858283997,-0.10402864217758179,-0.2390427589416504,-0.05786997079849243,-0.3231324553489685,-0.08777511119842529,-0.37289828062057495,-0.07710734009742737,-0.2499917447566986,-0.062168776988983154,-0.23890691995620728,-0.012164652347564697,-0.31999966502189636,-0.03694343566894531,-0.3471236526966095,-0.0330355167388916,-0.23057594895362854,-0.0219118595123291,-0.22182098031044006,0.037241339683532715,-0.30426955223083496,0.01058351993560791,-0.3260226249694824,0.005885958671569824,-0.24287903308868408,0.01159888505935669,-0.2279677391052246,FIST
0.0,0.0,-0.06945031881332397,-0.04059094190597534,-0.13765549659729004,-0.14345073699951172,-0.13782501220703125,-0.22590172290802002,-0.07704415917396545,-0.23666152358055115,-0.09457790851593018,-0.3546399176120758,-0.1355353593826294,-0.3540916442871094,-0.11792656779289246,-0.25241923332214355,-0.09710544347763062,-0.25197291374206543,-0.047452330589294434,-0.36804190278053284,-0.08261650800704956,-0.3690803647041321,-0.07224065065383911,-0.2486647069454193,-0.05673736333847046,-0.25061726570129395,-0.0020859241485595703,-0.3530494272708893,-0.02935105562210083,-0.3435750901699066,-0.029692471027374268,-0.2285131812095642,-0.02008587121963501,-0.22583448886871338,0.04325491189956665,-0.32065606117248535,0.02129650115966797,-0.315104603767395,0.0109175443649292,-0.23396465182304382,0.013223469257354736,-0.22284260392189026,FIST
0.0,0.0,-0.08133679628372192,-0.05425441265106201,-0.1436561644077301,-0.1389583945274353,-0.14842259883880615,-0.19226649403572083,-0.0988275408744812,-0.18893849849700928,-0.08519065380096436,-0.3586046099662781,-0.14106199145317078,-0.35426926612854004,-0.12603437900543213,-0.25191086530685425,-0.1071825623512268,-0.24156734347343445,-0.03874313831329346,-0.36578845977783203,-0.0924077033996582,-0.35301485657691956,-0.08658730983734131,-0.24433687329292297,-0.06853961944580078,-0.2466767132282257,0.006547212600708008,-0.33734261989593506,-0.03586465120315552,-0.33845871686935425,-0.043365478515625,-0.23250821232795715,-0.029288172721862793,-0.22145137190818787,0.04639017581939697,-0.29074743390083313,0.01657038927078247,-0.2969873547554016,-0.0025215744972229004,-0.22359499335289001,0.0036221742630004883,-0.20629337430000305,FIST
0.0,0.0,-0.06786870956420898,-0.03722798824310303,-0.12210139632225037,-0.10146984457969666,-0.12570428848266602,-0.11312282085418701,-0.07604175806045532,-0.09553831815719604,-0.08509284257888794,-0.3378514349460602,-0.13010168075561523,-0.2965244948863983,-0.11519625782966614,-0.19392457604408264,-0.09636744856834412,-0.19265258312225342,-0.03293120861053467,-0.3549460917711258,-0.08102279901504517,-0.29382556676864624,-0.07629638910293579,-0.18204662203788757,-0.05967855453491211,-0.19715523719787598,0.015085697174072266,-0.3174198269844055,-0.022673606872558594,-0.2417616844177246,-0.03000539541244507,-0.14814940094947815,-0.016707777976989746,-0.16789913177490234,0.05565309524536133,-0.2630791962146759,0.026688873767852783,-0.1914498209953308,0.011188268661499023,-0.13112330436706543,0.017690598964691162,-0.14504164457321167,FIST
0.0,0.0,-0.06303989887237549,-0.03351348638534546,-0.11789846420288086,-0.085700124502182,-0.1549701690673828,-0.10760271549224854,-0.16945916414260864,-0.11850243806838989,-0.09426966309547424,-0.3254895806312561,-0.13506513833999634,-0.2537256181240082,-0.11585474014282227,-0.16188660264015198,-0.09735304117202759,-0.16101637482643127,-0.041179001331329346,-0.345794141292572,-0.08370202779769897,-0.2540835738182068,-0.07482153177261353,-0.15080606937408447,-0.06050562858581543,-0.1673235297203064,0.009135961532592773,-0.3122099041938782,-0.022411882877349854,-0.2169894576072693,-0.027240216732025146,-0.12886065244674683,-0.01707357168197632,-0.14782679080963135,0.051688432693481445,-0.2609404921531677,0.0294344425201416,-0.18047013878822327,0.015963077545166016,-0.11997142434120178,0.019940495491027832,-0.13174599409103394,FIST
0.0,0.0,-0.06806397438049316,-0.03137004375457764,-0.12709030508995056,-0.07243531942367554,-0.16289430856704712,-0.08543100953102112,-0.16045090556144714,-0.10782128572463989,-0.09684330224990845,-0.32491636276245117,-0.14163810014724731,-0.23258185386657715,-0.11921250820159912,-0.1400914490222931,-0.09752792119979858,-0.14278247952461243,-0.043811142444610596,-0.33969104290008545,-0.0899171531200409,-0.2265905737876892,-0.07811170816421509,-0.12854796648025513,-0.06226909160614014,-0.15130016207695007,0.005803167819976807,-0.3038744330406189,-0.030713200569152832,-0.19062712788581848,-0.0334700345993042,-0.1058659553527832,-0.021146833896636963,-0.1281772255897522,0.047513365745544434,-0.2510296106338501,0.021482765674591064,-0.15479663014411926,0.007856249809265137,-0.09499752521514893,0.012902975082397461,-0.11047825217247009,FIST
0.0,0.0,-0.06253927946090698,-0.015204071998596191,-0.11158865690231323,-0.0554729700088501,-0.1177721619606018,-0.04995882511138916,-0.07491898536682129,-0.042007386684417725,-0.08665162324905396,-0.30697396397590637,-0.12868160009384155,-0.20718029141426086,-0.10899779200553894,-0.12097042798995972,-0.08745622634887695,-0.13390660285949707,-0.03220874071121216,-0.3195558786392212,-0.07433760166168213,-0.1988333761692047,-0.06680184602737427,-0.10788959264755249,-0.05225551128387451,-0.13875392079353333,0.016790151596069336,-0.28170546889305115,-0.018047213554382324,-0.15939900279045105,-0.02367478609085083,-0.08435916900634766,-0.011606931686401367,-0.11259421706199646,0.057232558727264404,-0.2279854118824005,0.031903982162475586,-0.1228131651878357,0.01923060417175293,-0.07030731439590454,0.02499687671661377,-0.08868709206581116,FIST
0.0,0.0,-0.06098657846450806,-0.010884523391723633,-0.10522094368934631,-0.050560444593429565,-0.12548762559890747,-0.058476805686950684,-0.114254891872406,-0.06228715181350708,-0.08178001642227173,-0.30011531710624695,-0.12891438603401184,-0.1873682141304016,-0.11066776514053345,-0.11120343208312988,-0.08810156583786011,-0.1303005814552307,-0.028987884521484375,-0.3078130781650543,-0.07608485221862793,-0.17714041471481323,-0.0689849853515625,-0.09405028820037842,-0.0516359806060791,-0.1280510127544403,0.017045974731445312,-0.2660335302352905,-0.021863818168640137,-0.13846644759178162,-0.026985883712768555,-0.07424700260162354,-0.011232137680053711,-0.10720416903495789,0.05298328399658203,-0.21080508828163147,0.026808202266693115,-0.10349801182746887,0.016412675380706787,-0.058233678340911865,0.026857495307922363,-0.08216044306755066,FIST
0.0,0.0,-0.05931919813156128,-0.01467984914779663,-0.10660946369171143,-0.06202608346939087,-0.12177005410194397,-0.07131531834602356,-0.10400459170341492,-0.06384602189064026,-0.08299699425697327,-0.30977652966976166,-0.12220519781112671,-0.21759432554244995,-0.10575628280639648,-0.13233458995819092,-0.086891770362854,-0.13575544953346252,-0.029582858085632324,-0.32297420501708984,-0.06699508428573608,-0.2101302146911621,-0.06180274486541748,-0.12228408455848694,-0.0497012734413147,-0.1426333487033844,0.01830291748046875,-0.28537285327911377,-0.011521518230438232,-0.1690877079963684,-0.01913553476333618,-0.09837335348129272,-0.011955022811889648,-0.12177920341491699,0.05762249231338501,-0.23242199420928955,0.03593587875366211,-0.12905234098434448,0.025301337242126465,-0.07672664523124695,0.030146539211273193,-0.09521421790122986,FIST
0.0,0.0,-0.07165408134460449,-0.04811561107635498,-0.11671745777130127,-0.13468533754348755,-0.10374471545219421,-0.14292806386947632,-0.05554330348968506,-0.11277899146080017,-0.08274352550506592,-0.3457612097263336,-0.12653446197509766,-0.31669700145721436,-0.11092612147331238,-0.21655896306037903,-0.09062373638153076,-0.22163602709770203,-0.03218752145767212,-0.36737287044525146,-0.07830405235290527,-0.32020872831344604,-0.07418543100357056,-0.2195177674293518,-0.059092581272125244,-0.23634934425354004,0.012475907802581787,-0.3348143696784973,-0.027619898319244385,-0.26556798815727234,-0.034029364585876465,-0.18124496936798096,-0.023708999156951904,-0.20015692710876465,0.04749345779418945,-0.28648847341537476,0.013562262058258057,-0.20445150136947632,0.006830573081970215,-0.15447062253952026,0.017288029193878174,-0.17594751715660095,FIST
0.0,0.0,-0.07285422086715698,-0.05264812707901001,-0.12961798906326294,-0.16323065757751465,-0.106342613697052,-0.2190602421760559,-0.03460270166397095,-0.19334828853607178,-0.0894782543182373,-0.331184446811676,-0.1294267773628235,-0.37492771446704865,-0.12146791815757751,-0.27459952235221863,-0.10313206911087036,-0.25429102778434753,-0.04390329122543335,-0.34706175327301025,-0.08149003982543945,-0.39122191071510315,-0.08170938491821289,-0.28263843059539795,-0.064444899559021,-0.2724689543247223,-0.0010094046592712402,-0.33299520611763,-0.03251069784164429,-0.3530018925666809,-0.039565086364746094,-0.25081875920295715,-0.02523636817932129,-0.24131470918655396,0.041223883628845215,-0.3007628619670868,0.008769035339355469,-0.29852452874183655,-0.0037971138954162598,-0.22702673077583313,0.005910158157348633,-0.21257764101028442,FIST
0.0,0.0,-0.07301396131515503,-0.05674242973327637,-0.1313718557357788,-0.1632610559463501,-0.10734549164772034,-0.2303914725780487,-0.03415554761886597,-0.22124171257019043,-0.09872937202453613,-0.3147776126861572,-0.1339471936225891,-0.38189297914505005,-0.12432819604873657,-0.28802070021629333,-0.1068730354309082,-0.2566009759902954,-0.053718507289886475,-0.3341387212276459,-0.08622300624847412,-0.40426434576511383,-0.08328503370285034,-0.2979417145252228,-0.06667178869247437,-0.27405163645744324,-0.009274005889892578,-0.32719480991363525,-0.035890936851501465,-0.3660276532173157,-0.04071706533432007,-0.26514866948127747,-0.028879880905151367,-0.24680599570274353,0.036066293716430664,-0.3025810420513153,0.008162319660186768,-0.31698572635650635,-0.004061996936798096,-0.24688661098480225,0.002840101718902588,-0.22682228684425354,FIST
0.0,0.0,-0.07431608438491821,-0.05621606111526489,-0.13526687026023865,-0.17035433650016785,-0.10943365097045898,-0.24280905723571777,-0.034297049045562744,-0.23135340213775635,-0.09844934940338135,-0.322494238615036,-0.13209959864616394,-0.38690075278282166,-0.12589210271835327,-0.29267367720603943,-0.10849869251251221,-0.2581184506416321,-0.05304080247879028,-0.34065699577331543,-0.08405089378356934,-0.4118073284626007,-0.08317852020263672,-0.30189040303230286,-0.06563258171081543,-0.2770864963531494,-0.00861358642578125,-0.3343055248260498,-0.033814191818237305,-0.36945009231567383,-0.03992760181427002,-0.2658258080482483,-0.02793782949447632,-0.25089970231056213,0.036446452140808105,-0.31289342045783997,0.009447991847991943,-0.32715675234794617,-0.0034202933311462402,-0.25344204902648926,0.0036487579345703125,-0.23738333582878113,FIST
0.0,0.0,-0.07372325658798218,-0.058425188064575195,-0.1345074474811554,-0.164750874042511,-0.11482083797454834,-0.23693254590034485,-0.042933762073516846,-0.2301797866821289,-0.10598641633987427,-0.3106873035430908,-0.13889813423156738,-0.3907322287559509,-0.12918558716773987,-0.30422303080558777,-0.1125527024269104,-0.2621586322784424,-0.06081128120422363,-0.33170974254608154,-0.08974891901016235,-0.4161420464515686,-0.08535599708557129,-0.3134128451347351,-0.07025903463363647,-0.27386143803596497,-0.015079855918884277,-0.32825762033462524,-0.03805571794509888,-0.38180217146873474,-0.0412408709526062,-0.2808693051338196,-0.03164452314376831,-0.24721944332122803,0.03243535757064819,-0.3061135411262512,0.010406076908111572,-0.3343488574028015,-0.001735389232635498,-0.2621817886829376,0.0017284750938415527,-0.2305702567100525,FIST
0.0,0.0,-0.07302314043045044,-0.05379682779312134,-0.1374465823173523,-0.16506654024124146,-0.11728733777999878,-0.2369450330734253,-0.04417157173156738,-0.2277301549911499,-0.11063295602798462,-0.3135226368904114,-0.1436397135257721,-0.38468319177627563,-0.13455352187156677,-0.287550687789917,-0.11804193258285522,-0.25225749611854553,-0.06504476070404053,-0.33637022972106934,-0.09647184610366821,-0.41233590245246887,-0.09219390153884888,-0.2995029091835022,-0.07604223489761353,-0.2726532816886902,-0.01857978105545044,-0.3336910009384155,-0.04109084606170654,-0.37339574098587036,-0.04392153024673462,-0.2652016580104828,-0.03366661071777344,-0.2440699338912964,0.029685795307159424,-0.3125336766242981,0.007168292999267578,-0.3334616422653198,-0.0028977394104003906,-0.25784391164779663,0.0027388334274291992,-0.2346862256526947,FIST
0.0,0.0,-0.07801312208175659,-0.05296224355697632,-0.14346429705619812,-0.1622835397720337,-0.12362456321716309,-0.2340083122253418,-0.051138877868652344,-0.2251622974872589,-0.11257559061050415,-0.3347490131855011,-0.15504005551338196,-0.3790322542190552,-0.142205148935318,-0.28034430742263794,-0.12117987871170044,-0.2502879202365875,-0.06711143255233765,-0.3567298352718353,-0.11124259233474731,-0.4045867323875427,-0.10450929403305054,-0.29155147075653076,-0.08481866121292114,-0.2704916000366211,-0.021058201789855957,-0.35169103741645813,-0.05723541975021362,-0.3694143295288086,-0.057253897190093994,-0.259175181388855,-0.0425906777381897,-0.24212059378623962,0.02573639154434204,-0.3272726535797119,-0.010255813598632812,-0.32918408513069153,-0.019515156745910645,-0.2474852204322815,-0.009870290756225586,-0.2261148989200592,FIST
0.0,0.0,-0.0814814567565918,-0.05354583263397217,-0.14657795429229736,-0.14204007387161255,-0.14399248361587524,-0.20687299966812134,-0.07879996299743652,-0.20094996690750122,-0.10534679889678955,-0.3608369827270508,-0.16568875312805176,-0.3721020817756653,-0.15328449010849,-0.2726868987083435,-0.13067752122879028,-0.24440443515777588,-0.06404531002044678,-0.376179575920105,-0.12651681900024414,-0.37175965309143066,-0.11679643392562866,-0.26654335856437683,-0.09548032283782959,-0.24875327944755554,-0.022340595722198486,-0.3638933598995209,-0.07923346757888794,-0.3438545763492584,-0.07579082250595093,-0.24068903923034668,-0.056593477725982666,-0.22181487083435059,0.01770615577697754,-0.3296791911125183,-0.03312939405441284,-0.30839231610298157,-0.03905302286148071,-0.22954228520393372,-0.023603618144989014,-0.2049752175807953,FIST
0.0,0.0,-0.0722585916519165,-0.043853819370269775,-0.1373046338558197,-0.11546093225479126,-0.14744776487350464,-0.17493867874145508,-0.09367060661315918,-0.18310481309890747,-0.10310345888137817,-0.3449676036834717,-0.1669442057609558,-0.3376930356025696,-0.15291768312454224,-0.23874062299728394,-0.1294124722480774,-0.2221115529537201,-0.0657842755317688,-0.3588119149208069,-0.13499251008033752,-0.33968210220336914,-0.12238097190856934,-0.23541754484176636,-0.09951287508010864,-0.2226402461528778,-0.028331637382507324,-0.34641000628471375,-0.09245645999908447,-0.31657737493515015,-0.0827600359916687,-0.21509277820587158,-0.06043839454650879,-0.20226892828941345,0.008541285991668701,-0.3120462894439697,-0.04716557264328003,-0.2774171829223633,-0.046166956424713135,-0.20489069819450378,-0.026745915412902832,-0.1909937560558319,FIST
0.0,0.0,-0.06864368915557861,-0.046848297119140625,-0.1310221254825592,-0.11821085214614868,-0.14500641822814941,-0.17777228355407715,-0.09933280944824219,-0.18508866429328918,-0.09193408489227295,-0.33662205934524536,-0.1536881923675537,-0.3355625867843628,-0.1447741985321045,-0.2431662678718567,-0.12238681316375732,-0.21918058395385742,-0.05765116214752197,-0.34775012731552124,-0.12742555141448975,-0.3367500305175781,-0.11980730295181274,-0.237493097782135,-0.09687554836273193,-0.21539241075515747,-0.023554861545562744,-0.335478276014328,-0.08978050947189331,-0.3119184374809265,-0.08333873748779297,-0.2157277762889862,-0.060097694396972656,-0.1928589642047882,0.009056568145751953,-0.30198410153388977,-0.04806375503540039,-0.2756592333316803,-0.04845708608627319,-0.20929351449012756,-0.028611838817596436,-0.18807968497276306,FIST
0.0,0.0,-0.07028323411941528,-0.046736717224121094,-0.13208752870559692,-0.12200367450714111,-0.14761453866958618,-0.17940902709960938,-0.10422992706298828,-0.18345054984092712,-0.09135216474533081,-0.34040629863739014,-0.15619507431983948,-0.3329120874404907,-0.14638540148735046,-0.23948010802268982,-0.12286654114723206,-0.22160804271697998,-0.058568358421325684,-0.3510693311691284,-0.1322554647922516,-0.3334176540374756,-0.12268722057342529,-0.2331600785255432,-0.09747594594955444,-0.21714097261428833,-0.026097595691680908,-0.33820295333862305,-0.09649354219436646,-0.3117937445640564,-0.08892595767974854,-0.2163981795310974,-0.06353062391281128,-0.19992026686668396,0.004538416862487793,-0.3042762279510498,-0.05577021837234497,-0.2772829830646515,-0.05563849210739136,-0.21131554245948792,-0.03414905071258545,-0.19207671284675598,FIST
0.0,0.0,-0.07167643308639526,-0.04601597785949707,-0.13177639245986938,-0.12199538946151733,-0.14279907941818237,-0.17254090309143066,-0.10161930322647095,-0.17004817724227905,-0.08700239658355713,-0.34067410230636597,-0.15235453844070435,-0.32710179686546326,-0.14394620060920715,-0.23206979036331177,-0.12148681282997131,-0.21258965134620667,-0.053537964820861816,-0.3510436415672302,-0.12949728965759277,-0.3270738124847412,-0.12048062682151794,-0.22467899322509766,-0.09593445062637329,-0.20933356881141663,-0.020752549171447754,-0.33521538972854614,-0.09383940696716309,-0.3036954402923584,-0.08557385206222534,-0.20614385604858398,-0.06054621934890747,-0.1920488476753235,0.00956350564956665,-0.29829007387161255,-0.05230146646499634,-0.2640302777290344,-0.0508233904838562,-0.19773301482200623,-0.02925509214401245,-0.1835176944732666,FIST
0.0,0.0,-0.07409822940826416,-0.03072535991668701,-0.13818660378456116,-0.11514937877655029,-0.1349555253982544,-0.17077159881591797,-0.07787644863128662,-0.161810040473938,-0.10143083333969116,-0.3411913514137268,-0.16262823343276978,-0.31477320194244385,-0.14359381794929504,-0.22408664226531982,-0.12311625480651855,-0.22778800129890442,-0.05860179662704468,-0.3639228343963623,-0.12532642483711243,-0.31891679763793945,-0.11031979322433472,-0.2188616394996643,-0.09172815084457397,-0.22699549794197083,-0.018000423908233643,-0.3467758893966675,-0.07714474201202393,-0.27938011288642883,-0.06940203905105591,-0.18414145708084106,-0.05260950326919556,-0.19211530685424805,0.019176363945007324,-0.30696868896484375,-0.02769303321838379,-0.22693124413490295,-0.02712041139602661,-0.15935349464416504,-0.011944472789764404,-0.16619372367858887,FIST
0.0,0.0,-0.07695972919464111,-0.03578543663024902,-0.14992424845695496,-0.10659539699554443,-0.18348601460456848,-0.14388468861579895,-0.18139469623565674,-0.17315909266471863,-0.11758041381835938,-0.36161696910858154,-0.15073296427726746,-0.28675568103790283,-0.12932634353637695,-0.18642669916152954,-0.11313676834106445,-0.1975627839565277,-0.05971270799636841,-0.37988948822021484,-0.09207212924957275,-0.28029507398605347,-0.08408761024475098,-0.17843741178512573,-0.07484275102615356,-0.20804977416992188,-0.004513919353485107,-0.34838154911994934,-0.03069549798965454,-0.22756022214889526,-0.03653216361999512,-0.1429053544998169,-0.03158468008041382,-0.1790662407875061,0.04428458213806152,-0.299569308757782,0.02377420663833618,-0.187432199716568,0.01284247636795044,-0.12211090326309204,0.015870869159698486,-0.14762473106384277,FIST
0.0,0.0,-0.061599016189575195,-0.008316397666931152,-0.11293911933898926,-0.07048439979553223,-0.08552223443984985,-0.08919087052345276,-0.018798470497131348,-0.10722523927688599,-0.1074666976928711,-0.37541019916534424,-0.11470979452133179,-0.2945181131362915,-0.09910708665847778,-0.18943604826927185,-0.09169363975524902,-0.20430254936218262,-0.04188460111618042,-0.4102695733308792,-0.04624760150909424,-0.29529082775115967,-0.04677695035934448,-0.1815679967403412,-0.0490039587020874,-0.21635469794273376,0.018585801124572754,-0.3845634162425995,0.02243858575820923,-0.2401183843612671,0.00594562292098999,-0.14335942268371582,-0.005194544792175293,-0.1815560758113861,0.07284653186798096,-0.33646345138549805,0.07511258125305176,-0.19173979759216309,0.05797398090362549,-0.1156289279460907,0.045953571796417236,-0.14213654398918152,FIST
0.0,0.0,-0.05476665496826172,-0.007439851760864258,-0.10730111598968506,-0.05238702893257141,-0.10639667510986328,-0.07143133878707886,-0.0632210373878479,-0.08915427327156067,-0.1025235652923584,-0.37000638246536255,-0.09677058458328247,-0.27332988381385803,-0.08726102113723755,-0.17182698845863342,-0.0894269347190857,-0.1849617063999176,-0.03717505931854248,-0.40027523040771484,-0.024182558059692383,-0.2764652967453003,-0.029103457927703857,-0.16458463668823242,-0.03688192367553711,-0.1931816041469574,0.023095309734344482,-0.3749576658010483,0.04047495126724243,-0.22918006777763367,0.020555555820465088,-0.13491496443748474,0.005098164081573486,-0.1668665111064911,0.07628041505813599,-0.3267395496368408,0.0874100923538208,-0.1959381401538849,0.06571269035339355,-0.11894980072975159,0.048836469650268555,-0.13855189085006714,FIST
0.0,0.0,-0.06992626190185547,-0.03132951259613037,-0.12643364071846008,-0.10729837417602539,-0.12060630321502686,-0.10783487558364868,-0.08555528521537781,-0.07459443807601929,-0.09603330492973328,-0.3798111826181412,-0.10475945472717285,-0.2877586930990219,-0.09514328837394714,-0.18562647700309753,-0.09024748206138611,-0.19065231084823608,-0.03316628932952881,-0.39811085164546967,-0.040514469146728516,-0.27372032403945923,-0.0477716326713562,-0.17263731360435486,-0.049423038959503174,-0.1943228840827942,0.022459566593170166,-0.3608289211988449,0.01756209135055542,-0.22050607204437256,-0.0028908252716064453,-0.13579854369163513,-0.011120498180389404,-0.16442275047302246,0.07089066505432129,-0.304131418466568,0.06336814165115356,-0.1712629795074463,0.040675997734069824,-0.10355019569396973,0.028151094913482666,-0.12382206320762634,FIST
0.0,0.0,-0.07746583223342896,-0.017442166805267334,-0.13378259539604187,-0.08333885669708252,-0.10076075792312622,-0.09389358758926392,-0.03179657459259033,-0.0994214415550232,-0.10540348291397095,-0.38767677545547485,-0.12324193120002747,-0.29744040966033936,-0.10597515106201172,-0.19118037819862366,-0.0891827642917633,-0.20513924956321716,-0.0433349609375,-0.410727322101593,-0.0585627555847168,-0.29685965180397034,-0.059776484966278076,-0.18821054697036743,-0.05393403768539429,-0.2159515917301178,0.01051795482635498,-0.3769206404685974,0.002904832363128662,-0.2458115816116333,-0.01048731803894043,-0.15761098265647888,-0.012954354286193848,-0.18916893005371094,0.059055447578430176,-0.31994327902793884,0.05217862129211426,-0.1881401538848877,0.03378540277481079,-0.11613768339157104,0.023826301097869873,-0.13511189818382263,FIST
0.0,0.0,-0.07512450218200684,-0.01895928382873535,-0.12466049194335938,-0.09118837118148804,-0.09048908948898315,-0.09993967413902283,-0.03224313259124756,-0.09776818752288818,-0.09839963912963867,-0.3759478032588959,-0.11820903420448303,-0.2971462309360504,-0.1025233268737793,-0.19437912106513977,-0.0869598388671875,-0.20372581481933594,-0.041086435317993164,-0.3991824984550476,-0.056986600160598755,-0.296372652053833,-0.05845266580581665,-0.190973699092865,-0.054942578077316284,-0.21535617113113403,0.010237812995910645,-0.3665616512298584,0.0027860403060913086,-0.2446131408214569,-0.010379970073699951,-0.15748852491378784,-0.014596223831176758,-0.18903237581253052,0.055763840675354004,-0.3126102089881897,0.04896456003189087,-0.18614426255226135,0.03299373388290405,-0.1174783706665039,0.025158286094665527,-0.14138391613960266,FIST
0.0,0.0,-0.07248732447624207,-0.01540827751159668,-0.12868553400039673,-0.09717541933059692,-0.10187426209449768,-0.13861528038978577,-0.03806489706039429,-0.15373390913009644,-0.10717874765396118,-0.3482131063938141,-0.12802204489707947,-0.32039186358451843,-0.10814371705055237,-0.20966759324073792,-0.09271886944770813,-0.21412736177444458,-0.0556047260761261,-0.3797507733106613,-0.0702066719532013,-0.3378833532333374,-0.0655006468296051,-0.22283735871315002,-0.062025249004364014,-0.24014171957969666,-0.007077515125274658,-0.3624894767999649,-0.014767348766326904,-0.29941973090171814,-0.019565284252166748,-0.19805586338043213,-0.019750237464904785,-0.215888112783432,0.039705872535705566,-0.32811543345451355,0.03399097919464111,-0.25670212507247925,0.026335835456848145,-0.1862122118473053,0.0251162052154541,-0.19913220405578613,FIST
0.0,0.0,-0.0745486319065094,-0.026076853275299072,-0.13373371958732605,-0.11970019340515137,-0.10622525215148926,-0.2029515504837036,-0.03530752658843994,-0.22094666957855225,-0.10950401425361633,-0.26996323466300964,-0.13871270418167114,-0.34930428862571716,-0.12067857384681702,-0.26065558195114136,-0.10458201169967651,-0.22322487831115723,-0.06561136245727539,-0.29577261209487915,-0.09005245566368103,-0.38234443962574005,-0.07866430282592773,-0.2805827260017395,-0.0668436586856842,-0.24658721685409546,-0.021473169326782227,-0.29721522331237793,-0.03511464595794678,-0.3598574995994568,-0.031841278076171875,-0.260733962059021,-0.025172114372253418,-0.22779816389083862,0.025200724601745605,-0.28331875801086426,0.013222694396972656,-0.33209383487701416,0.006245911121368408,-0.2609698176383972,0.006681382656097412,-0.22496193647384644,FIST
0.0,0.0,-0.07594409584999084,-0.04658520221710205,-0.12315091490745544,-0.14159142971038818,-0.08630797266960144,-0.20775696635246277,-0.021892786026000977,-0.2221161127090454,-0.11961853504180908,-0.2521231174468994,-0.13266491889953613,-0.3367016613483429,-0.11951002478599548,-0.25482094287872314,-0.10725873708724976,-0.2118518352508545,-0.07094758749008179,-0.2752370238304138,-0.08261904120445251,-0.36993488669395447,-0.07272431254386902,-0.2783257067203522,-0.06238198280334473,-0.2404189109802246,-0.02334362268447876,-0.2789212167263031,-0.028132617473602295,-0.3476548194885254,-0.0258481502532959,-0.26155948638916016,-0.022948265075683594,-0.23149168491363525,0.02372109889984131,-0.26660120487213135,0.015733838081359863,-0.3047425150871277,0.01059049367904663,-0.24492892622947693,0.010370850563049316,-0.21963205933570862,FIST
0.0,0.0,-0.07287019491195679,-0.03715032339096069,-0.11561235785484314,-0.11932253837585449,-0.07863849401473999,-0.16850286722183228,-0.025510549545288086,-0.18625083565711975,-0.11497250199317932,-0.24837493896484375,-0.13369452953338623,-0.3204379677772522,-0.124228835105896,-0.24527212977409363,-0.10673871636390686,-0.19153374433517456,-0.06929367780685425,-0.27109581232070923,-0.08570343255996704,-0.3645583987236023,-0.07637715339660645,-0.26353543996810913,-0.06051182746887207,-0.2146899402141571,-0.022411465644836426,-0.272521048784256,-0.032655537128448486,-0.34954994916915894,-0.02909529209136963,-0.24790215492248535,-0.019428551197052002,-0.20391753315925598,0.024127185344696045,-0.259018212556839,0.013311564922332764,-0.3010864853858948,0.008270263671875,-0.23081129789352417,0.01211094856262207,-0.20016756653785706,FIST
0.0,0.0,-0.07125669717788696,-0.04511880874633789,-0.11080807447433472,-0.1397765874862671,-0.06984072923660278,-0.19970974326133728,-0.014184772968292236,-0.20584610104560852,-0.11019790172576904,-0.2639254629611969,-0.12694013118743896,-0.3358551859855652,-0.10810446739196777,-0.2474817931652069,-0.08908587694168091,-0.1887575387954712,-0.06477034091949463,-0.2812311351299286,-0.08032846450805664,-0.3714098334312439,-0.06499320268630981,-0.2626204788684845,-0.04958546161651611,-0.20526108145713806,-0.019039571285247803,-0.28007298707962036,-0.03120654821395874,-0.36008554697036743,-0.02379828691482544,-0.25542885065078735,-0.013500869274139404,-0.19947928190231323,0.02693486213684082,-0.264919638633728,0.013471007347106934,-0.3175755441188812,0.00991135835647583,-0.2485431432723999,0.014096736907958984,-0.20919311046600342,FIST
0.0,0.0,-0.06941729784011841,-0.04430031776428223,-0.10878020524978638,-0.13703620433807373,-0.06807917356491089,-0.19638806581497192,-0.013992488384246826,-0.2006945013999939,-0.10692685842514038,-0.242857426404953,-0.12415838241577148,-0.3266579508781433,-0.10826802253723145,-0.25667649507522583,-0.0892835259437561,-0.1972614824771881,-0.06391453742980957,-0.2655787169933319,-0.07955080270767212,-0.3660653233528137,-0.06656593084335327,-0.2756078243255615,-0.052023231983184814,-0.2176976501941681,-0.02058476209640503,-0.2682223618030548,-0.030968844890594482,-0.3532148599624634,-0.024351954460144043,-0.2601932883262634,-0.01493459939956665,-0.20421791076660156,0.02351754903793335,-0.2551727890968323,0.00940859317779541,-0.3099670112133026,0.0069825053215026855,-0.24754169583320618,0.011811256408691406,-0.20829910039901733,FIST
0.0,0.0,-0.07074606418609619,-0.041827261447906494,-0.11293119192123413,-0.13587039709091187,-0.07510137557983398,-0.20057636499404907,-0.020819008350372314,-0.20397043228149414,-0.10927724838256836,-0.2402777075767517,-0.12967181205749512,-0.317337304353714,-0.10920339822769165,-0.234371155500412,-0.09179186820983887,-0.18981295824050903,-0.06731957197189331,-0.26097577810287476,-0.08593398332595825,-0.3528800904750824,-0.06977319717407227,-0.2550945580005646,-0.056581199169158936,-0.21304020285606384,-0.024940311908721924,-0.26331326365470886,-0.03783756494522095,-0.342088520526886,-0.029397308826446533,-0.24786633253097534,-0.02004176378250122,-0.2045307159423828,0.01843327283859253,-0.2526175379753113,0.002075493335723877,-0.31037718057632446,0.0006145834922790527,-0.24897992610931396,0.0062226057052612305,-0.21365243196487427,FIST
0.0,0.0,-0.07181727886199951,-0.04894530773162842,-0.11399710178375244,-0.15198653936386108,-0.07513493299484253,-0.2206488847732544,-0.017657995223999023,-0.22074973583221436,-0.10605573654174805,-0.25416937470436096,-0.12654268741607666,-0.33708441257476807,-0.10807245969772339,-0.2539624869823456,-0.09027129411697388,-0.20346373319625854,-0.06464946269989014,-0.27240678668022156,-0.08330446481704712,-0.369407057762146,-0.06822097301483154,-0.27218320965766907,-0.05318772792816162,-0.2229478359222412,-0.022543907165527344,-0.27381080389022827,-0.035585761070251465,-0.35879188776016235,-0.02817898988723755,-0.26620346307754517,-0.01719456911087036,-0.21726888418197632,0.021127760410308838,-0.26331156492233276,0.004835367202758789,-0.3228510022163391,0.0020036697387695312,-0.2626173496246338,0.008324682712554932,-0.22572648525238037,FIST
0.0,0.0,-0.07114708423614502,-0.05093073844909668,-0.11418598890304565,-0.15169811248779297,-0.07974720001220703,-0.21914738416671753,-0.02304530143737793,-0.21352630853652954,-0.1027190089225769,-0.2628306746482849,-0.1265319585800171,-0.3434860408306122,-0.10827869176864624,-0.2546382248401642,-0.0906110405921936,-0.20793402194976807,-0.061698853969573975,-0.28007957339286804,-0.0828966498374939,-0.3734113574028015,-0.06922107934951782,-0.27290210127830505,-0.05489438772201538,-0.23143798112869263,-0.019665002822875977,-0.2788136899471283,-0.03572911024093628,-0.35886460542678833,-0.02862846851348877,-0.2627393305301666,-0.01711970567703247,-0.22141799330711365,0.024378299713134766,-0.2648557424545288,0.005405068397521973,-0.31908732652664185,0.002488434314727783,-0.2565920054912567,0.00979703664779663,-0.2238193154335022,FIST
0.0,0.0,-0.07120746374130249,-0.05373317003250122,-0.11648756265640259,-0.16428714990615845,-0.08037102222442627,-0.22655999660491943,-0.01836603879928589,-0.20835262537002563,-0.10589545965194702,-0.2730286717414856,-0.12851428985595703,-0.34654736518859863,-0.10978877544403076,-0.251409113407135,-0.09373247623443604,-0.21642643213272095,-0.06373780965805054,-0.29076558351516724,-0.08412516117095947,-0.3764895498752594,-0.07174092531204224,-0.270685613155365,-0.05902743339538574,-0.241570383310318,-0.019877851009368896,-0.2884833514690399,-0.03582918643951416,-0.3633245825767517,-0.02948129177093506,-0.2601412534713745,-0.018303275108337402,-0.22784656286239624,0.025810301303863525,-0.27492475509643555,0.006351649761199951,-0.3196706473827362,0.002949059009552002,-0.2514076828956604,0.010469436645507812,-0.22447699308395386,FIST
0.0,0.0,-0.0733749270439148,-0.05110865831375122,-0.11918944120407104,-0.1548994779586792,-0.08103138208389282,-0.21727818250656128,-0.022486090660095215,-0.20766395330429077,-0.1113656759262085,-0.2655487060546875,-0.13105854392051697,-0.33726251125335693,-0.11415594816207886,-0.2445642054080963,-0.09754401445388794,-0.20187723636627197,-0.0665818452835083,-0.28187549114227295,-0.08515238761901855,-0.36611878871917725,-0.07286292314529419,-0.25932595133781433,-0.05770385265350342,-0.22108623385429382,-0.021007001399993896,-0.2801544666290283,-0.037114858627319336,-0.35155072808265686,-0.030927419662475586,-0.24951577186584473,-0.01891404390335083,-0.2125002145767212,0.026270389556884766,-0.26717767119407654,0.005527138710021973,-0.30908894538879395,0.0010409355163574219,-0.24212157726287842,0.008216381072998047,-0.2146015763282776,FIST
0.0,0.0,-0.0865023136138916,-0.05885720252990723,-0.1365126073360443,-0.1574956774711609,-0.10267025232315063,-0.2047307789325714,-0.0434756875038147,-0.1908244490623474,-0.11898699402809143,-0.28838205337524414,-0.14097246527671814,-0.34754183888435364,-0.12598168849945068,-0.2492288053035736,-0.10836565494537354,-0.21326279640197754,-0.070598304271698,-0.29630720615386963,-0.09479683637619019,-0.366083025932312,-0.08461207151412964,-0.25385063886642456,-0.06614875793457031,-0.21829089522361755,-0.022612035274505615,-0.2902440130710602,-0.046092092990875244,-0.35460570454597473,-0.041150450706481934,-0.24757111072540283,-0.025008976459503174,-0.21642261743545532,0.026735544204711914,-0.2743760943412781,-0.0010474324226379395,-0.3089275062084198,-0.0069411396980285645,-0.2341526746749878,0.0031960010528564453,-0.21060067415237427,FIST
0.0,0.0,-0.08210265636444092,-0.05265587568283081,-0.12940701842308044,-0.15292197465896606,-0.09816986322402954,-0.21559986472129822,-0.03992050886154175,-0.21442338824272156,-0.10907134413719177,-0.2626519799232483,-0.13747170567512512,-0.33685263991355896,-0.13093328475952148,-0.25134703516960144,-0.11107516288757324,-0.20095327496528625,-0.06755006313323975,-0.27727168798446655,-0.09740227460861206,-0.36620140075683594,-0.09042757749557495,-0.2653253674507141,-0.06744301319122314,-0.21380016207695007,-0.024655938148498535,-0.2784131169319153,-0.05272316932678223,-0.35385560989379883,-0.0502970814704895,-0.2564646005630493,-0.03136610984802246,-0.21072527766227722,0.021522164344787598,-0.2695530354976654,-0.010638535022735596,-0.31139272451400757,-0.016238152980804443,-0.24374938011169434,-0.0031524300575256348,-0.21268326044082642,FIST
0.0,0.0,-0.07985472679138184,-0.04818636178970337,-0.12941324710845947,-0.1451541781425476,-0.10144045948982239,-0.21098539233207703,-0.040705323219299316,-0.2131490409374237,-0.10995972156524658,-0.2624524235725403,-0.13923004269599915,-0.3338729739189148,-0.13146907091140747,-0.2477969527244568,-0.11120939254760742,-0.1969585418701172,-0.07067245244979858,-0.2781856060028076,-0.10096567869186401,-0.37171417474746704,-0.09398326277732849,-0.2706107795238495,-0.07217347621917725,-0.21095231175422668,-0.029147744178771973,-0.2794562876224518,-0.05760139226913452,-0.3562672734260559,-0.0540614128112793,-0.25817254185676575,-0.03648167848587036,-0.2055104374885559,0.01619541645050049,-0.26804789900779724,-0.015482008457183838,-0.31255051493644714,-0.019735395908355713,-0.244533509016037,-0.0073661208152771,-0.20849478244781494,FIST
0.0,0.0,-0.08264237642288208,-0.05083954334259033,-0.1331292986869812,-0.14990359544754028,-0.10135108232498169,-0.21226781606674194,-0.03951650857925415,-0.21584859490394592,-0.10763460397720337,-0.2744406461715698,-0.1404884159564972,-0.3301851451396942,-0.13470542430877686,-0.24006959795951843,-0.11332184076309204,-0.18975749611854553,-0.0681501030921936,-0.28879615664482117,-0.10225775837898254,-0.3720961809158325,-0.09734326601028442,-0.2678471803665161,-0.07438671588897705,-0.20987138152122498,-0.02678656578063965,-0.28724953532218933,-0.05789506435394287,-0.35836994647979736,-0.05558854341506958,-0.25687533617019653,-0.036307573318481445,-0.20641428232192993,0.01825326681137085,-0.27220582962036133,-0.015304267406463623,-0.3127780556678772,-0.020457148551940918,-0.24200031161308289,-0.007055163383483887,-0.20692425966262817,FIST
0.0,0.0,-0.07822734117507935,-0.047116637229919434,-0.13131028413772583,-0.14581137895584106,-0.10588780045509338,-0.21125641465187073,-0.04590421915054321,-0.20456191897392273,-0.10424131155014038,-0.27959203720092773,-0.13626474142074585,-0.3392389416694641,-0.13345521688461304,-0.24774983525276184,-0.11273318529129028,-0.19600296020507812,-0.06617879867553711,-0.29375171661376953,-0.09947472810745239,-0.37517043948173523,-0.09740063548088074,-0.27256709337234497,-0.07522547245025635,-0.21533438563346863,-0.02640390396118164,-0.29215168952941895,-0.05844616889953613,-0.35953640937805176,-0.05735766887664795,-0.2592385411262512,-0.03737908601760864,-0.2096494436264038,0.016967058181762695,-0.2763702869415283,-0.01740938425064087,-0.31933069229125977,-0.02277684211730957,-0.2479352355003357,-0.007977604866027832,-0.21077468991279602,FIST
0.0,0.0,-0.0785275399684906,-0.03297048807144165,-0.13396260142326355,-0.1337372064590454,-0.10827574133872986,-0.20571327209472656,-0.04922148585319519,-0.20732611417770386,-0.10459351539611816,-0.27023595571517944,-0.12832111120224,-0.33972805738449097,-0.12405484914779663,-0.2523784339427948,-0.10569295287132263,-0.1970764398574829,-0.06597718596458435,-0.28764647245407104,-0.09196996688842773,-0.37336277961730957,-0.08969393372535706,-0.2749166190624237,-0.07162696123123169,-0.21606063842773438,-0.026817917823791504,-0.2873612940311432,-0.052491337060928345,-0.3504810929298401,-0.05239212512969971,-0.25523170828819275,-0.03751266002655029,-0.20654210448265076,0.01495128870010376,-0.2718442678451538,-0.015216052532196045,-0.3157656788825989,-0.020349979400634766,-0.24686184525489807,-0.009504079818725586,-0.2088700830936432,FIST
0.0,0.0,-0.08316677808761597,-0.036704957485198975,-0.14033755660057068,-0.15128159523010254,-0.1103166937828064,-0.22932758927345276,-0.05039083957672119,-0.2240244448184967,-0.11610332131385803,-0.27349767088890076,-0.13751855492591858,-0.3459959328174591,-0.12985840439796448,-0.2604341506958008,-0.11119362711906433,-0.20122194290161133,-0.07610452175140381,-0.29518091678619385,-0.10254144668579102,-0.38988196849823,-0.09629544615745544,-0.2907450497150421,-0.07768779993057251,-0.22296267747879028,-0.03502798080444336,-0.2981812059879303,-0.06180018186569214,-0.37073516845703125,-0.05959630012512207,-0.2729571759700775,-0.044793903827667236,-0.21347936987876892,0.008209466934204102,-0.2844584882259369,-0.025104880332946777,-0.3273715078830719,-0.028707802295684814,-0.2566435635089874,-0.016764342784881592,-0.2130623757839203,FIST
0.0,0.0,-0.07949075102806091,-0.03856384754180908,-0.13568663597106934,-0.14874553680419922,-0.10336005687713623,-0.22180315852165222,-0.04147535562515259,-0.22159725427627563,-0.12082737684249878,-0.2629721164703369,-0.15085682272911072,-0.3184129595756531,-0.13762077689170837,-0.22779542207717896,-0.11555624008178711,-0.18470847606658936,-0.0798349678516388,-0.2858298718929291,-0.11024719476699829,-0.37224286794662476,-0.09944221377372742,-0.2641567587852478,-0.07852840423583984,-0.2155497968196869,-0.03626513481140137,-0.28846684098243713,-0.06143668293952942,-0.355303555727005,-0.055689871311187744,-0.24858450889587402,-0.038794755935668945,-0.20509007573127747,0.0109824538230896,-0.2780575156211853,-0.018687307834625244,-0.30962491035461426,-0.022072136402130127,-0.2357792854309082,-0.010522723197937012,-0.2058897614479065,FIST
0.0,0.0,-0.08277428150177002,-0.03858911991119385,-0.13297849893569946,-0.13537603616714478,-0.08878862857818604,-0.20883235335350037,-0.021247923374176025,-0.22061356902122498,-0.13433152437210083,-0.2584802508354187,-0.15954014658927917,-0.3308136761188507,-0.14107206463813782,-0.24528253078460693,-0.11831843852996826,-0.19747456908226013,-0.08465883135795593,-0.2835216224193573,-0.10779380798339844,-0.3747624158859253,-0.09353214502334595,-0.26514947414398193,-0.07351133227348328,-0.21389195322990417,-0.03368711471557617,-0.28696903586387634,-0.052304863929748535,-0.3594106435775757,-0.04620540142059326,-0.25047028064727783,-0.03282696008682251,-0.20389145612716675,0.018644213676452637,-0.27594295144081116,-0.006048262119293213,-0.306734174489975,-0.009228408336639404,-0.23516663908958435,0.000681757926940918,-0.20933550596237183,FIST
0.0,0.0,-0.07659780979156494,-0.02377331256866455,-0.1374717652797699,-0.12440228462219238,-0.11114832758903503,-0.20046904683113098,-0.04979968070983887,-0.20169982314109802,-0.13574129343032837,-0.25063568353652954,-0.16731253266334534,-0.31557098031044006,-0.1469781994819641,-0.23251938819885254,-0.12109231948852539,-0.1831011176109314,-0.0956352949142456,-0.28221774101257324,-0.12630608677864075,-0.36670124530792236,-0.10887551307678223,-0.26477351784706116,-0.08613234758377075,-0.21579039096832275,-0.051854491233825684,-0.2913237512111664,-0.07682889699935913,-0.3547506034374237,-0.06435215473175049,-0.24840784072875977,-0.04631859064102173,-0.2028501331806183,-0.004770755767822266,-0.28814154863357544,-0.03128647804260254,-0.31573137640953064,-0.03065735101699829,-0.2457420825958252,-0.019314169883728027,-0.21924740076065063,FIST
0.0,0.0,-0.07455617189407349,-0.02268606424331665,-0.1344214677810669,-0.11738133430480957,-0.10722297430038452,-0.18752020597457886,-0.04772472381591797,-0.1905667781829834,-0.1344829797744751,-0.2251218855381012,-0.16313180327415466,-0.2905311584472656,-0.14247703552246094,-0.21656012535095215,-0.11972719430923462,-0.17372432351112366,-0.09684759378433228,-0.2602434754371643,-0.12817281484603882,-0.34644097089767456,-0.10845500230789185,-0.2532866597175598,-0.08663564920425415,-0.20491692423820496,-0.05440431833267212,-0.27529507875442505,-0.07998180389404297,-0.34380602836608887,-0.06445789337158203,-0.24608033895492554,-0.04657965898513794,-0.1988251805305481,-0.008707225322723389,-0.27708256244659424,-0.032675206661224365,-0.3032376766204834,-0.030256152153015137,-0.23707619309425354,-0.02001577615737915,-0.20975971221923828,FIST
0.0,0.0,-0.07465195655822754,-0.009440064430236816,-0.13813066482543945,-0.0893867015838623,-0.11762303113937378,-0.16749176383018494,-0.062028706073760986,-0.1885792315006256,-0.139604389667511,-0.20133835077285767,-0.17547541856765747,-0.2639533281326294,-0.14779132604599,-0.19183233380317688,-0.1214253306388855,-0.15268945693969727,-0.10465943813323975,-0.23999381065368652,-0.14184492826461792,-0.32102978229522705,-0.11575335264205933,-0.23241877555847168,-0.09065902233123779,-0.18532603979110718,-0.06558316946029663,-0.2602279782295227,-0.09767621755599976,-0.3224140405654907,-0.07538235187530518,-0.22861650586128235,-0.05385369062423706,-0.18302381038665771,-0.022117793560028076,-0.2678764760494232,-0.05017352104187012,-0.29175126552581787,-0.04269188642501831,-0.22322222590446472,-0.02934134006500244,-0.19313910603523254,FIST
0.0,0.0,-0.07023996114730835,-0.0013936758041381836,-0.13405287265777588,-0.07423830032348633,-0.11914336681365967,-0.1555030643939972,-0.06724387407302856,-0.18146225810050964,-0.13926100730895996,-0.17916908860206604,-0.17605018615722656,-0.24714213609695435,-0.149330735206604,-0.18550363183021545,-0.12457436323165894,-0.14602631330490112,-0.10726732015609741,-0.22017863392829895,-0.14480674266815186,-0.30436956882476807,-0.11956387758255005,-0.22659260034561157,-0.09696918725967407,-0.18061667680740356,-0.070415198802948,-0.2426508665084839,-0.09927350282669067,-0.31029945611953735,-0.07842695713043213,-0.22518706321716309,-0.0604817271232605,-0.17790156602859497,-0.02894669771194458,-0.25231099128723145,-0.051939427852630615,-0.28969866037368774,-0.04508340358734131,-0.2258961796760559,-0.0346415638923645,-0.1903398036956787,FIST
0.0,0.0,-0.07086282968521118,0.009096264839172363,-0.13819825649261475,-0.050464749336242676,-0.12860780954360962,-0.12912172079086304,-0.07882851362228394,-0.15973466634750366,-0.1456444263458252,-0.14961197972297668,-0.18540656566619873,-0.20253998041152954,-0.15531134605407715,-0.14631187915802002,-0.1274482011795044,-0.11325928568840027,-0.11793231964111328,-0.19539523124694824,-0.15991491079330444,-0.2643229067325592,-0.13074767589569092,-0.19410929083824158,-0.10402703285217285,-0.15163061022758484,-0.0842016339302063,-0.22563627362251282,-0.11851602792739868,-0.27481400966644287,-0.09206873178482056,-0.19681444764137268,-0.06950336694717407,-0.15412506461143494,-0.04519408941268921,-0.2450008988380432,-0.07225930690765381,-0.26386547088623047,-0.06067001819610596,-0.2031249701976776,-0.04652804136276245,-0.17353439331054688,FIST
0.0,0.0,-0.06997120380401611,0.01620304584503174,-0.13722211122512817,-0.028843581676483154,-0.13192713260650635,-0.10675886273384094,-0.08123338222503662,-0.13580894470214844,-0.1473185420036316,-0.13277843594551086,-0.18659693002700806,-0.1726541519165039,-0.15910059213638306,-0.11928510665893555,-0.13223248720169067,-0.09011361002922058,-0.12189573049545288,-0.1777886152267456,-0.1663171648979187,-0.23351529240608215,-0.13704794645309448,-0.16768932342529297,-0.10825783014297485,-0.12767675518989563,-0.0908966064453125,-0.2094258964061737,-0.12902545928955078,-0.2515151798725128,-0.10135143995285034,-0.17742013931274414,-0.07555800676345825,-0.13409030437469482,-0.0543360710144043,-0.22937244176864624,-0.08315539360046387,-0.2434893250465393,-0.07089608907699585,-0.1848875880241394,-0.054233670234680176,-0.15279501676559448,FIST
0.0,0.0,-0.07072848081588745,0.02531301975250244,-0.1394605040550232,-0.010243475437164307,-0.13869380950927734,-0.08196911215782166,-0.09085911512374878,-0.11733511090278625,-0.15406417846679688,-0.11316779255867004,-0.1974196434020996,-0.13822227716445923,-0.17665022611618042,-0.09520816802978516,-0.1479431390762329,-0.06828996539115906,-0.13244187831878662,-0.16062894463539124,-0.1785358190536499,-0.20161229372024536,-0.14994603395462036,-0.143489271402359,-0.11627691984176636,-0.1080034077167511,-0.10309875011444092,-0.1949041485786438,-0.1426122784614563,-0.22652310132980347,-0.1131715178489685,-0.15855613350868225,-0.08318871259689331,-0.12076854705810547,-0.06767463684082031,-0.21896177530288696,-0.09533238410949707,-0.22709181904792786,-0.08181959390640259,-0.1725655496120453,-0.06357651948928833,-0.14351269602775574,FIST
0.0,0.0,-0.06556761264801025,0.029582083225250244,-0.1362462043762207,0.006877899169921875,-0.14066076278686523,-0.05974200367927551,-0.09414559602737427,-0.10250809788703918,-0.15551221370697021,-0.1107792854309082,-0.19693917036056519,-0.12576231360435486,-0.17059975862503052,-0.07254248857498169,-0.1443871259689331,-0.057481467723846436,-0.13422781229019165,-0.15683889389038086,-0.18018853664398193,-0.17969128489494324,-0.14812958240509033,-0.11420884728431702,-0.11782437562942505,-0.09519320726394653,-0.10583043098449707,-0.1918102502822876,-0.142320454120636,-0.20407187938690186,-0.11059331893920898,-0.13435104489326477,-0.08427882194519043,-0.11282068490982056,-0.07081431150436401,-0.2183334231376648,-0.09636330604553223,-0.2107199728488922,-0.08092820644378662,-0.1534106731414795,-0.06460261344909668,-0.13579416275024414,FIST
0.0,0.0,-0.06994092464447021,0.03021705150604248,-0.1422971487045288,0.0010191798210144043,-0.14224880933761597,-0.06630599498748779,-0.0916779637336731,-0.09716850519180298,-0.15426760911941528,-0.12081348896026611,-0.1956101655960083,-0.1302667260169983,-0.16505324840545654,-0.07380479574203491,-0.13742917776107788,-0.06170305609703064,-0.13147789239883423,-0.16471871733665466,-0.17820996046066284,-0.18327099084854126,-0.14461487531661987,-0.11306291818618774,-0.11346781253814697,-0.09666118025779724,-0.10334306955337524,-0.19587230682373047,-0.1408190131187439,-0.19994834065437317,-0.1087719202041626,-0.1274186670780182,-0.0819234848022461,-0.11237496137619019,-0.06976550817489624,-0.21900314092636108,-0.09746730327606201,-0.20497193932533264,-0.08125406503677368,-0.1473638117313385,-0.063545823097229,-0.1362784504890442,FIST
0.0,0.0,-0.07099801301956177,0.02978461980819702,-0.13966739177703857,0.00982654094696045,-0.1435571312904358,-0.05925041437149048,-0.0916098952293396,-0.09801265597343445,-0.15353047847747803,-0.11421376466751099,-0.19453370571136475,-0.1374134123325348,-0.17098182439804077,-0.08653074502944946,-0.14596480131149292,-0.06596869230270386,-0.1294945478439331,-0.16018223762512207,-0.17052775621414185,-0.18680104613304138,-0.14239966869354248,-0.12626120448112488,-0.11532241106033325,-0.10312381386756897,-0.10050123929977417,-0.1938822865486145,-0.1312464475631714,-0.20950847864151,-0.10579270124435425,-0.14521005749702454,-0.08249467611312866,-0.11815550923347473,-0.06525647640228271,-0.2176988422870636,-0.09215694665908813,-0.2289796769618988,-0.07987463474273682,-0.1753494143486023,-0.0632854700088501,-0.14785754680633545,FIST
0.0,0.0,-0.06885147094726562,0.03075087070465088,-0.1393721103668213,0.005064189434051514,-0.13976013660430908,-0.07093605399131775,-0.08579504489898682,-0.1144668459892273,-0.1535136103630066,-0.1114497184753418,-0.18844980001449585,-0.1429176926612854,-0.1673794388771057,-0.09133937954902649,-0.14665144681930542,-0.0672467052936554,-0.12923043966293335,-0.16048666834831238,-0.1603482961654663,-0.1938876211643219,-0.13280010223388672,-0.1317262351512909,-0.11182188987731934,-0.10855603218078613,-0.0992659330368042,-0.19620877504348755,-0.12273913621902466,-0.22182047367095947,-0.09899687767028809,-0.15695133805274963,-0.08173531293869019,-0.1307729184627533,-0.0636410117149353,-0.22206532955169678,-0.08397388458251953,-0.24188348650932312,-0.07119894027709961,-0.18528875708580017,-0.05891793966293335,-0.1556670069694519,FIST
0.0,0.0,-0.06336748600006104,0.025228261947631836,-0.134149432182312,-0.013551652431488037,-0.12425142526626587,-0.09333214163780212,-0.0675167441368103,-0.13502541184425354,-0.14583337306976318,-0.13575345277786255,-0.16257935762405396,-0.17040255665779114,-0.13219988346099854,-0.11132407188415527,-0.12082934379577637,-0.09432917833328247,-0.11864817142486572,-0.18825221061706543,-0.12847310304641724,-0.2204645872116089,-0.10050320625305176,-0.1446535587310791,-0.09810733795166016,-0.12374120950698853,-0.08706837892532349,-0.22044098377227783,-0.0823676586151123,-0.23405978083610535,-0.06274181604385376,-0.16029733419418335,-0.06531405448913574,-0.13563784956932068,-0.05199974775314331,-0.23939070105552673,-0.04533141851425171,-0.24629786610603333,-0.03392750024795532,-0.18722441792488098,-0.036642372608184814,-0.15946978330612183,FIST
0.0,0.0,-0.0639573335647583,0.018568813800811768,-0.1284899115562439,-0.030781865119934082,-0.11369204521179199,-0.0977291464805603,-0.05914652347564697,-0.12141600251197815,-0.13804203271865845,-0.16862496733665466,-0.14323818683624268,-0.1726454198360443,-0.1168513298034668,-0.11405369639396667,-0.1077115535736084,-0.10653427243232727,-0.11032915115356445,-0.2188800871372223,-0.10850006341934204,-0.22019237279891968,-0.0861019492149353,-0.1460365653038025,-0.08314818143844604,-0.13097426295280457,-0.07668662071228027,-0.24346500635147095,-0.059166550636291504,-0.21519482135772705,-0.044960737228393555,-0.14244809746742249,-0.048082172870635986,-0.126590758562088,-0.04030406475067139,-0.2547049820423126,-0.021640300750732422,-0.21708902716636658,-0.014810025691986084,-0.15738552808761597,-0.02027994394302368,-0.13985875248908997,FIST
0.0,0.0,-0.0597764253616333,0.008052408695220947,-0.11537367105484009,-0.040950119495391846,-0.09941089153289795,-0.09878078103065491,-0.0544658899307251,-0.12309223413467407,-0.1244739294052124,-0.20327866077423096,-0.12733274698257446,-0.18888506293296814,-0.10348635911941528,-0.12225830554962158,-0.09277075529098511,-0.10842344164848328,-0.09238147735595703,-0.2490186095237732,-0.08674204349517822,-0.21394860744476318,-0.06868582963943481,-0.13365033268928528,-0.06518018245697021,-0.11757421493530273,-0.05554616451263428,-0.26276713609695435,-0.040621042251586914,-0.20114967226982117,-0.03149229288101196,-0.12580177187919617,-0.03655725717544556,-0.11514633893966675,-0.017899155616760254,-0.25920724868774414,-0.0032972097396850586,-0.1883295178413391,-0.00041419267654418945,-0.1291646957397461,-0.007829725742340088,-0.12404584884643555,FIST
0.0,0.0,-0.056279659271240234,-0.013300538063049316,-0.1045958399772644,-0.07579374313354492,-0.08760738372802734,-0.13014325499534607,-0.0472453236579895,-0.16181427240371704,-0.1061052680015564,-0.2195315957069397,-0.10715246200561523,-0.21887189149856567,-0.08836621046066284,-0.14833232760429382,-0.08097535371780396,-0.13270434737205505,-0.07140547037124634,-0.25577834248542786,-0.0704990029335022,-0.245988667011261,-0.05727684497833252,-0.15931349992752075,-0.05556899309158325,-0.14107993245124817,-0.03346133232116699,-0.26519182324409485,-0.026840686798095703,-0.22762468457221985,-0.020069122314453125,-0.14158928394317627,-0.02407371997833252,-0.12555566430091858,0.0043465495109558105,-0.25790882110595703,0.010399818420410156,-0.209507554769516,0.0096626877784729,-0.14315679669380188,0.0030147433280944824,-0.1316857933998108,FIST
0.0,0.0,-0.04888808727264404,-0.014700233936309814,-0.09336650371551514,-0.08652931451797485,-0.08007818460464478,-0.1309240460395813,-0.038070499897003174,-0.1288173496723175,-0.08361387252807617,-0.22608715295791626,-0.0874592661857605,-0.22811728715896606,-0.0749543309211731,-0.15903398394584656,-0.06870293617248535,-0.1509130299091339,-0.04935717582702637,-0.2516484558582306,-0.049290359020233154,-0.25146734714508057,-0.0412558913230896,-0.1667291224002838,-0.03960549831390381,-0.16132467985153198,-0.013904929161071777,-0.2512041926383972,-0.007353723049163818,-0.23085683584213257,-0.005962848663330078,-0.15253767371177673,-0.009527087211608887,-0.14731049537658691,0.021539628505706787,-0.23795706033706665,0.02918940782546997,-0.206573486328125,0.02509486675262451,-0.14655634760856628,0.018236100673675537,-0.13892701268196106,FIST
0.0,0.0,-0.05423915386199951,-0.03407859802246094,-0.09202039241790771,-0.11992129683494568,-0.06562989950180054,-0.16796696186065674,-0.019603431224822998,-0.1534782350063324,-0.07260900735855103,-0.21326187252998352,-0.07557028532028198,-0.26661527156829834,-0.06653904914855957,-0.20021823048591614,-0.058401286602020264,-0.16416707634925842,-0.03652733564376831,-0.22549089789390564,-0.03488415479660034,-0.28076326847076416,-0.029708445072174072,-0.19815179705619812,-0.027248144149780273,-0.16044944524765015,-0.0025033950805664062,-0.22341394424438477,0.005120992660522461,-0.2565976679325104,0.004476606845855713,-0.17780613899230957,0.0008320808410644531,-0.1407468318939209,0.029124319553375244,-0.2080938220024109,0.0362086296081543,-0.23055297136306763,0.03175783157348633,-0.17379453778266907,0.026687562465667725,-0.1467818021774292,FIST
0.0,0.0,-0.05027800798416138,-0.04708731174468994,-0.08188682794570923,-0.13846486806869507,-0.054168641567230225,-0.1821253001689911,-0.008210599422454834,-0.15894225239753723,-0.057285845279693604,-0.2185652256011963,-0.05289345979690552,-0.28394341468811035,-0.05042886734008789,-0.2150014042854309,-0.048844993114471436,-0.17253801226615906,-0.020792484283447266,-0.22038111090660095,-0.01395958662033081,-0.2889215052127838,-0.015034735202789307,-0.20406967401504517,-0.017929553985595703,-0.16021263599395752,0.013150453567504883,-0.21084287762641907,0.022154510021209717,-0.26055318117141724,0.016588807106018066,-0.17973479628562927,0.008708357810974121,-0.1371121108531952,0.04399484395980835,-0.18832895159721375,0.05090540647506714,-0.22987648844718933,0.042870938777923584,-0.17240282893180847,0.034423649311065674,-0.13881701231002808,FIST
0.0,0.0,-0.04710036516189575,-0.05518609285354614,-0.07297462224960327,-0.15186703205108643,-0.03950744867324829,-0.18759217858314514,0.007621109485626221,-0.1578291952610016,-0.042250871658325195,-0.22945982217788696,-0.03542119264602661,-0.29092538356781006,-0.03641867637634277,-0.217415452003479,-0.03524714708328247,-0.17863115668296814,-0.0051961541175842285,-0.22354620695114136,0.005115032196044922,-0.28686609864234924,-0.0014275312423706055,-0.19906777143478394,-0.005207419395446777,-0.1618266999721527,0.027577638626098633,-0.20689398050308228,0.039356112480163574,-0.2499341070652008,0.028080344200134277,-0.1728549301624298,0.01912003755569458,-0.1401847004890442,0.056301653385162354,-0.17744949460029602,0.06524914503097534,-0.21356111764907837,0.05393892526626587,-0.1614932417869568,0.04487985372543335,-0.135453462600708,FIST
0.0,0.0,-0.04546475410461426,-0.06625491380691528,-0.07001739740371704,-0.16951638460159302,-0.04276829957962036,-0.20938506722450256,-0.0007086396217346191,-0.168302983045578,-0.029460549354553223,-0.24542537331581116,-0.02441352605819702,-0.30808570981025696,-0.028154373168945312,-0.24582374095916748,-0.029118895530700684,-0.19921988248825073,0.006423234939575195,-0.23476159572601318,0.015978693962097168,-0.2985583245754242,0.005340218544006348,-0.22430813312530518,-0.0024743080139160156,-0.17704856395721436,0.03785598278045654,-0.21098604798316956,0.049109578132629395,-0.25808942317962646,0.034029603004455566,-0.19186866283416748,0.021263539791107178,-0.14899802207946777,0.06478434801101685,-0.17367714643478394,0.07566946744918823,-0.2165549397468567,0.06190842390060425,-0.174688458442688,0.04954558610916138,-0.1426892876625061,FIST
0.0,0.0,-0.04602736234664917,-0.08046227693557739,-0.06817039847373962,-0.19426214694976807,-0.03792703151702881,-0.23222437500953674,0.006991863250732422,-0.18072307109832764,-0.028797507286071777,-0.26135146617889404,-0.027201950550079346,-0.32925885915756226,-0.032589077949523926,-0.2711564302444458,-0.03186160326004028,-0.226798415184021,0.007269501686096191,-0.25263720750808716,0.013197243213653564,-0.31959396600723267,0.001210033893585205,-0.2506757080554962,-0.0019401907920837402,-0.20517224073410034,0.03921926021575928,-0.22797328233718872,0.046772658824920654,-0.2753768265247345,0.030931413173675537,-0.21623215079307556,0.023792266845703125,-0.17577415704727173,0.06728309392929077,-0.19033342599868774,0.07387340068817139,-0.22930443286895752,0.05825614929199219,-0.1950007677078247,0.04904639720916748,-0.16505885124206543,FIST
0.0,0.0,-0.04504799842834473,-0.06766724586486816,-0.07527929544448853,-0.17094361782073975,-0.04972356557846069,-0.22243309020996094,0.0021089911460876465,-0.19299691915512085,-0.03323554992675781,-0.2690913677215576,-0.04084545373916626,-0.3376353681087494,-0.0448111891746521,-0.26717883348464966,-0.03770357370376587,-0.23058733344078064,0.0037914514541625977,-0.26087483763694763,0.00048428773880004883,-0.3249574303627014,-0.01005566120147705,-0.24609610438346863,-0.0057697296142578125,-0.21649563312530518,0.03661453723907471,-0.23618018627166748,0.03777199983596802,-0.27809369564056396,0.022372066974639893,-0.21057218313217163,0.022175610065460205,-0.18652117252349854,0.06695705652236938,-0.19790250062942505,0.06864696741104126,-0.23315563797950745,0.05237048864364624,-0.19256120920181274,0.04788792133331299,-0.16988533735275269,FIST
0.0,0.0,-0.04657167196273804,-0.06274449825286865,-0.08288377523422241,-0.16037869453430176,-0.06029927730560303,-0.2134450078010559,-0.00609433650970459,-0.19069552421569824,-0.03629809617996216,-0.2767992317676544,-0.052723824977874756,-0.3230020999908447,-0.05571824312210083,-0.2470971643924713,-0.04558175802230835,-0.2232007384300232,0.0028226375579833984,-0.277104914188385,-0.0123557448387146,-0.3144083321094513,-0.02221393585205078,-0.23304611444473267,-0.013960838317871094,-0.2177257537841797,0.03556323051452637,-0.25583314895629883,0.0219765305519104,-0.2613784372806549,0.00804901123046875,-0.1937044858932495,0.01270967721939087,-0.18632268905639648,0.06544655561447144,-0.21991321444511414,0.051214754581451416,-0.21213722229003906,0.03601515293121338,-0.17001229524612427,0.036198973655700684,-0.16252851486206055,FIST
0.0,0.0,-0.04854285717010498,-0.06124234199523926,-0.08505663275718689,-0.15266913175582886,-0.06408816576004028,-0.205659419298172,-0.011870384216308594,-0.18627005815505981,-0.04148775339126587,-0.277244508266449,-0.06224226951599121,-0.3102021813392639,-0.0629115104675293,-0.23983722925186157,-0.05123323202133179,-0.216884583234787,-0.0032057762145996094,-0.2797233760356903,-0.020411908626556396,-0.30214396119117737,-0.0283469557762146,-0.22859042882919312,-0.0215073823928833,-0.21214425563812256,0.029738426208496094,-0.2580918073654175,0.014541864395141602,-0.25416773557662964,0.0018486976623535156,-0.19105783104896545,0.004979491233825684,-0.18055933713912964,0.06013154983520508,-0.22087246179580688,0.0446089506149292,-0.20794746279716492,0.030281007289886475,-0.16816025972366333,0.029633522033691406,-0.159123957157135,FIST
0.0,0.0,-0.04792964458465576,-0.055269062519073486,-0.0864800214767456,-0.13914364576339722,-0.06962430477142334,-0.19739732146263123,-0.019667088985443115,-0.1882607638835907,-0.050792813301086426,-0.26665088534355164,-0.0689164400100708,-0.30065739154815674,-0.06663835048675537,-0.23221105337142944,-0.054902613162994385,-0.2091641128063202,-0.013005614280700684,-0.2707803249359131,-0.026975810527801514,-0.2991099953651428,-0.032146990299224854,-0.22312182188034058,-0.025310277938842773,-0.20758852362632751,0.020416319370269775,-0.25281620025634766,0.009434640407562256,-0.25754764676094055,-0.0007373690605163574,-0.18993490934371948,0.002850353717803955,-0.17932891845703125,0.051911890506744385,-0.21938180923461914,0.04134964942932129,-0.21658530831336975,0.02867603302001953,-0.1711186170578003,0.028696715831756592,-0.15995103120803833,FIST
0.0,0.0,-0.04868960380554199,-0.051843881607055664,-0.08988380432128906,-0.1439875364303589,-0.0739544928073883,-0.19966533780097961,-0.022164344787597656,-0.1881735920906067,-0.05582541227340698,-0.27284812927246094,-0.07287782430648804,-0.3073173463344574,-0.07127243280410767,-0.2257179617881775,-0.0611119270324707,-0.20378825068473816,-0.015766143798828125,-0.278898149728775,-0.03011631965637207,-0.30270376801490784,-0.03591340780258179,-0.21717068552970886,-0.030043721199035645,-0.20594310760498047,0.01936870813369751,-0.26090648770332336,0.007093548774719238,-0.2545168995857239,-0.0033587217330932617,-0.18274074792861938,-0.0003333091735839844,-0.18027156591415405,0.05249011516571045,-0.2281651496887207,0.03862154483795166,-0.2112894058227539,0.026465892791748047,-0.16224169731140137,0.02696007490158081,-0.15768593549728394,FIST
0.0,0.0,-0.05309450626373291,-0.05042344331741333,-0.09706950187683105,-0.14271283149719238,-0.08051016926765442,-0.19750723242759705,-0.02541285753250122,-0.1843145489692688,-0.05472838878631592,-0.2950395345687866,-0.0810173749923706,-0.30843639373779297,-0.07868582010269165,-0.2260497808456421,-0.06650632619857788,-0.21398437023162842,-0.014785826206207275,-0.3009037375450134,-0.03867805004119873,-0.30630257725715637,-0.0437735915184021,-0.21847659349441528,-0.03508889675140381,-0.21261504292488098,0.020357251167297363,-0.2796025276184082,-0.000316619873046875,-0.25454479455947876,-0.01005619764328003,-0.17983517050743103,-0.0044702887535095215,-0.17855596542358398,0.05357956886291504,-0.24338701367378235,0.0340120792388916,-0.21751832962036133,0.021245896816253662,-0.16534048318862915,0.022337615489959717,-0.15821528434753418,FIST
0.0,0.0,-0.056329965591430664,-0.05200910568237305,-0.09734570980072021,-0.14708715677261353,-0.07536739110946655,-0.19303089380264282,-0.02162569761276245,-0.1655992865562439,-0.05560082197189331,-0.2826578915119171,-0.07735925912857056,-0.2963181138038635,-0.07449126243591309,-0.21943795680999756,-0.06280666589736938,-0.2087368667125702,-0.016648292541503906,-0.2848215699195862,-0.03478372097015381,-0.29933658242225647,-0.04019057750701904,-0.21832263469696045,-0.03235572576522827,-0.2106652557849884,0.017810046672821045,-0.2623765468597412,0.005202233791351318,-0.2572697401046753,-0.005389750003814697,-0.18694204092025757,-0.0008681416511535645,-0.18231415748596191,0.050019800662994385,-0.22655543684959412,0.040396273136138916,-0.22764557600021362,0.027034282684326172,-0.1789730191230774,0.02729743719100952,-0.16727983951568604,FIST
0.0,0.0,-0.051355957984924316,-0.048957228660583496,-0.0923352837562561,-0.14232712984085083,-0.0707859992980957,-0.1915615200996399,-0.01969808340072632,-0.16490936279296875,-0.05875539779663086,-0.2643200755119324,-0.07224008440971375,-0.29509955644607544,-0.06733128428459167,-0.21855679154396057,-0.05792582035064697,-0.20151960849761963,-0.021096765995025635,-0.2686997652053833,-0.030634164810180664,-0.2961319088935852,-0.033529460430145264,-0.21425625681877136,-0.0286332368850708,-0.20323219895362854,0.01263284683227539,-0.25174129009246826,0.00747603178024292,-0.26159995794296265,-0.0013921856880187988,-0.19248616695404053,-0.0001678466796875,-0.18449550867080688,0.045149803161621094,-0.2220616340637207,0.039791643619537354,-0.2320355474948883,0.028605401515960693,-0.18441808223724365,0.02660280466079712,-0.17111212015151978,FIST
0.0,0.0,-0.04851412773132324,-0.04664367437362671,-0.08561155200004578,-0.12507671117782593,-0.06882977485656738,-0.1729755997657776,-0.018845081329345703,-0.1614624261856079,-0.05174943804740906,-0.2551049590110779,-0.07245731353759766,-0.27311697602272034,-0.06712901592254639,-0.20026043057441711,-0.0553928017616272,-0.19009602069854736,-0.015742838382720947,-0.2585141360759735,-0.03308868408203125,-0.2762760519981384,-0.03566932678222656,-0.1996421217918396,-0.027424603700637817,-0.19432348012924194,0.016353487968444824,-0.24059545993804932,0.00460582971572876,-0.24217721819877625,-0.003515958786010742,-0.17498764395713806,0.0017123818397521973,-0.1704731583595276,0.0476078987121582,-0.21024471521377563,0.03803211450576782,-0.214665949344635,0.0254020094871521,-0.16663891077041626,0.024965226650238037,-0.15339845418930054,FIST
0.0,0.0,-0.046272873878479004,-0.04763376712799072,-0.08227276802062988,-0.11814093589782715,-0.06462603807449341,-0.16281825304031372,-0.018361806869506836,-0.15793853998184204,-0.056628525257110596,-0.22763919830322266,-0.06920146942138672,-0.26608872413635254,-0.06503832340240479,-0.20668047666549683,-0.0566478967666626,-0.18548056483268738,-0.022233247756958008,-0.23644939064979553,-0.03125229477882385,-0.27305376529693604,-0.03284367918968201,-0.20428931713104248,-0.027311652898788452,-0.18602022528648376,0.009285390377044678,-0.22713690996170044,0.00511324405670166,-0.23940640687942505,-0.0016300678253173828,-0.17782044410705566,-1.6450881958007812e-05,-0.1652640700340271,0.03968924283981323,-0.20398086309432983,0.03514617681503296,-0.20995166897773743,0.024719595909118652,-0.16739338636398315,0.022226393222808838,-0.1541873812675476,FIST
0.0,0.0,-0.04709911346435547,-0.04949545860290527,-0.0810888409614563,-0.1273398995399475,-0.061022162437438965,-0.17629513144493103,-0.016446739435195923,-0.1580236554145813,-0.05697089433670044,-0.20866262912750244,-0.06788092851638794,-0.2701054513454437,-0.06175991892814636,-0.21418911218643188,-0.05292236804962158,-0.1834438443183899,-0.024150460958480835,-0.2112504243850708,-0.02911505103111267,-0.27274298667907715,-0.02976706624031067,-0.2072826623916626,-0.027007222175598145,-0.17962971329689026,0.006222724914550781,-0.20169571042060852,0.006335020065307617,-0.24624305963516235,0.00039398670196533203,-0.18585869669914246,-0.0003090500831604004,-0.16018754243850708,0.03527313470840454,-0.18070873618125916,0.03562575578689575,-0.22081151604652405,0.026309192180633545,-0.17915716767311096,0.022660672664642334,-0.15266698598861694,FIST
0.0,0.0,-0.04615306854248047,-0.04703789949417114,-0.07820585370063782,-0.12190747261047363,-0.05750894546508789,-0.16863298416137695,-0.013857752084732056,-0.1543750762939453,-0.054723501205444336,-0.20315444469451904,-0.06353169679641724,-0.2603803277015686,-0.05961868166923523,-0.21390128135681152,-0.05263200402259827,-0.18364772200584412,-0.02329176664352417,-0.20822998881340027,-0.028757542371749878,-0.2670738101005554,-0.029297083616256714,-0.21116474270820618,-0.025931447744369507,-0.1821763813495636,0.006453514099121094,-0.20059514045715332,0.005696773529052734,-0.23923400044441223,0.0006934404373168945,-0.18165940046310425,0.0005932450294494629,-0.15364763140678406,0.035011887550354004,-0.1816866099834442,0.03435206413269043,-0.21669891476631165,0.025612711906433105,-0.1758236587047577,0.022358715534210205,-0.14877992868423462,FIST
0.0,0.0,-0.04422536492347717,-0.03994941711425781,-0.07605049014091492,-0.11346936225891113,-0.05703693628311157,-0.16299232840538025,-0.01685386896133423,-0.15319034457206726,-0.05602100491523743,-0.19041645526885986,-0.06453302502632141,-0.2472095787525177,-0.05854827165603638,-0.20561692118644714,-0.05081889033317566,-0.17625874280929565,-0.02667263150215149,-0.19807377457618713,-0.03138178586959839,-0.2539874315261841,-0.028253018856048584,-0.19985294342041016,-0.02406272292137146,-0.1722327172756195,0.001357734203338623,-0.19285285472869873,0.0019722580909729004,-0.22696799039840698,-8.320808410644531e-05,-0.1730547547340393,-0.00019216537475585938,-0.14888188242912292,0.02884531021118164,-0.17696011066436768,0.02977508306503296,-0.210249662399292,0.024022042751312256,-0.17106008529663086,0.021206915378570557,-0.1475542187690735,FIST
0.0,0.0,-0.06095898151397705,-0.0019379258155822754,-0.11744195222854614,-0.036541521549224854,-0.11825531721115112,-0.044931113719940186,-0.06258988380432129,-0.054554760456085205,-0.09177893400192261,-0.28541213274002075,-0.10867583751678467,-0.1702784299850464,-0.0973019003868103,-0.09801715612411499,-0.08604544401168823,-0.12154072523117065,-0.03438615798950195,-0.3025880455970764,-0.04860323667526245,-0.1525411605834961,-0.05223292112350464,-0.08151388168334961,-0.05192136764526367,-0.134646475315094,0.01768183708190918,-0.2766166627407074,0.006543576717376709,-0.12120360136032104,-0.008349597454071045,-0.06433743238449097,-0.010373830795288086,-0.10878503322601318,0.06166422367095947,-0.23329845070838928,0.05157625675201416,-0.10850173234939575,0.035364627838134766,-0.062243878841400146,0.030434072017669678,-0.08964502811431885,FIST
0.0,0.0,-0.0596158504486084,-0.0064601898193359375,-0.11840897798538208,-0.04029566049575806,-0.1326369047164917,-0.06094503402709961,-0.08378487825393677,-0.0774049162864685,-0.09392750263214111,-0.28889018297195435,-0.10965436697006226,-0.1786663830280304,-0.09827446937561035,-0.10429739952087402,-0.088381826877594,-0.12483137845993042,-0.038175225257873535,-0.3082769513130188,-0.050403594970703125,-0.16080522537231445,-0.05303853750228882,-0.08430236577987671,-0.054190754890441895,-0.12962311506271362,0.013989508152008057,-0.28566884994506836,0.004617631435394287,-0.13155841827392578,-0.010215938091278076,-0.07176655530929565,-0.015708744525909424,-0.11186546087265015,0.05777764320373535,-0.24349910020828247,0.04877662658691406,-0.11516803503036499,0.0332222580909729,-0.06540775299072266,0.025829732418060303,-0.08976519107818604,FIST
0.0,0.0,-0.05975520610809326,-0.007148027420043945,-0.11798655986785889,-0.04507869482040405,-0.12059026956558228,-0.060515642166137695,-0.06370198726654053,-0.07111293077468872,-0.09208548069000244,-0.2904161214828491,-0.10398334264755249,-0.18313726782798767,-0.09527206420898438,-0.10568785667419434,-0.08562546968460083,-0.12724894285202026,-0.03563755750656128,-0.31080639362335205,-0.04363095760345459,-0.1650180220603943,-0.050788283348083496,-0.09228205680847168,-0.052963435649871826,-0.1378619372844696,0.015472710132598877,-0.28788942098617554,0.009443163871765137,-0.13303974270820618,-0.008205533027648926,-0.07591193914413452,-0.014594435691833496,-0.11990559101104736,0.05942177772521973,-0.24566912651062012,0.05214333534240723,-0.11726111173629761,0.03476053476333618,-0.06817138195037842,0.02572721242904663,-0.09388870000839233,FIST
0.0,0.0,-0.06300842761993408,-0.004386425018310547,-0.12140542268753052,-0.04406404495239258,-0.11857497692108154,-0.055093467235565186,-0.06021249294281006,-0.06245952844619751,-0.09241950511932373,-0.29111725091934204,-0.1073562502861023,-0.17671748995780945,-0.0974961519241333,-0.103954017162323,-0.08703190088272095,-0.12758058309555054,-0.035512328147888184,-0.3094066381454468,-0.04775822162628174,-0.1585294008255005,-0.052942633628845215,-0.08909344673156738,-0.05314350128173828,-0.13930416107177734,0.01587533950805664,-0.28360065817832947,0.00761789083480835,-0.1274789571762085,-0.008438050746917725,-0.07119476795196533,-0.012211024761199951,-0.11376023292541504,0.0600702166557312,-0.23940250277519226,0.05127805471420288,-0.1144910454750061,0.035263895988464355,-0.06894463300704956,0.028888821601867676,-0.09624111652374268,FIST
0.0,0.0,-0.05840688943862915,-0.0024463534355163574,-0.11293411254882812,-0.031145095825195312,-0.11613154411315918,-0.03362351655960083,-0.06641340255737305,-0.046822965145111084,-0.09440892934799194,-0.2803320288658142,-0.10931611061096191,-0.1630430519580841,-0.09677261114120483,-0.09175974130630493,-0.08398056030273438,-0.1147581934928894,-0.03611636161804199,-0.297445148229599,-0.04768061637878418,-0.14182814955711365,-0.04978996515274048,-0.07850635051727295,-0.04936116933822632,-0.1316756010055542,0.017237484455108643,-0.2726428508758545,0.007218062877655029,-0.10893785953521729,-0.005815446376800537,-0.058672308921813965,-0.007835626602172852,-0.10631388425827026,0.06202542781829834,-0.23191559314727783,0.04994523525238037,-0.09946376085281372,0.03652632236480713,-0.058003365993499756,0.0340573787689209,-0.09131002426147461,FIST
0.0,0.0,-0.06534695625305176,-0.007679402828216553,-0.12550199031829834,-0.06616544723510742,-0.11819034814834595,-0.10329002141952515,-0.06008040904998779,-0.11148548126220703,-0.09710675477981567,-0.3080613315105438,-0.11373496055603027,-0.22155791521072388,-0.10365492105484009,-0.1439550518989563,-0.0947980284690857,-0.16156768798828125,-0.04400283098220825,-0.3336230516433716,-0.05364269018173218,-0.2119750678539276,-0.054998815059661865,-0.12628895044326782,-0.05516684055328369,-0.1576804518699646,0.0054285526275634766,-0.3153296411037445,-0.0004913806915283203,-0.18278446793556213,-0.01132577657699585,-0.11209738254547119,-0.015629172325134277,-0.1437666118144989,0.05081135034561157,-0.27740374207496643,0.04360008239746094,-0.16624665260314941,0.02961874008178711,-0.10887658596038818,0.021263182163238525,-0.1285134255886078,FIST
0.0,0.0,-0.06435596942901611,-0.00900191068649292,-0.1276841163635254,-0.09072375297546387,-0.12731564044952393,-0.1613083779811859,-0.06572741270065308,-0.17644807696342468,-0.10413050651550293,-0.32663267850875854,-0.11776977777481079,-0.27274245023727417,-0.10905301570892334,-0.17851179838180542,-0.10023057460784912,-0.1936444342136383,-0.05283629894256592,-0.356084942817688,-0.06107640266418457,-0.2752973437309265,-0.06295919418334961,-0.16364607214927673,-0.06301295757293701,-0.205731600522995,-0.0048866868019104,-0.340082585811615,-0.008760988712310791,-0.23721110820770264,-0.017151236534118652,-0.149309903383255,-0.01843869686126709,-0.1832820475101471,0.04091298580169678,-0.3080599308013916,0.03800225257873535,-0.21366190910339355,0.026945412158966064,-0.15349549055099487,0.020104527473449707,-0.17194980382919312,FIST
0.0,0.0,-0.0607985258102417,-0.024049997329711914,-0.1272847056388855,-0.1208120584487915,-0.12654346227645874,-0.20337501168251038,-0.0693560242652893,-0.22269907593727112,-0.10566592216491699,-0.3408195972442627,-0.11687451601028442,-0.3146640360355377,-0.10145443677902222,-0.21280333399772644,-0.09315484762191772,-0.21789750456809998,-0.0560840368270874,-0.37116914987564087,-0.06023883819580078,-0.31846126914024353,-0.057206034660339355,-0.20254945755004883,-0.060315489768981934,-0.22592848539352417,-0.0074610114097595215,-0.3579006791114807,-0.006860613822937012,-0.2881479561328888,-0.012507259845733643,-0.18923166394233704,-0.01811903715133667,-0.21176445484161377,0.04061645269393921,-0.32797640562057495,0.04076051712036133,-0.26435011625289917,0.030728042125701904,-0.1954764425754547,0.022081613540649414,-0.20615026354789734,FIST
0.0,0.0,-0.06217503547668457,-0.02575904130935669,-0.13026535511016846,-0.12999802827835083,-0.13089138269424438,-0.23124068975448608,-0.06778484582901001,-0.24534517526626587,-0.1026601791381836,-0.3089131712913513,-0.12105250358581543,-0.3334789574146271,-0.10800045728683472,-0.23377877473831177,-0.09746724367141724,-0.23484262824058533,-0.05510622262954712,-0.33134523034095764,-0.06560325622558594,-0.3490633964538574,-0.06152689456939697,-0.22446057200431824,-0.05808889865875244,-0.2360040247440338,-0.008662879467010498,-0.3220980167388916,-0.012692153453826904,-0.32599762082099915,-0.017229437828063965,-0.21510103344917297,-0.015384972095489502,-0.22465381026268005,0.040196120738983154,-0.2997535169124603,0.03401535749435425,-0.30229902267456055,0.024900734424591064,-0.2270699143409729,0.024010539054870605,-0.22325825691223145,FIST
0.0,0.0,-0.06542795896530151,-0.02954113483428955,-0.13550370931625366,-0.13699334859848022,-0.14440637826919556,-0.23793569207191467,-0.08377194404602051,-0.24702876806259155,-0.10131406784057617,-0.32642585039138794,-0.1276470422744751,-0.3405343294143677,-0.11509472131729126,-0.23627731204032898,-0.10232973098754883,-0.23732101917266846,-0.05271494388580322,-0.3450379967689514,-0.07211995124816895,-0.3465103507041931,-0.06887143850326538,-0.22320258617401123,-0.06083589792251587,-0.2337280809879303,-0.006395101547241211,-0.3295503556728363,-0.01989448070526123,-0.31421756744384766,-0.02492576837539673,-0.2053511142730713,-0.018277347087860107,-0.21991756558418274,0.04167759418487549,-0.3029925227165222,0.02632761001586914,-0.2932770550251007,0.017060160636901855,-0.21814057230949402,0.021019577980041504,-0.2166011929512024,FIST
0.0,0.0,-0.07817608118057251,-0.0446925163269043,-0.14259779453277588,-0.13608616590499878,-0.17183509469032288,-0.21315217018127441,-0.12588179111480713,-0.21701255440711975,-0.08182728290557861,-0.35335448384284973,-0.14184927940368652,-0.3266235291957855,-0.12769782543182373,-0.2300988733768463,-0.10625237226486206,-0.23630207777023315,-0.037564635276794434,-0.3657084107398987,-0.10049283504486084,-0.3004295825958252,-0.08830100297927856,-0.19029933214187622,-0.06644034385681152,-0.2079974114894867,0.004632055759429932,-0.33782416582107544,-0.04955381155014038,-0.2559584975242615,-0.047430455684661865,-0.1588004231452942,-0.027603507041931152,-0.17841586470603943,0.044036030769348145,-0.2910439968109131,0.00015103816986083984,-0.2199338972568512,-0.00720745325088501,-0.15468370914459229,0.005355179309844971,-0.16344380378723145,FIST
0.0,0.0,-0.07716512680053711,-0.05291485786437988,-0.13231879472732544,-0.1309797167778015,-0.16013965010643005,-0.1885986626148224,-0.13033241033554077,-0.17760199308395386,-0.06246137619018555,-0.35557448863983154,-0.1353713572025299,-0.30320560932159424,-0.12453943490982056,-0.21616345643997192,-0.10079240798950195,-0.21309417486190796,-0.016966938972473145,-0.3463539183139801,-0.09766167402267456,-0.25190266966819763,-0.0893828272819519,-0.1647528111934662,-0.06647074222564697,-0.17304211854934692,0.021094441413879395,-0.2976033687591553,-0.05440729856491089,-0.19780096411705017,-0.05220496654510498,-0.12283754348754883,-0.031233668327331543,-0.13113194704055786,0.053046345710754395,-0.23261460661888123,-0.007765531539916992,-0.1513221263885498,-0.011187911033630371,-0.10274755954742432,0.004942417144775391,-0.11017155647277832,FIST
0.0,0.0,-0.08014243841171265,-0.05482596158981323,-0.13700705766677856,-0.1260334849357605,-0.16386926174163818,-0.16705262660980225,-0.13568115234375,-0.15522822737693787,-0.06441515684127808,-0.3504917621612549,-0.13949942588806152,-0.27619633078575134,-0.12435787916183472,-0.19787701964378357,-0.098477303981781,-0.20543712377548218,-0.019163310527801514,-0.33125025033950806,-0.10694742202758789,-0.20924928784370422,-0.09167927503585815,-0.1446039378643036,-0.06617575883865356,-0.17640554904937744,0.017232000827789307,-0.2730155289173126,-0.06556808948516846,-0.1514064371585846,-0.0568079948425293,-0.09863579273223877,-0.03255981206893921,-0.12197041511535645,0.04428720474243164,-0.19837597012519836,-0.02420109510421753,-0.09984296560287476,-0.01914668083190918,-0.06795918941497803,0.002217888832092285,-0.09129607677459717,FIST
0.0,0.0,-0.07939177751541138,-0.05421370267868042,-0.13747525215148926,-0.11490333080291748,-0.16897925734519958,-0.14659136533737183,-0.14746403694152832,-0.12589293718338013,-0.07508635520935059,-0.3439485728740692,-0.14800339937210083,-0.24312767386436462,-0.12771141529083252,-0.17929545044898987,-0.10218966007232666,-0.19900089502334595,-0.027657747268676758,-0.32078981399536133,-0.11387240886688232,-0.1796053647994995,-0.09486466646194458,-0.13471132516860962,-0.07166022062301636,-0.17806434631347656,0.010869801044464111,-0.2584211826324463,-0.07185590267181396,-0.12019726634025574,-0.059895992279052734,-0.08648568391799927,-0.036680400371551514,-0.12030482292175293,0.039524734020233154,-0.17972564697265625,-0.03005969524383545,-0.0715600848197937,-0.02297133207321167,-0.05351489782333374,-0.0028985142707824707,-0.08509677648544312,FIST
0.0,0.0,-0.07252269983291626,-0.046829938888549805,-0.13171792030334473,-0.0808524489402771,-0.16752076148986816,-0.08571732044219971,-0.14388984441757202,-0.07183319330215454,-0.07883918285369873,-0.30777794122695923,-0.14945858716964722,-0.18044480681419373,-0.12827908992767334,-0.12668877840042114,-0.10407310724258423,-0.15397152304649353,-0.02759319543838501,-0.2786426544189453,-0.11004865169525146,-0.11490550637245178,-0.09249317646026611,-0.08954358100891113,-0.07354313135147095,-0.1437053084373474,0.014468550682067871,-0.2120569944381714,-0.06491905450820923,-0.057014644145965576,-0.054147422313690186,-0.04911375045776367,-0.03439360857009888,-0.09426313638687134,0.04548591375350952,-0.13243529200553894,-0.02068173885345459,-0.017639577388763428,-0.013317883014678955,-0.019017398357391357,0.0052928924560546875,-0.06145089864730835,FIST
0.0,0.0,-0.06250584125518799,-0.019235312938690186,-0.12088912725448608,-0.030611753463745117,-0.14349693059921265,0.0038279294967651367,-0.10286200046539307,0.041158318519592285,-0.07065904140472412,-0.23119878768920898,-0.1294950246810913,-0.07469457387924194,-0.10928106307983398,-0.03722241520881653,-0.08798491954803467,-0.07799002528190613,-0.01601099967956543,-0.20826920866966248,-0.0822555422782898,-0.009838998317718506,-0.06698340177536011,-0.010757803916931152,-0.052292704582214355,-0.08061423897743225,0.0301361083984375,-0.14949053525924683,-0.032405078411102295,0.03334575891494751,-0.026642799377441406,0.015034615993499756,-0.01260918378829956,-0.04570281505584717,0.06437337398529053,-0.08063715696334839,0.01081240177154541,0.05051290988922119,0.014925599098205566,0.03190129995346069,0.029574930667877197,-0.022668063640594482,FIST
0.0,0.0,-0.05321282148361206,0.00837928056716919,-0.11213159561157227,0.009874284267425537,-0.11430293321609497,0.05496346950531006,-0.0583154559135437,0.08445525169372559,-0.06657695770263672,-0.1898854672908783,-0.0964970588684082,-0.010852634906768799,-0.08757692575454712,0.025555670261383057,-0.0705031156539917,-0.01833459734916687,-0.0034514665603637695,-0.18498757481575012,-0.03689110279083252,0.040373921394348145,-0.04027897119522095,0.03464418649673462,-0.0350571870803833,-0.04099637269973755,0.04914206266403198,-0.1435616910457611,0.013139486312866211,0.06866878271102905,0.001468956470489502,0.042835116386413574,0.005970358848571777,-0.02877587080001831,0.0879930853843689,-0.0889701247215271,0.05405324697494507,0.05453324317932129,0.04492640495300293,0.03550291061401367,0.05215716361999512,-0.018681228160858154,FIST
0.0,0.0,-0.05445760488510132,0.016254544258117676,-0.11305761337280273,0.024209022521972656,-0.11496132612228394,0.0668744444847107,-0.06183749437332153,0.08447539806365967,-0.07086002826690674,-0.18378832936286926,-0.08525753021240234,-0.001919567584991455,-0.08283531665802002,0.029700160026550293,-0.07387077808380127,-0.01857137680053711,-0.009932160377502441,-0.18718326091766357,-0.026704251766204834,0.0359686017036438,-0.03488689661026001,0.028362512588500977,-0.03667008876800537,-0.04895791411399841,0.04273253679275513,-0.15584683418273926,0.020861327648162842,0.05509233474731445,0.005115509033203125,0.03556406497955322,0.0029348134994506836,-0.03623887896537781,0.08266514539718628,-0.10973230004310608,0.05948561429977417,0.03393930196762085,0.04538130760192871,0.02293527126312256,0.04507321119308472,-0.027936935424804688,FIST
0.0,0.0,-0.056052327156066895,0.02361363172531128,-0.11241674423217773,0.032306134700775146,-0.10057801008224487,0.07689589262008667,-0.041394174098968506,0.09772557020187378,-0.06871795654296875,-0.17985302209854126,-0.07463514804840088,-0.006523311138153076,-0.0774773359298706,0.0256880521774292,-0.07154971361160278,-0.017305314540863037,-0.0062195658683776855,-0.1884557604789734,-0.01631838083267212,0.02836024761199951,-0.03136509656906128,0.02198892831802368,-0.03526461124420166,-0.049668967723846436,0.0465046763420105,-0.15909665822982788,0.030426383018493652,0.05037599802017212,0.008089780807495117,0.0334925651550293,0.0031284093856811523,-0.03389832377433777,0.086192786693573,-0.1128225326538086,0.06732320785522461,0.02986729145050049,0.04880422353744507,0.018181681632995605,0.04483306407928467,-0.030356764793395996,FIST
0.0,0.0,-0.055251896381378174,0.024604320526123047,-0.10699480772018433,0.037887632846832275,-0.09320294857025146,0.08493536710739136,-0.03832972049713135,0.10156816244125366,-0.07149708271026611,-0.17106246948242188,-0.06922566890716553,0.003396332263946533,-0.07432889938354492,0.032163023948669434,-0.0727921724319458,-0.012321829795837402,-0.01114577054977417,-0.18430274724960327,-0.012731969356536865,0.02732008695602417,-0.029940009117126465,0.025500357151031494,-0.036538660526275635,-0.04519382119178772,0.04030036926269531,-0.16075178980827332,0.033670663833618164,0.04161745309829712,0.011039316654205322,0.029576659202575684,0.003445863723754883,-0.037259072065353394,0.07930243015289307,-0.11962980031967163,0.06937158107757568,0.01932382583618164,0.051587581634521484,0.011998474597930908,0.04592311382293701,-0.036132752895355225,FIST
0.0,0.0,-0.05405783653259277,0.025554120540618896,-0.10099077224731445,0.03259974718093872,-0.08307760953903198,0.07418650388717651,-0.03290599584579468,0.07839399576187134,-0.07628083229064941,-0.179852694272995,-0.06304830312728882,-0.018212318420410156,-0.06908255815505981,0.013258397579193115,-0.07211834192276001,-0.02767348289489746,-0.01803070306777954,-0.20078161358833313,-0.005661725997924805,0.0033143162727355957,-0.023936688899993896,0.014492154121398926,-0.03543025255203247,-0.054272234439849854,0.033950090408325195,-0.18490326404571533,0.04044973850250244,0.009109079837799072,0.015944719314575195,0.009934484958648682,0.002768576145172119,-0.0538179874420166,0.07431817054748535,-0.15073701739311218,0.07426333427429199,-0.015401124954223633,0.05489438772201538,-0.014492630958557129,0.044432222843170166,-0.060405462980270386,FIST
0.0,0.0,-0.050196945667266846,0.03753119707107544,-0.09319567680358887,0.05348306894302368,-0.06964373588562012,0.08010417222976685,-0.018835604190826416,0.07014793157577515,-0.08465778827667236,-0.1796979308128357,-0.058308959007263184,-0.02377098798751831,-0.061115264892578125,0.021070003509521484,-0.06668120622634888,-0.013888180255889893,-0.02864938974380493,-0.20829835534095764,0.0020055174827575684,-0.006519794464111328,-0.0163041353225708,0.022945761680603027,-0.033113181591033936,-0.04042088985443115,0.023320913314819336,-0.20075803995132446,0.04759824275970459,-0.009216785430908203,0.022758662700653076,0.0010983943939208984,0.004348576068878174,-0.062122344970703125,0.06586939096450806,-0.17354163527488708,0.0785723328590393,-0.03930222988128662,0.06014317274093628,-0.0350642204284668,0.04682493209838867,-0.08581781387329102,FIST
0.0,0.0,-0.05325669050216675,0.040311455726623535,-0.09616094827651978,0.07069021463394165,-0.07174205780029297,0.12316352128982544,-0.017362892627716064,0.1385486125946045,-0.07828325033187866,-0.1446620225906372,-0.05258399248123169,0.03266024589538574,-0.06145888566970825,0.05399054288864136,-0.0681447982788086,0.009974420070648193,-0.02014029026031494,-0.17038679122924805,0.004124820232391357,0.04878908395767212,-0.015206098556518555,0.0459330677986145,-0.028487741947174072,-0.02371037006378174,0.03350794315338135,-0.1598520576953888,0.04973769187927246,0.04578685760498047,0.025174200534820557,0.03318542242050171,0.011562943458557129,-0.03473442792892456,0.07652992010116577,-0.13079911470413208,0.08201730251312256,0.012254595756530762,0.061516523361206055,0.0034479498863220215,0.050868093967437744,-0.045742809772491455,FIST
0.0,0.0,-0.05598956346511841,0.03704458475112915,-0.10400635004043579,0.0640060305595398,-0.08412832021713257,0.11951833963394165,-0.0271146297454834,0.13950598239898682,-0.07431358098983765,-0.146933913230896,-0.05951869487762451,0.03917664289474487,-0.06483191251754761,0.06453526020050049,-0.06562680006027222,0.020170092582702637,-0.014099597930908203,-0.16473013162612915,-0.002942025661468506,0.06984031200408936,-0.018835484981536865,0.0659630298614502,-0.028164803981781006,-0.005734086036682129,0.03996419906616211,-0.14772725105285645,0.04209089279174805,0.0699428915977478,0.018552422523498535,0.05592066049575806,0.006844878196716309,-0.010432839393615723,0.08250457048416138,-0.1146647036075592,0.07467889785766602,0.03186297416687012,0.05331456661224365,0.02567952871322632,0.04289829730987549,-0.01900869607925415,FIST
0.0,0.0,-0.060632526874542236,0.031493961811065674,-0.1096143126487732,0.06527352333068848,-0.09048473834991455,0.1360790729522705,-0.0364764928817749,0.1660410761833191,-0.06648993492126465,-0.11731016635894775,-0.061124444007873535,0.08518648147583008,-0.07150512933731079,0.09478163719177246,-0.07365429401397705,0.043451547622680664,-0.005069732666015625,-0.12333965301513672,-0.005685210227966309,0.11656832695007324,-0.023025989532470703,0.10497021675109863,-0.03106600046157837,0.028805196285247803,0.04855465888977051,-0.10275980830192566,0.039992690086364746,0.11944699287414551,0.017760276794433594,0.10316383838653564,0.007744193077087402,0.03039562702178955,0.09116673469543457,-0.0693579912185669,0.07646799087524414,0.09083980321884155,0.05611765384674072,0.10175985097885132,0.048383116722106934,0.06578654050827026,FIST
0.0,0.0,-0.06645327806472778,0.042556822299957275,-0.11209923028945923,0.12279212474822998,-0.09943073987960815,0.22505921125411987,-0.046227216720581055,0.27733975648880005,-0.06420004367828369,-0.01828831434249878,-0.06966376304626465,0.21704798936843872,-0.07403832674026489,0.22088128328323364,-0.07489603757858276,0.16105037927627563,0.0009521842002868652,-0.008702248334884644,-0.00957578420639038,0.2504907250404358,-0.027321219444274902,0.22904032468795776,-0.034100115299224854,0.16049867868423462,0.05714160203933716,0.023238182067871094,0.03666245937347412,0.269417941570282,0.009081006050109863,0.24330288171768188,0.0008369684219360352,0.1749928593635559,0.0976177453994751,0.06546705961227417,0.07065457105636597,0.251778244972229,0.04416322708129883,0.2302563190460205,0.03471475839614868,0.17001235485076904,FIST
0.0,0.0,-0.06948930025100708,0.032936036586761475,-0.11481320858001709,0.15843594074249268,-0.09617257118225098,0.2892393469810486,-0.04843759536743164,0.34055179357528687,-0.07694745063781738,0.06861180067062378,-0.09210795164108276,0.28121960163116455,-0.08429771661758423,0.25492846965789795,-0.07223403453826904,0.20155704021453857,-0.014251172542572021,0.05831587314605713,-0.035318076610565186,0.3008847236633301,-0.036373674869537354,0.2679075002670288,-0.027134299278259277,0.19778156280517578,0.037971675395965576,0.07225584983825684,0.017311811447143555,0.30372554063796997,0.007071733474731445,0.27654099464416504,0.010815024375915527,0.21303385496139526,0.08099031448364258,0.0995129942893982,0.0590938925743103,0.2795753479003906,0.04477936029434204,0.26745009422302246,0.04700934886932373,0.2174115777015686,FIST
0.0,0.0,-0.06944233179092407,0.03267499804496765,-0.10500156879425049,0.13648563623428345,-0.08511197566986084,0.25414329767227173,-0.05080533027648926,0.304227352142334,-0.07462859153747559,0.04057425260543823,-0.07774615287780762,0.2594519853591919,-0.08932405710220337,0.24718701839447021,-0.09069967269897461,0.19588124752044678,-0.01454383134841919,0.03275543451309204,-0.0247802734375,0.2681552767753601,-0.043006956577301025,0.25318413972854614,-0.04103022813796997,0.19407391548156738,0.035952627658843994,0.04866814613342285,0.016777515411376953,0.27130478620529175,-0.002160489559173584,0.2499607801437378,-0.0005334615707397461,0.18893158435821533,0.07740318775177002,0.0787355899810791,0.05576962232589722,0.24568384885787964,0.03398847579956055,0.24058520793914795,0.03310561180114746,0.19739693403244019,FIST
0.0,0.0,-0.07034063339233398,0.03415632247924805,-0.10703504085540771,0.1393311619758606,-0.08904749155044556,0.2518887519836426,-0.03498804569244385,0.286628782749176,-0.06488251686096191,0.001565396785736084,-0.0705568790435791,0.22161078453063965,-0.07223320007324219,0.18730521202087402,-0.06751233339309692,0.12680339813232422,-0.006373465061187744,-8.13603401184082e-05,-0.015816688537597656,0.23903661966323853,-0.029138624668121338,0.20743858814239502,-0.025769054889678955,0.15034246444702148,0.043586909770965576,0.021980702877044678,0.023359239101409912,0.24164056777954102,0.009966611862182617,0.2063848376274109,0.01181882619857788,0.14389634132385254,0.08596909046173096,0.05896008014678955,0.06423962116241455,0.2262171506881714,0.04926341772079468,0.20519554615020752,0.0524519681930542,0.15453702211380005,FIST
0.0,0.0,-0.07141119241714478,0.04064488410949707,-0.11698019504547119,0.1409296989440918,-0.1126130223274231,0.25107908248901367,-0.07891035079956055,0.31046974658966064,-0.10547363758087158,0.015671193599700928,-0.12217652797698975,0.2361425757408142,-0.10519957542419434,0.22180217504501343,-0.09482014179229736,0.17394179105758667,-0.04895889759063721,0.01646655797958374,-0.06217038631439209,0.26453065872192383,-0.05736947059631348,0.22510260343551636,-0.05209380388259888,0.16802912950515747,0.004327058792114258,0.04019421339035034,-0.018760263919830322,0.26774317026138306,-0.018659532070159912,0.21791189908981323,-0.013315856456756592,0.15561527013778687,0.04976719617843628,0.07919657230377197,0.02414005994796753,0.24058055877685547,0.018396079540252686,0.2058185338973999,0.024527907371520996,0.14923006296157837,FIST
0.0,0.0,-0.07744789123535156,0.021301090717315674,-0.12453275918960571,0.07389378547668457,-0.14210951328277588,0.15814197063446045,-0.14113306999206543,0.21320205926895142,-0.12083923816680908,-0.06295382976531982,-0.13895881175994873,0.1383398175239563,-0.11588472127914429,0.1457585096359253,-0.10265392065048218,0.09187299013137817,-0.06075906753540039,-0.0512394905090332,-0.08686405420303345,0.1760038137435913,-0.07416039705276489,0.15872138738632202,-0.06711083650588989,0.09756624698638916,-0.004367649555206299,-0.014002591371536255,-0.032796621322631836,0.19449782371520996,-0.027662038803100586,0.16666573286056519,-0.019518494606018066,0.10226118564605713,0.0420953631401062,0.028295814990997314,0.01398468017578125,0.17922157049179077,0.009593486785888672,0.152063250541687,0.01653587818145752,0.08903175592422485,FIST
0.0,0.0,-0.06937801837921143,0.016156911849975586,-0.12000882625579834,0.061059415340423584,-0.14076411724090576,0.12147945165634155,-0.12505972385406494,0.15249782800674438,-0.10667335987091064,-0.11547380685806274,-0.1395958960056305,0.08369463682174683,-0.12193948030471802,0.08387255668640137,-0.11247885227203369,0.024569213390350342,-0.051047325134277344,-0.10398843884468079,-0.09009897708892822,0.12845802307128906,-0.07909643650054932,0.10311198234558105,-0.07640635967254639,0.03424572944641113,0.0017403960227966309,-0.06615293025970459,-0.03822261095046997,0.15125566720962524,-0.03672778606414795,0.11478811502456665,-0.035082876682281494,0.05114448070526123,0.046690940856933594,-0.017319560050964355,0.011536121368408203,0.14293652772903442,0.010138630867004395,0.10822820663452148,0.011587262153625488,0.042285799980163574,FIST
0.0,0.0,-0.07554465532302856,0.004599124193191528,-0.13363510370254517,0.053444504737854004,-0.16746100783348083,0.14149010181427002,-0.18131199479103088,0.1878679394721985,-0.14550060033798218,-0.08941614627838135,-0.18097460269927979,0.10128915309906006,-0.15595334768295288,0.12278550863265991,-0.13913708925247192,0.08060413599014282,-0.0891416072845459,-0.06548458337783813,-0.13486438989639282,0.1640775203704834,-0.11700767278671265,0.15294963121414185,-0.10779821872711182,0.09748560190200806,-0.03389573097229004,-0.01777711510658264,-0.0824047327041626,0.19545072317123413,-0.06699568033218384,0.16672289371490479,-0.057244718074798584,0.10655194520950317,0.014720678329467773,0.038415491580963135,-0.03285866975784302,0.1911901831626892,-0.02787327766418457,0.16542571783065796,-0.020104527473449707,0.10826224088668823,FIST
0.0,0.0,-0.07232844829559326,0.003017991781234741,-0.13532322645187378,0.038978397846221924,-0.17477968335151672,0.11566078662872314,-0.19747281074523926,0.1506342887878418,-0.15886464715003967,-0.12062957882881165,-0.20453906059265137,0.07054269313812256,-0.17450198531150818,0.09798270463943481,-0.1525605320930481,0.057317912578582764,-0.11168849468231201,-0.10016769170761108,-0.16291332244873047,0.12589973211288452,-0.13592875003814697,0.11955499649047852,-0.12132018804550171,0.06886875629425049,-0.06263643503189087,-0.053710490465164185,-0.11655580997467041,0.15571987628936768,-0.09114515781402588,0.13396620750427246,-0.07761836051940918,0.07600998878479004,-0.016490399837493896,0.0031753182411193848,-0.07055896520614624,0.15618717670440674,-0.0561710000038147,0.13596481084823608,-0.04107975959777832,0.08036291599273682,FIST
0.0,0.0,-0.07140809297561646,-0.011268943548202515,-0.14456677436828613,-0.017781436443328857,-0.1961125135421753,-0.012553662061691284,-0.22729229927062988,-0.03992524743080139,-0.16281849145889282,-0.1482134461402893,-0.21452069282531738,0.023866653442382812,-0.18369486927986145,0.054347217082977295,-0.16276472806930542,0.020366191864013672,-0.12829428911209106,-0.12419503927230835,-0.18439608812332153,0.07404601573944092,-0.15204045176506042,0.07813024520874023,-0.13399386405944824,0.03883826732635498,-0.09142738580703735,-0.0800146758556366,-0.14783939719200134,0.10206001996994019,-0.11666196584701538,0.09890228509902954,-0.09980946779251099,0.05549943447113037,-0.05328875780105591,-0.025427699089050293,-0.10875815153121948,0.10682421922683716,-0.08910506963729858,0.1066625714302063,-0.07018828392028809,0.06968486309051514,FIST
0.0,0.0,-0.07877480983734131,0.002033233642578125,-0.14824876189231873,-0.016402781009674072,-0.19776445627212524,-0.02664664387702942,-0.22659346461296082,-0.049369096755981445,-0.16979098320007324,-0.16391611099243164,-0.22583645582199097,0.009370625019073486,-0.19215911626815796,0.03915005922317505,-0.17152878642082214,0.004800558090209961,-0.1387232542037964,-0.1485138237476349,-0.19803228974342346,0.05442309379577637,-0.16229793429374695,0.06101822853088379,-0.14289864897727966,0.02165168523788452,-0.10523730516433716,-0.10999873280525208,-0.16295641660690308,0.07709556818008423,-0.12667667865753174,0.07746243476867676,-0.10798490047454834,0.03563404083251953,-0.06954437494277954,-0.057331353425979614,-0.12207984924316406,0.0806235671043396,-0.09893900156021118,0.08436638116836548,-0.08144104480743408,0.04767698049545288,FIST
0.0,0.0,-0.08158981800079346,0.029594063758850098,-0.14603370428085327,0.02602177858352661,-0.1889800727367401,0.04215770959854126,-0.20963868498802185,0.05000978708267212,-0.1791241466999054,-0.162134051322937,-0.23159214854240417,0.01301717758178711,-0.1994575560092926,0.04563969373703003,-0.17782717943191528,0.015287280082702637,-0.1505778431892395,-0.1588720977306366,-0.20244118571281433,0.04500764608383179,-0.1676211655139923,0.058761537075042725,-0.14876025915145874,0.02299898862838745,-0.11689043045043945,-0.12893730401992798,-0.16722676157951355,0.0619814395904541,-0.1328105330467224,0.06969928741455078,-0.115131676197052,0.03292262554168701,-0.08065986633300781,-0.07991743087768555,-0.12668752670288086,0.06217002868652344,-0.1043815016746521,0.06834691762924194,-0.08779996633529663,0.032761335372924805,FIST
0.0,0.0,-0.08815324306488037,0.035634398460388184,-0.14987418055534363,0.021188974380493164,-0.19367074966430664,-0.0014401674270629883,-0.2221655249595642,-0.034277915954589844,-0.17613327503204346,-0.1639925241470337,-0.22967085242271423,-0.0029717683792114258,-0.19734466075897217,0.03465282917022705,-0.1753963828086853,0.010006487369537354,-0.1509472131729126,-0.16434228420257568,-0.20279493927955627,0.030104219913482666,-0.16760984063148499,0.053858280181884766,-0.14731603860855103,0.022316157817840576,-0.12111717462539673,-0.13624221086502075,-0.17089396715164185,0.0462990403175354,-0.13541722297668457,0.06499975919723511,-0.11649155616760254,0.03248876333236694,-0.08809453248977661,-0.09103789925575256,-0.13285231590270996,0.04531139135360718,-0.10904800891876221,0.060784757137298584,-0.09162718057632446,0.030864238739013672,FIST
0.0,0.0,-0.08638286590576172,0.024988770484924316,-0.14956629276275635,-0.0033562779426574707,-0.19473883509635925,-0.038730502128601074,-0.2288767695426941,-0.07211145758628845,-0.17683780193328857,-0.1787925660610199,-0.22585690021514893,-0.012411743402481079,-0.19368603825569153,0.03497380018234253,-0.16891542077064514,0.02119392156600952,-0.1541767120361328,-0.18301957845687866,-0.20262548327445984,0.019479036331176758,-0.16766613721847534,0.05444115400314331,-0.14532971382141113,0.039327919483184814,-0.1270294189453125,-0.15712296962738037,-0.17564800381660461,0.02983039617538452,-0.13921266794204712,0.057030558586120605,-0.1173025369644165,0.03693723678588867,-0.09582322835922241,-0.11434122920036316,-0.13891899585723877,0.021307170391082764,-0.11653530597686768,0.04404252767562866,-0.09790301322937012,0.024305641651153564,FIST
0.0,0.0,-0.0916743278503418,0.025034546852111816,-0.15678191184997559,-0.001987546682357788,-0.20436638593673706,-0.03262770175933838,-0.24106141924858093,-0.060598284006118774,-0.18275105953216553,-0.1766781210899353,-0.2308984100818634,-0.01256471872329712,-0.19690552353858948,0.025806128978729248,-0.1735805869102478,0.0038906335830688477,-0.15921291708946228,-0.18163976073265076,-0.20520931482315063,0.02142620086669922,-0.16843029856681824,0.04948693513870239,-0.14781564474105835,0.0243375301361084,-0.13028258085250854,-0.15642333030700684,-0.17736667394638062,0.032273709774017334,-0.14042764902114868,0.054969966411590576,-0.12073272466659546,0.027090013027191162,-0.09774839878082275,-0.11364784836769104,-0.13745635747909546,0.031741201877593994,-0.11379009485244751,0.05006539821624756,-0.09655493497848511,0.022900700569152832,FIST
0.0,0.0,-0.0857006311416626,0.015397965908050537,-0.14799249172210693,0.0032036304473876953,-0.1923423409461975,-0.0011699795722961426,-0.22155532240867615,-0.020635873079299927,-0.16989991068840027,-0.18752580881118774,-0.21376332640647888,-0.011352241039276123,-0.18363729119300842,0.040345191955566406,-0.16070568561553955,0.032289981842041016,-0.1359097957611084,-0.19180819392204285,-0.1815808117389679,0.01608175039291382,-0.1482521891593933,0.03996843099594116,-0.12909036874771118,0.016644001007080078,-0.09840136766433716,-0.166997492313385,-0.1421303153038025,0.024130940437316895,-0.11138731241226196,0.03336489200592041,-0.09475517272949219,-7.081031799316406e-05,-0.06072890758514404,-0.12193375825881958,-0.10130852460861206,0.01846456527709961,-0.08180493116378784,0.02787548303604126,-0.06710577011108398,-0.0036296844482421875,FIST
0.0,0.0,-0.08233493566513062,0.010435938835144043,-0.14512526988983154,0.0032010674476623535,-0.18918904662132263,-0.004646956920623779,-0.21452897787094116,-0.04300364851951599,-0.15478968620300293,-0.20431339740753174,-0.1900390386581421,-0.03257837891578674,-0.15594324469566345,0.003247201442718506,-0.13724446296691895,-0.02956211566925049,-0.1133607029914856,-0.21210268139839172,-0.15201541781425476,-0.006989657878875732,-0.12113606929779053,0.007599592208862305,-0.10782545804977417,-0.03451761603355408,-0.06918638944625854,-0.18810999393463135,-0.10857701301574707,0.006287217140197754,-0.08408623933792114,0.0155256986618042,-0.07188135385513306,-0.022477149963378906,-0.026173889636993408,-0.1427386999130249,-0.06212174892425537,0.0035007596015930176,-0.04893678426742554,0.007186770439147949,-0.03778791427612305,-0.030151546001434326,FIST
0.0,0.0,-0.07559508085250854,0.005841314792633057,-0.1286003589630127,0.014223635196685791,-0.15410512685775757,0.044589996337890625,-0.1355162262916565,0.06610500812530518,-0.13697361946105957,-0.20965296030044556,-0.16461214423179626,-0.0294361412525177,-0.13403677940368652,0.003210008144378662,-0.11742532253265381,-0.03720146417617798,-0.08957993984222412,-0.2206503450870514,-0.12098312377929688,-0.008417010307312012,-0.09661740064620972,0.0037107467651367188,-0.08897823095321655,-0.04910928010940552,-0.04026991128921509,-0.1961192488670349,-0.07366818189620972,0.004362344741821289,-0.05636143684387207,0.007635653018951416,-0.04716068506240845,-0.03893318772315979,0.004288673400878906,-0.150071918964386,-0.026843130588531494,0.0005518198013305664,-0.0192948579788208,-0.0028615593910217285,-0.012938857078552246,-0.04961094260215759,FIST
0.0,0.0,-0.06330764293670654,0.009817004203796387,-0.11567401885986328,0.02635854482650757,-0.14492377638816833,0.05653500556945801,-0.12736111879348755,0.05681169033050537,-0.1248626708984375,-0.20715409517288208,-0.14918586611747742,-0.030946969985961914,-0.12262165546417236,0.004520714282989502,-0.10830789804458618,-0.03716564178466797,-0.07492661476135254,-0.21614626049995422,-0.10158604383468628,-0.004584550857543945,-0.08408111333847046,0.009548187255859375,-0.08019012212753296,-0.048300206661224365,-0.024341285228729248,-0.19055962562561035,-0.052716732025146484,0.006907403469085693,-0.0412103533744812,0.010094523429870605,-0.03483283519744873,-0.04098081588745117,0.01980292797088623,-0.14766079187393188,-0.005946993827819824,0.00213545560836792,8.559226989746094e-05,0.0019091367721557617,0.0057329535484313965,-0.04634007811546326,FIST
0.0,0.0,-0.06037342548370361,0.018145203590393066,-0.1181451678276062,0.035822510719299316,-0.1300477385520935,0.07621496915817261,-0.08320474624633789,0.08121055364608765,-0.10207879543304443,-0.17613917589187622,-0.12131562829017639,0.00879526138305664,-0.09436362981796265,0.04520350694656372,-0.07815355062484741,0.0035811662673950195,-0.048931241035461426,-0.19247254729270935,-0.06724154949188232,0.03942686319351196,-0.05524963140487671,0.038653671741485596,-0.05260598659515381,-0.027823448181152344,0.003018200397491455,-0.16958484053611755,-0.016151368618011475,0.043169379234313965,-0.014252662658691406,0.029518067836761475,-0.012259364128112793,-0.032305896282196045,0.04736429452896118,-0.12954077124595642,0.026953041553497314,0.02684837579727173,0.02832961082458496,0.012571454048156738,0.03269636631011963,-0.043837279081344604,FIST
0.0,0.0,-0.05891215801239014,0.016842126846313477,-0.11710736155509949,0.029943645000457764,-0.1193661093711853,0.07530808448791504,-0.06712687015533447,0.0888720154762268,-0.09453761577606201,-0.1782054603099823,-0.11389732360839844,0.0037369728088378906,-0.0888325572013855,0.052938759326934814,-0.06815731525421143,0.014535129070281982,-0.03647875785827637,-0.19307219982147217,-0.05480700731277466,0.035125553607940674,-0.04814493656158447,0.04880183935165405,-0.04462432861328125,-0.01611199975013733,0.017358601093292236,-0.16882574558258057,-0.002750217914581299,0.04490786790847778,-0.006935775279998779,0.04173165559768677,-0.0049065351486206055,-0.01971164345741272,0.06061333417892456,-0.1303783655166626,0.038881003856658936,0.023614883422851562,0.03504157066345215,0.02049797773361206,0.04005974531173706,-0.03016600012779236,FIST
0.0,0.0,-0.0566326379776001,0.022221744060516357,-0.11400651931762695,0.037660837173461914,-0.11105573177337646,0.08098804950714111,-0.052307188510894775,0.09849405288696289,-0.08949261903762817,-0.17824101448059082,-0.10490602254867554,0.0029436349868774414,-0.08698457479476929,0.03835892677307129,-0.07227170467376709,-0.010474085807800293,-0.030820786952972412,-0.1918448805809021,-0.04516392946243286,0.03615117073059082,-0.041275203227996826,0.03854060173034668,-0.039890408515930176,-0.03227442502975464,0.022909820079803467,-0.16658172011375427,0.007475495338439941,0.04861783981323242,0.0003324747085571289,0.03741002082824707,0.0006158947944641113,-0.029153406620025635,0.06637287139892578,-0.12550893425941467,0.04593336582183838,0.025934338569641113,0.0401688814163208,0.016468942165374756,0.04401952028274536,-0.03641742467880249,FIST
0.0,0.0,-0.05556762218475342,0.02692735195159912,-0.11038172245025635,0.03949993848800659,-0.09859699010848999,0.08545815944671631,-0.0397794246673584,0.10308718681335449,-0.08172214031219482,-0.1750909984111786,-0.08887165784835815,0.008708477020263672,-0.07798272371292114,0.04751121997833252,-0.06453239917755127,-0.0001913607120513916,-0.020324230194091797,-0.18717101216316223,-0.026931345462799072,0.03494906425476074,-0.03458273410797119,0.03816908597946167,-0.03821921348571777,-0.03583696484565735,0.033428311347961426,-0.1611834466457367,0.02243804931640625,0.04735082387924194,0.004997611045837402,0.03615522384643555,0.0004017949104309082,-0.03226804733276367,0.07511782646179199,-0.11929062008857727,0.05845987796783447,0.02211630344390869,0.0435636043548584,0.011640310287475586,0.0417974591255188,-0.040508806705474854,FIST
0.0,0.0,-0.055765390396118164,0.025782525539398193,-0.1078634262084961,0.034759581089019775,-0.09470170736312866,0.07151913642883301,-0.04018193483352661,0.07830560207366943,-0.08321350812911987,-0.189662903547287,-0.0790300965309143,-0.018659353256225586,-0.0728033185005188,0.02694857120513916,-0.06493604183197021,-0.015167057514190674,-0.02245461940765381,-0.20564168691635132,-0.019659221172332764,0.006450355052947998,-0.03109818696975708,0.025519609451293945,-0.03829824924468994,-0.044184744358062744,0.030500948429107666,-0.18438363075256348,0.02858889102935791,0.015611588954925537,0.007275700569152832,0.020324885845184326,-0.0033864974975585938,-0.04432940483093262,0.07180935144424438,-0.1457800269126892,0.06402552127838135,-0.00838923454284668,0.046227335929870605,-0.0012724995613098145,0.038637638092041016,-0.04491487145423889,FIST
0.0,0.0,-0.05369669198989868,0.02624034881591797,-0.09885400533676147,0.03506147861480713,-0.08136755228042603,0.07741028070449829,-0.0279158353805542,0.08578336238861084,-0.0734357237815857,-0.18391546607017517,-0.05693632364273071,-0.015341192483901978,-0.06010997295379639,0.023843765258789062,-0.06206732988357544,-0.01653456687927246,-0.014149188995361328,-0.20144900679588318,-0.0003209710121154785,0.011377274990081787,-0.017577767372131348,0.026797056198120117,-0.029532253742218018,-0.04380044341087341,0.037896692752838135,-0.182661235332489,0.04428207874298096,0.016258835792541504,0.020496606826782227,0.021380960941314697,0.006787538528442383,-0.04331648349761963,0.07791894674301147,-0.14732784032821655,0.0768694281578064,-0.008260250091552734,0.057971298694610596,-0.003004133701324463,0.04812723398208618,-0.050383418798446655,FIST
0.0,0.0,-0.056442320346832275,0.02910614013671875,-0.10236150026321411,0.041925668716430664,-0.08080679178237915,0.08554607629776001,-0.024356424808502197,0.09448426961898804,-0.07332473993301392,-0.17398664355278015,-0.05176430940628052,-0.014773905277252197,-0.059349775314331055,0.020350933074951172,-0.06506133079528809,-0.01494145393371582,-0.015618503093719482,-0.1954755187034607,0.003518998622894287,0.015145361423492432,-0.015135884284973145,0.031328797340393066,-0.027473092079162598,-0.03208720684051514,0.03517353534698486,-0.18032771348953247,0.04523336887359619,0.01979619264602661,0.01896744966506958,0.025279581546783447,0.0033103227615356445,-0.034229815006256104,0.07412439584732056,-0.14861825108528137,0.07586950063705444,-0.010069668292999268,0.05779796838760376,-0.007229924201965332,0.04719966650009155,-0.053730785846710205,FIST
0.0,0.0,-0.05710732936859131,0.04027312994003296,-0.0952330231666565,0.06272828578948975,-0.06200975179672241,0.11028510332107544,-0.005245029926300049,0.12542426586151123,-0.06427621841430664,-0.15729451179504395,-0.03175485134124756,0.017213940620422363,-0.04568880796432495,0.04133594036102295,-0.054622113704681396,0.002357006072998047,-0.006631970405578613,-0.18215489387512207,0.016583502292633057,0.037494778633117676,-0.006627559661865234,0.04519951343536377,-0.01943373680114746,-0.015490680932998657,0.04153674840927124,-0.1696731448173523,0.056883931159973145,0.034326016902923584,0.029806196689605713,0.02773904800415039,0.014802515506744385,-0.036341458559036255,0.0779045820236206,-0.13863897323608398,0.08378386497497559,0.0011387169361114502,0.06571507453918457,-0.0006567835807800293,0.0566554069519043,-0.04653999209403992,FIST
0.0,0.0,-0.0646827220916748,0.04768890142440796,-0.09323418140411377,0.07473939657211304,-0.04801011085510254,0.12779653072357178,0.007654547691345215,0.14926564693450928,-0.04450356960296631,-0.13397616147994995,-0.00554203987121582,0.045124053955078125,-0.0308077335357666,0.06151020526885986,-0.04235553741455078,0.02043229341506958,0.015127837657928467,-0.15352857112884521,0.03806734085083008,0.05177491903305054,0.0034090280532836914,0.06685847043991089,-0.007646918296813965,0.013583600521087646,0.059813082218170166,-0.14251413941383362,0.07447588443756104,0.052036166191101074,0.04075199365615845,0.05202913284301758,0.028078138828277588,-0.004713267087936401,0.08985638618469238,-0.11314970254898071,0.0953524112701416,0.026914477348327637,0.07460027933120728,0.03172802925109863,0.06403213739395142,-0.007982194423675537,FIST
0.0,0.0,-0.06458717584609985,0.04698818922042847,-0.0887676477432251,0.07239335775375366,-0.035659849643707275,0.13085085153579712,0.02317148447036743,0.15412390232086182,-0.03903466463088989,-0.13364648818969727,0.0060302019119262695,0.04295772314071655,-0.017361342906951904,0.06731265783309937,-0.029717445373535156,0.030255138874053955,0.020519256591796875,-0.15760287642478943,0.04616504907608032,0.05044072866439819,0.01273500919342041,0.06925106048583984,-0.0007066130638122559,0.018695950508117676,0.0640554428100586,-0.14938145875930786,0.0787205696105957,0.04706525802612305,0.0458715558052063,0.052585065364837646,0.03053915500640869,-0.0014110803604125977,0.09306436777114868,-0.11976933479309082,0.09654462337493896,0.023965537548065186,0.0778954029083252,0.03226596117019653,0.06619590520858765,-0.005725950002670288,FIST
0.0,0.0,-0.06081247329711914,0.04511082172393799,-0.07977885007858276,0.07586485147476196,-0.026189982891082764,0.1359993815422058,0.031553685665130615,0.16604208946228027,-0.021375834941864014,-0.13309791684150696,0.023946762084960938,0.05035275220870972,-0.007391750812530518,0.07535851001739502,-0.02439957857131958,0.03625166416168213,0.034199655055999756,-0.15100806951522827,0.059227943420410156,0.048156917095184326,0.020369529724121094,0.06986832618713379,0.0051844120025634766,0.028770267963409424,0.07277828454971313,-0.13987216353416443,0.08828109502792358,0.04451191425323486,0.052874624729156494,0.05772167444229126,0.03696751594543457,0.017865777015686035,0.0981096625328064,-0.10918119549751282,0.10503721237182617,0.02367246150970459,0.08111554384231567,0.03740847110748291,0.06488704681396484,0.008500605821609497,FIST
0.0,0.0,-0.05701261758804321,0.042727261781692505,-0.06655967235565186,0.07016691565513611,-0.00965571403503418,0.12709257006645203,0.04612290859222412,0.14828863739967346,-0.010590314865112305,-0.1287860870361328,0.04937928915023804,0.04900422692298889,0.020074129104614258,0.0719214379787445,0.0004894733428955078,0.03411725163459778,0.044360339641571045,-0.1506880819797516,0.08067589998245239,0.04880949854850769,0.03755265474319458,0.07655122876167297,0.018694758415222168,0.035763174295425415,0.08285272121429443,-0.14204958081245422,0.10655003786087036,0.046372562646865845,0.06708663702011108,0.06433305144309998,0.04845958948135376,0.02393171191215515,0.10780614614486694,-0.11270454525947571,0.11889255046844482,0.026540428400039673,0.09278345108032227,0.0453508198261261,0.07477319240570068,0.017535120248794556,FIST
0.0,0.0,-0.05745506286621094,0.04002821445465088,-0.06496351957321167,0.0673367977142334,-0.007843494415283203,0.12787729501724243,0.04918563365936279,0.1510535478591919,-0.003732442855834961,-0.1285609006881714,0.05037301778793335,0.06166869401931763,0.01849234104156494,0.07310432195663452,0.0008653402328491211,0.02488607168197632,0.05067896842956543,-0.14745467901229858,0.08171844482421875,0.059234797954559326,0.035983264446258545,0.07540172338485718,0.019147634506225586,0.028731107711791992,0.08791929483413696,-0.13627460598945618,0.10772234201431274,0.056495606899261475,0.06596708297729492,0.06230884790420532,0.0499805212020874,0.014789879322052002,0.11090981960296631,-0.10615351796150208,0.12138116359710693,0.03405874967575073,0.0937533974647522,0.042675554752349854,0.07802397012710571,0.008762717247009277,FIST
0.0,0.0,-0.05222040414810181,0.039826035499572754,-0.06430584192276001,0.06343507766723633,-0.008927881717681885,0.11807399988174438,0.04752159118652344,0.14804399013519287,-0.013797938823699951,-0.14298659563064575,0.03713870048522949,0.030113399028778076,0.008901536464691162,0.05724072456359863,-0.009078025817871094,0.018761813640594482,0.040503084659576416,-0.16459792852401733,0.0716778039932251,0.027655303478240967,0.034535765647888184,0.05807816982269287,0.019382476806640625,0.014690577983856201,0.08016180992126465,-0.15473288297653198,0.10094225406646729,0.0260353684425354,0.06636971235275269,0.05108743906021118,0.05029296875,0.013293027877807617,0.1069520115852356,-0.12348935008049011,0.11594057083129883,0.010503113269805908,0.09177905321121216,0.03387171030044556,0.07514774799346924,0.007013976573944092,FIST
0.0,0.0,-0.06081587076187134,0.037829965353012085,-0.0890396237373352,0.05767515301704407,-0.0438043475151062,0.10902109742164612,0.010713160037994385,0.1353491246700287,-0.03461235761642456,-0.14533844590187073,0.0003922581672668457,0.02299824357032776,-0.026389122009277344,0.04998394846916199,-0.03895169496536255,0.011925429105758667,0.02184814214706421,-0.16141733527183533,0.04247504472732544,0.03218933939933777,0.007189333438873291,0.06108245253562927,-0.004632413387298584,0.013935178518295288,0.06388735771179199,-0.14845171570777893,0.07675302028656006,0.034764498472213745,0.04284590482711792,0.050060123205184937,0.02802807092666626,0.0035863518714904785,0.09188956022262573,-0.11726829409599304,0.09630614519119263,0.013785988092422485,0.07523095607757568,0.03153499960899353,0.06272691488265991,0.0007058680057525635,FIST
0.0,0.0,-0.06326466798782349,0.03569099307060242,-0.09568864107131958,0.05539563298225403,-0.05103689432144165,0.1050996482372284,0.005589544773101807,0.12641414999961853,-0.04880368709564209,-0.15588197112083435,-0.013636589050292969,0.016510218381881714,-0.0387691855430603,0.03424021601676941,-0.0513230562210083,-0.00445982813835144,0.009098708629608154,-0.1743943691253662,0.02846461534500122,0.030773907899856567,-0.0046425461769104,0.049545854330062866,-0.016692698001861572,-0.003006666898727417,0.05470389127731323,-0.15939444303512573,0.06839859485626221,0.03636243939399719,0.03402763605117798,0.03807839751243591,0.018595099449157715,-0.018325239419937134,0.08712035417556763,-0.1245303750038147,0.09311491250991821,0.014462769031524658,0.07146674394607544,0.019281774759292603,0.05905580520629883,-0.019383370876312256,FIST
0.0,0.0,-0.05532503128051758,0.02793717384338379,-0.1079450249671936,0.035999417304992676,-0.10304993391036987,0.060829102993011475,-0.05700647830963135,0.06509357690811157,-0.06570297479629517,-0.16887760162353516,-0.0365028977394104,-0.01709190011024475,-0.05030012130737305,0.021031618118286133,-0.06095784902572632,-0.014524519443511963,-0.009098172187805176,-0.18931403756141663,0.013199448585510254,0.009610235691070557,-0.011007964611053467,0.0390242338180542,-0.024496018886566162,-0.01924455165863037,0.039395272731781006,-0.17440813779830933,0.05325973033905029,0.019882142543792725,0.023298978805541992,0.03608083724975586,0.007193207740783691,-0.01751232147216797,0.07705283164978027,-0.142019122838974,0.08178699016571045,-0.007564038038253784,0.06054204702377319,0.009500384330749512,0.047396719455718994,-0.022621095180511475,FIST
0.0,0.0,-0.05407899618148804,0.02562582492828369,-0.10952174663543701,0.022516250610351562,-0.11218392848968506,0.030807137489318848,-0.06800192594528198,0.022856175899505615,-0.07830923795700073,-0.1944158673286438,-0.05325430631637573,-0.050689131021499634,-0.056304335594177246,0.006507664918899536,-0.06072574853897095,-0.027998387813568115,-0.0228082537651062,-0.21953687071800232,0.003002345561981201,-0.029864907264709473,-0.01567399501800537,0.019886374473571777,-0.029419124126434326,-0.03939971327781677,0.02720773220062256,-0.20732006430625916,0.04495823383331299,-0.019216269254684448,0.01930689811706543,0.017258048057556152,0.0035182833671569824,-0.03483748435974121,0.06770837306976318,-0.17623180150985718,0.0741071105003357,-0.03851991891860962,0.05397850275039673,-0.003484070301055908,0.03995060920715332,-0.03346806764602661,FIST
0.0,0.0,-0.05658835172653198,0.0025722384452819824,-0.11467796564102173,-0.023721754550933838,-0.13186055421829224,-0.03924691677093506,-0.10325080156326294,-0.06009700894355774,-0.0931209921836853,-0.2540418803691864,-0.07398229837417603,-0.1360386312007904,-0.06528466939926147,-0.06889882683753967,-0.06660813093185425,-0.08722713589668274,-0.03859663009643555,-0.2803322374820709,-0.01460963487625122,-0.12031856179237366,-0.024863839149475098,-0.05089366436004639,-0.03715294599533081,-0.09591951966285706,0.011807799339294434,-0.26811695098876953,0.030441641807556152,-0.09923779964447021,0.010318458080291748,-0.04247260093688965,-0.0037223100662231445,-0.07888352870941162,0.053691864013671875,-0.23584190011024475,0.06259065866470337,-0.10646611452102661,0.04527711868286133,-0.05557459592819214,0.03132253885269165,-0.07444840669631958,FIST
0.0,0.0,-0.060177505016326904,-0.0034017562866210938,-0.11491978168487549,-0.037248194217681885,-0.11467456817626953,-0.054276615381240845,-0.06654411554336548,-0.06935268640518188,-0.08985286951065063,-0.2743608355522156,-0.07918769121170044,-0.16848337650299072,-0.06999987363815308,-0.09788811206817627,-0.06897109746932983,-0.11562836170196533,-0.035191476345062256,-0.30013908445835114,-0.019969582557678223,-0.14841201901435852,-0.028114914894104004,-0.07801520824432373,-0.03730088472366333,-0.11635112762451172,0.014621317386627197,-0.28480011224746704,0.027241528034210205,-0.12563556432724,0.007556796073913574,-0.06427907943725586,-0.006287634372711182,-0.0949852466583252,0.057257890701293945,-0.25044137239456177,0.06331729888916016,-0.1299821436405182,0.045733511447906494,-0.07573369145393372,0.030988633632659912,-0.08977466821670532,FIST
0.0,0.0,-0.06044721603393555,-0.0050321221351623535,-0.11740261316299438,-0.04545050859451294,-0.12028670310974121,-0.06778872013092041,-0.07124650478363037,-0.07912981510162354,-0.09433615207672119,-0.2785905599594116,-0.08366447687149048,-0.18872985243797302,-0.07306218147277832,-0.11460244655609131,-0.07025140523910522,-0.12632513046264648,-0.0407525897026062,-0.30635344982147217,-0.026124775409698486,-0.1715012490749359,-0.03328365087509155,-0.09381270408630371,-0.04185885190963745,-0.12816253304481506,0.009012699127197266,-0.29266220331192017,0.021571695804595947,-0.14839303493499756,0.005018115043640137,-0.08177334070205688,-0.006898641586303711,-0.11054375767707825,0.05284678936004639,-0.26002025604248047,0.0584946870803833,-0.1454606056213379,0.04257321357727051,-0.08934855461120605,0.02875649929046631,-0.10526677966117859,FIST
0.0,0.0,-0.06395363807678223,-0.008073747158050537,-0.12047445774078369,-0.05882525444030762,-0.10783123970031738,-0.08779659867286682,-0.05024141073226929,-0.09749767184257507,-0.09631538391113281,-0.294272243976593,-0.0854986310005188,-0.2103082537651062,-0.07597750425338745,-0.13097897171974182,-0.07189512252807617,-0.13524192571640015,-0.043541550636291504,-0.32059741020202637,-0.03214693069458008,-0.1981348991394043,-0.037301063537597656,-0.11730101704597473,-0.04051011800765991,-0.13649731874465942,0.005169868469238281,-0.30704212188720703,0.01577436923980713,-0.1751244068145752,0.0019742846488952637,-0.10752156376838684,-0.006706058979034424,-0.1292247474193573,0.0491904616355896,-0.27546554803848267,0.0534820556640625,-0.17221373319625854,0.03875172138214111,-0.11556991934776306,0.02597033977508545,-0.12787750363349915,FIST
0.0,0.0,-0.06010758876800537,-0.007262468338012695,-0.11968839168548584,-0.06011152267456055,-0.12110722064971924,-0.08670914173126221,-0.07398706674575806,-0.09088686108589172,-0.09916514158248901,-0.28958752751350403,-0.0833888053894043,-0.2142692506313324,-0.07396453619003296,-0.13484573364257812,-0.07375627756118774,-0.13661357760429382,-0.04553186893463135,-0.31793154776096344,-0.030350327491760254,-0.19886428117752075,-0.03709930181503296,-0.11464390158653259,-0.04424405097961426,-0.136246919631958,0.00417172908782959,-0.30542367696762085,0.016795039176940918,-0.1733291745185852,0.0024836063385009766,-0.1028866171836853,-0.00793367624282837,-0.12276491522789001,0.04810810089111328,-0.27548545598983765,0.05403012037277222,-0.16848748922348022,0.038993120193481445,-0.10951322317123413,0.024784326553344727,-0.11987718939781189,FIST
0.0,0.0,-0.06256103515625,-0.006743311882019043,-0.11975252628326416,-0.061489224433898926,-0.11304396390914917,-0.08861544728279114,-0.060511231422424316,-0.09239792823791504,-0.09540021419525146,-0.2917371094226837,-0.08482354879379272,-0.20714789628982544,-0.07583194971084595,-0.128660649061203,-0.07391107082366943,-0.13564369082450867,-0.04120081663131714,-0.3175237327814102,-0.0310821533203125,-0.19222813844680786,-0.03712862730026245,-0.11015927791595459,-0.04191094636917114,-0.13390523195266724,0.007971704006195068,-0.30252864956855774,0.016417503356933594,-0.1698710024356842,0.0014851093292236328,-0.09988707304000854,-0.008248329162597656,-0.12254667282104492,0.051584482192993164,-0.27000585198402405,0.0538715124130249,-0.16518443822860718,0.0373767614364624,-0.10616585612297058,0.023698031902313232,-0.11833804845809937,FIST
0.0,0.0,-0.05892586708068848,-0.006206512451171875,-0.11591297388076782,-0.05291903018951416,-0.12266427278518677,-0.07702240347862244,-0.07822346687316895,-0.09125280380249023,-0.09392619132995605,-0.2846980690956116,-0.08525228500366211,-0.19119492173194885,-0.07625448703765869,-0.11611512303352356,-0.07437998056411743,-0.12928903102874756,-0.04011714458465576,-0.3100275993347168,-0.030524790287017822,-0.17638683319091797,-0.03739851713180542,-0.10013341903686523,-0.044208407402038574,-0.1319829225540161,0.009330332279205322,-0.29471123218536377,0.01563483476638794,-0.15522953867912292,0.0011830329895019531,-0.0907907783985138,-0.007769405841827393,-0.11788877844810486,0.0524711012840271,-0.2619295120239258,0.05330204963684082,-0.15115144848823547,0.03711003065109253,-0.0948839783668518,0.02408677339553833,-0.10757622122764587,FIST
0.0,0.0,-0.057659029960632324,-0.011118173599243164,-0.1170424222946167,-0.04908755421638489,-0.136307954788208,-0.06499543786048889,-0.09910410642623901,-0.07547023892402649,-0.08771646022796631,-0.27833104133605957,-0.08566290140151978,-0.17267626523971558,-0.07583349943161011,-0.10035055875778198,-0.0728638768196106,-0.11841395497322083,-0.03143489360809326,-0.2979973554611206,-0.02890956401824951,-0.14951065182685852,-0.035724103450775146,-0.08154848217964172,-0.041881024837493896,-0.11524322628974915,0.019146263599395752,-0.2782043516635895,0.017178118228912354,-0.12731283903121948,0.0020069479942321777,-0.06912612915039062,-0.005938112735748291,-0.0959160327911377,0.06094634532928467,-0.24109837412834167,0.055798232555389404,-0.12421116232872009,0.03915172815322876,-0.07151713967323303,0.02710115909576416,-0.08348241448402405,FIST
0.0,0.0,-0.05744576454162598,-0.00603032112121582,-0.11386388540267944,-0.034134894609451294,-0.12500739097595215,-0.03875762224197388,-0.08616000413894653,-0.04456251859664917,-0.0855485200881958,-0.26371580362319946,-0.08835798501968384,-0.13622978329658508,-0.07896697521209717,-0.0704246461391449,-0.07310879230499268,-0.09402072429656982,-0.028750240802764893,-0.27593252062797546,-0.030777037143707275,-0.10717186331748962,-0.03758007287979126,-0.04835909605026245,-0.04302769899368286,-0.09356492757797241,0.02160489559173584,-0.25081807374954224,0.014468848705291748,-0.0832597017288208,3.832578659057617e-05,-0.03399750590324402,-0.006214737892150879,-0.06753283739089966,0.06293576955795288,-0.20959153771400452,0.05345308780670166,-0.08088958263397217,0.037891268730163574,-0.034600138664245605,0.029291272163391113,-0.05122798681259155,FIST
0.0,0.0,-0.056168556213378906,-0.003094226121902466,-0.11072516441345215,-0.021775931119918823,-0.11227023601531982,0.00028464198112487793,-0.06577003002166748,0.01509353518486023,-0.07637470960617065,-0.2369331419467926,-0.08616608381271362,-0.09110516309738159,-0.07724255323410034,-0.025196701288223267,-0.06712847948074341,-0.05734255909919739,-0.016801834106445312,-0.24144062399864197,-0.028688907623291016,-0.05545046925544739,-0.03671860694885254,-0.0023315250873565674,-0.03872603178024292,-0.060737669467926025,0.0348588228225708,-0.2101723849773407,0.020132839679718018,-0.031221777200698853,0.003321051597595215,0.004513829946517944,-0.0014691352844238281,-0.0435640811920166,0.07646733522415161,-0.16600140929222107,0.05967658758163452,-0.03499475121498108,0.04223179817199707,-0.00032263994216918945,0.035768866539001465,-0.025873273611068726,FIST
0.0,0.0,-0.05621373653411865,0.005841284990310669,-0.1094522476196289,-0.0051933228969573975,-0.10359776020050049,0.03263738751411438,-0.051528751850128174,0.059362560510635376,-0.07197856903076172,-0.2046937644481659,-0.08518189191818237,-0.04447481036186218,-0.07775086164474487,0.01176944375038147,-0.06522756814956665,-0.025750428438186646,-0.012310564517974854,-0.20715227723121643,-0.026219487190246582,-0.0039217472076416016,-0.03643465042114258,0.025912076234817505,-0.037943243980407715,-0.04188269376754761,0.0389866828918457,-0.17350316047668457,0.02249729633331299,0.018925726413726807,0.003117382526397705,0.028983265161514282,-0.0016981959342956543,-0.03185710310935974,0.07891583442687988,-0.1267451047897339,0.06005251407623291,0.007434219121932983,0.04223954677581787,0.018219560384750366,0.03756743669509888,-0.020230740308761597,FIST
0.0,0.0,-0.05680584907531738,0.008999496698379517,-0.11330342292785645,0.006395250558853149,-0.11246651411056519,0.04673531651496887,-0.06140291690826416,0.07149204611778259,-0.06851315498352051,-0.1938219666481018,-0.08624565601348877,-0.021626293659210205,-0.08380597829818726,0.01020801067352295,-0.07332950830459595,-0.03646957874298096,-0.008263587951660156,-0.19002994894981384,-0.029244840145111084,0.022527605295181274,-0.037376582622528076,0.018365025520324707,-0.03766977787017822,-0.0543651282787323,0.043474555015563965,-0.15385866165161133,0.01648169755935669,0.043023496866226196,0.0014275908470153809,0.025812119245529175,0.00023508071899414062,-0.04280555248260498,0.08246701955795288,-0.10546046495437622,0.054500460624694824,0.02642989158630371,0.041384220123291016,0.015516340732574463,0.04259437322616577,-0.03463709354400635,FIST
0.0,0.0,-0.0571821928024292,0.014336049556732178,-0.1124492883682251,0.009684205055236816,-0.12169235944747925,0.022703170776367188,-0.08508199453353882,0.008885860443115234,-0.06360030174255371,-0.19671693444252014,-0.07131022214889526,-0.008945763111114502,-0.07445287704467773,0.03158855438232422,-0.07026517391204834,-0.009637773036956787,-0.001965165138244629,-0.19197624921798706,-0.017091095447540283,0.04878717660903931,-0.03352302312850952,0.04410886764526367,-0.04075270891189575,-0.03418457508087158,0.05167210102081299,-0.1558358073234558,0.02471184730529785,0.0635230541229248,0.00906139612197876,0.041133999824523926,0.006952047348022461,-0.03525000810623169,0.09061062335968018,-0.10784387588500977,0.059457600116729736,0.043852388858795166,0.04643040895462036,0.02603781223297119,0.04676210880279541,-0.037208229303359985,FIST
0.0,0.0,-0.0533452033996582,0.0192984938621521,-0.10868823528289795,0.013613343238830566,-0.12226855754852295,0.03748804330825806,-0.0856052041053772,0.023151755332946777,-0.06350445747375488,-0.16831308603286743,-0.07044386863708496,0.0281791090965271,-0.08084911108016968,0.06896048784255981,-0.08138662576675415,0.02489793300628662,-0.0003758668899536133,-0.17014279961585999,-0.017282962799072266,0.09075677394866943,-0.03574460744857788,0.07547509670257568,-0.04372590780258179,-0.013729214668273926,0.05357170104980469,-0.1328011155128479,0.024167895317077637,0.09888368844985962,0.006131291389465332,0.07104188203811646,0.002325117588043213,-0.009719312191009521,0.0915597677230835,-0.08454570174217224,0.060466468334198,0.07488411664962769,0.04760265350341797,0.0500369668006897,0.04779458045959473,-0.016253232955932617,FIST
0.0,0.0,-0.054791927337646484,0.007968306541442871,-0.11077773571014404,0.01313096284866333,-0.1315327286720276,0.0418398380279541,-0.10237675905227661,0.05328446626663208,-0.07316923141479492,-0.14121025800704956,-0.09565937519073486,0.054726243019104004,-0.10040450096130371,0.08708912134170532,-0.10005056858062744,0.047912418842315674,-0.011492371559143066,-0.1305011510848999,-0.042072832584381104,0.11588239669799805,-0.05543792247772217,0.09818524122238159,-0.05993467569351196,0.02803671360015869,0.04097944498062134,-0.09002324938774109,0.0017963647842407227,0.13108104467391968,-0.00994575023651123,0.09654265642166138,-0.008747577667236328,0.02446568012237549,0.07880574464797974,-0.03989368677139282,0.04182344675064087,0.11616140604019165,0.03220570087432861,0.08272284269332886,0.036061227321624756,0.011775195598602295,FIST
0.0,0.0,-0.06705069541931152,0.009363025426864624,-0.1198197603225708,0.054113149642944336,-0.14781281352043152,0.111794114112854,-0.12911349534988403,0.13136273622512817,-0.0843731164932251,-0.07412302494049072,-0.12325936555862427,0.13614410161972046,-0.11499041318893433,0.1282920241355896,-0.10491472482681274,0.06686592102050781,-0.02613312005996704,-0.055201441049575806,-0.06975299119949341,0.19337743520736694,-0.06599587202072144,0.15159815549850464,-0.062101542949676514,0.07260870933532715,0.026102900505065918,-0.013226240873336792,-0.020193636417388916,0.21394741535186768,-0.023952782154083252,0.15707987546920776,-0.02166008949279785,0.0825842022895813,0.06825429201126099,0.03884100914001465,0.027179598808288574,0.20187324285507202,0.022009074687957764,0.1544221043586731,0.023183107376098633,0.08183860778808594,FIST
0.0,0.0,-0.09493935108184814,-0.02551308274269104,-0.16584962606430054,0.0037420690059661865,-0.20177534222602844,0.07421097159385681,-0.19736653566360474,0.1300281584262848,-0.13698488473892212,-0.038934022188186646,-0.1696450412273407,0.18628689646720886,-0.1560770869255066,0.16654935479164124,-0.1435225009918213,0.10602477192878723,-0.07388603687286377,-0.019223004579544067,-0.11352044343948364,0.22886696457862854,-0.10646188259124756,0.17884323000907898,-0.096188485622406,0.11273851990699768,-0.01629239320755005,0.011754661798477173,-0.0592421293258667,0.23899874091148376,-0.05587822198867798,0.1816302239894867,-0.046030402183532715,0.11127457022666931,0.03415071964263916,0.0478227436542511,-0.007850289344787598,0.21718546748161316,-0.005918383598327637,0.17290785908699036,0.007625162601470947,0.10917070508003235,FIST
0.0,0.0,-0.08825826644897461,-0.009868025779724121,-0.15169870853424072,-0.0007631182670593262,-0.1834123730659485,0.035442888736724854,-0.17207303643226624,0.05254781246185303,-0.1139172911643982,-0.1163368821144104,-0.14561092853546143,0.13342618942260742,-0.1321658492088318,0.12839388847351074,-0.12970131635665894,0.05656343698501587,-0.04662883281707764,-0.09662532806396484,-0.08468401432037354,0.17856520414352417,-0.08045607805252075,0.13679981231689453,-0.08481502532958984,0.06340169906616211,0.013939976692199707,-0.05899965763092041,-0.02727794647216797,0.19052493572235107,-0.02946913242340088,0.14466995000839233,-0.029271721839904785,0.07852494716644287,0.06559157371520996,-0.01443338394165039,0.027546465396881104,0.16817325353622437,0.022882282733917236,0.12770235538482666,0.023915588855743408,0.05976468324661255,FIST
0.0,0.0,-0.07770043611526489,0.0039084553718566895,-0.14373469352722168,0.019730985164642334,-0.15514162182807922,0.08248287439346313,-0.1112213134765625,0.11472362279891968,-0.10019552707672119,-0.19929885864257812,-0.11736160516738892,0.06408393383026123,-0.11886507272720337,0.10825586318969727,-0.11549431085586548,0.04570186138153076,-0.01642155647277832,-0.18578645586967468,-0.04491233825683594,0.14203810691833496,-0.057345688343048096,0.1400214433670044,-0.05992704629898071,0.04647451639175415,0.05804044008255005,-0.13147246837615967,0.01585102081298828,0.17369765043258667,-0.0005034804344177246,0.1577678918838501,-0.0025389790534973145,0.07062262296676636,0.1146155595779419,-0.06443905830383301,0.07614916563034058,0.17211651802062988,0.06041514873504639,0.16066938638687134,0.060054779052734375,0.08735823631286621,FIST
0.0,0.0,-0.0780801773071289,0.031769752502441406,-0.15346962213516235,0.06054168939590454,-0.15184035897254944,0.14479833841323853,-0.08169066905975342,0.17950010299682617,-0.09705430269241333,-0.2171422243118286,-0.10142558813095093,0.052958011627197266,-0.10952919721603394,0.11365634202957153,-0.10607707500457764,0.05684471130371094,-0.0028908252716064453,-0.21739262342453003,-0.0171622633934021,0.12835174798965454,-0.04091668128967285,0.14487934112548828,-0.04579603672027588,0.0428546667098999,0.08051586151123047,-0.1652485728263855,0.05339086055755615,0.15791034698486328,0.020911097526550293,0.15317684412002563,0.014170706272125244,0.05682253837585449,0.14432227611541748,-0.09507542848587036,0.11593621969223022,0.13908898830413818,0.08744275569915771,0.1340000033378601,0.08089637756347656,0.061314940452575684,FIST
0.0,0.0,-0.08421593904495239,0.04056859016418457,-0.17045587301254272,0.0783618688583374,-0.1661497950553894,0.1608893871307373,-0.08113217353820801,0.20066463947296143,-0.11466088891029358,-0.25098341703414917,-0.11706113815307617,0.04334312677383423,-0.12276285886764526,0.09911513328552246,-0.1181972324848175,0.025670528411865234,-0.01824086904525757,-0.2615891993045807,-0.024693071842193604,0.11234807968139648,-0.04426133632659912,0.13648450374603271,-0.049448609352111816,0.01911330223083496,0.06928044557571411,-0.21581000089645386,0.056659579277038574,0.1382368803024292,0.025234520435333252,0.14627152681350708,0.016349315643310547,0.04121100902557373,0.13978499174118042,-0.146744966506958,0.12107008695602417,0.10767990350723267,0.09551358222961426,0.12145590782165527,0.09092211723327637,0.051439762115478516,FIST
0.0,0.0,-0.08712691068649292,0.03745448589324951,-0.17614638805389404,0.07645440101623535,-0.1730189025402069,0.15470647811889648,-0.08301925659179688,0.19311052560806274,-0.12262994050979614,-0.2759162187576294,-0.13271820545196533,0.030970096588134766,-0.13443419337272644,0.06942999362945557,-0.12619459629058838,-0.010584235191345215,-0.025789082050323486,-0.2873684763908386,-0.03468555212020874,0.1112908124923706,-0.046689391136169434,0.10629558563232422,-0.04792594909667969,-0.016811609268188477,0.0637274980545044,-0.2393798828125,0.050505101680755615,0.13957417011260986,0.0255204439163208,0.11906147003173828,0.020528435707092285,0.005569279193878174,0.136039137840271,-0.16535717248916626,0.11674964427947998,0.10593849420547485,0.09597504138946533,0.09535318613052368,0.09533119201660156,0.010658621788024902,FIST
0.0,0.0,-0.0868273377418518,0.030106306076049805,-0.1776491105556488,0.06928986310958862,-0.178534597158432,0.14974451065063477,-0.08765476942062378,0.18299484252929688,-0.14137893915176392,-0.27986809611320496,-0.15185892581939697,0.012803316116333008,-0.14445418119430542,0.05949699878692627,-0.1350233554840088,-0.02273470163345337,-0.04620325565338135,-0.29152369499206543,-0.0543365478515625,0.09130895137786865,-0.058099448680877686,0.08910369873046875,-0.058359622955322266,-0.03029918670654297,0.04429900646209717,-0.24331343173980713,0.028267860412597656,0.12432301044464111,0.007834136486053467,0.10139226913452148,0.0033760666847229004,-0.0105208158493042,0.11652016639709473,-0.16696590185165405,0.09067416191101074,0.0980297327041626,0.07544136047363281,0.08018803596496582,0.0795409083366394,-0.00592118501663208,FIST
0.0,0.0,-0.08253663778305054,0.027250945568084717,-0.16683200001716614,0.057710468769073486,-0.1699354648590088,0.1311209797859192,-0.08546704053878784,0.15582484006881714,-0.1395111083984375,-0.2530726194381714,-0.14326930046081543,-0.004671692848205566,-0.13062673807144165,0.07233703136444092,-0.11715465784072876,0.01711750030517578,-0.04776406288146973,-0.2718849182128906,-0.0511663556098938,0.07389914989471436,-0.060968220233917236,0.11659836769104004,-0.06876301765441895,0.028275728225708008,0.03812819719314575,-0.23424136638641357,0.024583816528320312,0.09997391700744629,-0.003621995449066162,0.11741101741790771,-0.0188906192779541,0.033363401889801025,0.1054995059967041,-0.1709962785243988,0.08013290166854858,0.07438230514526367,0.055278241634368896,0.10148704051971436,0.045970022678375244,0.05638378858566284,FIST
0.0,0.0,-0.07484239339828491,0.03782331943511963,-0.1504364013671875,0.08128386735916138,-0.1480724811553955,0.15505188703536987,-0.06997460126876831,0.1865878701210022,-0.11970269680023193,-0.2153664231300354,-0.12532472610473633,0.03343057632446289,-0.11813199520111084,0.07505875825881958,-0.10995614528656006,0.011735975742340088,-0.037328124046325684,-0.23084795475006104,-0.04304403066635132,0.09917742013931274,-0.05291098356246948,0.09954243898391724,-0.058949053287506104,0.0007104277610778809,0.040077269077301025,-0.19555744528770447,0.025966107845306396,0.12003302574157715,0.002121448516845703,0.1017116904258728,-0.00617140531539917,0.00836491584777832,0.10161077976226807,-0.13515722751617432,0.07679826021194458,0.08970487117767334,0.056125640869140625,0.08326911926269531,0.053516268730163574,0.0206606388092041,FIST
0.0,0.0,-0.06369853019714355,0.041056156158447266,-0.1285249888896942,0.08320122957229614,-0.11689552664756775,0.14926022291183472,-0.04521149396896362,0.17155295610427856,-0.10028854012489319,-0.1853899359703064,-0.10357332229614258,0.035819053649902344,-0.10000747442245483,0.05919748544692993,-0.09313175082206726,-0.0011614561080932617,-0.02683192491531372,-0.20436394214630127,-0.028107821941375732,0.09002125263214111,-0.03802800178527832,0.07544195652008057,-0.042930662631988525,-0.020450353622436523,0.04135066270828247,-0.1763756275177002,0.033384501934051514,0.10295981168746948,0.01267319917678833,0.07185918092727661,0.006963014602661133,-0.02067357301712036,0.09534984827041626,-0.1265222430229187,0.07726746797561646,0.06557506322860718,0.05956530570983887,0.043692946434020996,0.05900979042053223,-0.02517014741897583,FIST
0.0,0.0,-0.05596405267715454,0.03481698036193848,-0.11490285396575928,0.07563608884811401,-0.10502755641937256,0.1380038857460022,-0.041029512882232666,0.1551227569580078,-0.09090065956115723,-0.15486648678779602,-0.09282636642456055,0.04745745658874512,-0.08319061994552612,0.06904751062393188,-0.07515466213226318,0.010623574256896973,-0.025252044200897217,-0.17621776461601257,-0.025766968727111816,0.08631312847137451,-0.030586838722229004,0.0700763463973999,-0.03550237417221069,-0.015089094638824463,0.03574424982070923,-0.15703421831130981,0.02851313352584839,0.09274601936340332,0.012956500053405762,0.06242704391479492,0.00798499584197998,-0.01783764362335205,0.08428984880447388,-0.11954882740974426,0.0670403242111206,0.05742466449737549,0.055989742279052734,0.03519296646118164,0.05726593732833862,-0.030955791473388672,FIST
0.0,0.0,-0.05569058656692505,0.029628217220306396,-0.11183556914329529,0.06024116277694702,-0.11085391044616699,0.10386133193969727,-0.057625412940979004,0.11078482866287231,-0.08741506934165955,-0.15304681658744812,-0.08810141682624817,0.03884541988372803,-0.07579171657562256,0.06673914194107056,-0.0659102201461792,0.01556551456451416,-0.026166915893554688,-0.17276734113693237,-0.025305092334747314,0.06189149618148804,-0.029073476791381836,0.05456048250198364,-0.035109877586364746,-0.019110381603240967,0.030786097049713135,-0.15794509649276733,0.024018943309783936,0.06332725286483765,0.011477231979370117,0.04422307014465332,0.005499362945556641,-0.025752246379852295,0.07695674896240234,-0.12576836347579956,0.06166231632232666,0.030086815357208252,0.05052369832992554,0.017381668090820312,0.04865521192550659,-0.0385870635509491,FIST
0.0,0.0,-0.05108678340911865,0.028317809104919434,-0.10443589091300964,0.05244714021682739,-0.10572907328605652,0.08825236558914185,-0.060422658920288086,0.08150535821914673,-0.08850455284118652,-0.15035802125930786,-0.0893053412437439,0.016259849071502686,-0.07730013132095337,0.05073052644729614,-0.07073646783828735,0.005698144435882568,-0.03297823667526245,-0.16908860206604004,-0.03347355127334595,0.04019886255264282,-0.034573256969451904,0.050657808780670166,-0.039170026779174805,-0.01374673843383789,0.018596172332763672,-0.15519362688064575,0.012658655643463135,0.04217785596847534,0.0034480690956115723,0.03830951452255249,-0.0007021427154541016,-0.022547215223312378,0.060059309005737305,-0.125811368227005,0.047280311584472656,0.012247443199157715,0.0388568639755249,0.011796295642852783,0.038483619689941406,-0.034349024295806885,FIST
0.0,0.0,-0.04678314924240112,0.027163326740264893,-0.09589970111846924,0.04288989305496216,-0.09303534030914307,0.06767576932907104,-0.0474812388420105,0.06117105484008789,-0.08334654569625854,-0.1436287760734558,-0.0804334282875061,0.0024175047874450684,-0.06645739078521729,0.04612457752227783,-0.05933582782745361,0.012984991073608398,-0.033092617988586426,-0.16495609283447266,-0.02856498956680298,0.020049870014190674,-0.02987009286880493,0.03777778148651123,-0.035278379917144775,-0.01676023006439209,0.013671338558197021,-0.15320897102355957,0.013140499591827393,0.021208226680755615,0.004703998565673828,0.021899759769439697,0.00043338537216186523,-0.030197173357009888,0.05139052867889404,-0.1265724003314972,0.04306071996688843,-0.0044629573822021484,0.035560429096221924,-0.004044830799102783,0.03416925668716431,-0.0435350239276886,FIST
0.0,0.0,-0.04111003875732422,0.024468421936035156,-0.08770370483398438,0.04002833366394043,-0.0915529727935791,0.05896884202957153,-0.05284011363983154,0.04201442003250122,-0.0812031626701355,-0.13760152459144592,-0.07755017280578613,-0.00529634952545166,-0.06270188093185425,0.04113966226577759,-0.05629682540893555,0.015816807746887207,-0.03549700975418091,-0.16009902954101562,-0.030252277851104736,0.011330246925354004,-0.029789447784423828,0.036731600761413574,-0.03604388236999512,-0.010691583156585693,0.007650434970855713,-0.15101033449172974,0.009155750274658203,0.010790765285491943,0.003456413745880127,0.02149069309234619,-0.0013478398323059082,-0.022113502025604248,0.04276919364929199,-0.12836843729019165,0.03812432289123535,-0.011120736598968506,0.032437920570373535,0.0001544952392578125,0.03005087375640869,-0.031068027019500732,FIST
0.0,0.0,-0.04309248924255371,0.01923060417175293,-0.0935479998588562,0.014693677425384521,-0.11667165160179138,-0.0005022883415222168,-0.10250639915466309,-0.04614397883415222,-0.08443593978881836,-0.15343314409255981,-0.08180278539657593,-0.04110509157180786,-0.0676918625831604,0.00970548391342163,-0.06128394603729248,-0.007042407989501953,-0.04198354482650757,-0.1729026436805725,-0.03921300172805786,-0.0318753719329834,-0.03811556100845337,0.0010135769844055176,-0.04418271780014038,-0.03729945421218872,-0.00268399715423584,-0.16501471400260925,-0.005773961544036865,-0.02880537509918213,-0.008195877075195312,-0.005495905876159668,-0.011313140392303467,-0.037794917821884155,0.029451966285705566,-0.14475619792938232,0.023248255252838135,-0.04129055142402649,0.02017688751220703,-0.01607242226600647,0.018239498138427734,-0.03402441740036011,FIST
0.0,0.0,-0.041906654834747314,0.016129255294799805,-0.09110653400421143,0.014182627201080322,-0.11772987246513367,0.0049672722816467285,-0.10413450002670288,-0.03562590479850769,-0.08082818984985352,-0.14534026384353638,-0.08013564348220825,-0.03470367193222046,-0.06606447696685791,0.013329148292541504,-0.05748242139816284,-0.002141714096069336,-0.03939086198806763,-0.16086578369140625,-0.03849714994430542,-0.019621968269348145,-0.03870970010757446,0.007220447063446045,-0.044064223766326904,-0.028584420680999756,-0.00179368257522583,-0.15106692910194397,-0.006058692932128906,-0.0152205228805542,-0.009467244148254395,0.0015181303024291992,-0.012058496475219727,-0.0302371084690094,0.028404593467712402,-0.13049787282943726,0.021638453006744385,-0.02784690260887146,0.0175057053565979,-0.006176114082336426,0.015999972820281982,-0.023318350315093994,FIST
0.0,0.0,-0.04034829139709473,0.014630138874053955,-0.08267945051193237,0.01948559284210205,-0.10171473026275635,0.02179795503616333,-0.08007729053497314,-0.0003167390823364258,-0.08185487985610962,-0.1518349051475525,-0.08511495590209961,-0.04542726278305054,-0.07366663217544556,-0.0036602020263671875,-0.06789040565490723,-0.023042023181915283,-0.04317134618759155,-0.16499227285385132,-0.04726189374923706,-0.030877888202667236,-0.044911086559295654,-0.0020506978034973145,-0.047670066356658936,-0.03581041097640991,-0.006435871124267578,-0.15298300981521606,-0.013524413108825684,-0.02266031503677368,-0.014559328556060791,-0.0034230947494506836,-0.015199780464172363,-0.0325697660446167,0.023363709449768066,-0.12934952974319458,0.014264404773712158,-0.02952343225479126,0.012352943420410156,-0.00964963436126709,0.012745916843414307,-0.02908039093017578,FIST
0.0,0.0,-0.04143691062927246,0.010405242443084717,-0.08162194490432739,0.006640613079071045,-0.09700417518615723,0.004115462303161621,-0.07367944717407227,-0.008256793022155762,-0.06875354051589966,-0.1538592278957367,-0.07216387987136841,-0.0525396466255188,-0.06147205829620361,-0.008971452713012695,-0.05562639236450195,-0.030460596084594727,-0.029498279094696045,-0.16313710808753967,-0.03505474328994751,-0.04029989242553711,-0.03268927335739136,-0.007445096969604492,-0.03405404090881348,-0.0403558611869812,0.006015181541442871,-0.15014520287513733,-0.0034508705139160156,-0.0341528058052063,-0.005766808986663818,-0.008450448513031006,-0.006855964660644531,-0.03523510694503784,0.034576237201690674,-0.12726521492004395,0.02392733097076416,-0.03987628221511841,0.019878149032592773,-0.013892114162445068,0.018756985664367676,-0.0285799503326416,FIST
0.0,0.0,-0.041910409927368164,0.006909966468811035,-0.08221948146820068,-0.002398371696472168,-0.09776026010513306,-0.007563948631286621,-0.07402211427688599,-0.019321739673614502,-0.07202249765396118,-0.16190868616104126,-0.07236850261688232,-0.056826770305633545,-0.06145733594894409,-0.010896265506744385,-0.05614781379699707,-0.03372204303741455,-0.03242373466491699,-0.1716567873954773,-0.033239126205444336,-0.047687828540802,-0.03262889385223389,-0.01183164119720459,-0.03600388765335083,-0.047803521156311035,0.003523409366607666,-0.15863290429115295,-0.001027524471282959,-0.04119974374771118,-0.006078481674194336,-0.01402050256729126,-0.010026693344116211,-0.04531562328338623,0.03253418207168579,-0.135226309299469,0.025717616081237793,-0.04711651802062988,0.019892871379852295,-0.020297467708587646,0.016689658164978027,-0.03807002305984497,FIST
0.0,0.0,-0.03971517086029053,0.004606306552886963,-0.07886189222335815,-0.006972908973693848,-0.09346497058868408,-0.009344875812530518,-0.07080215215682983,-0.020791471004486084,-0.06632059812545776,-0.164861261844635,-0.06605017185211182,-0.05615943670272827,-0.055310070514678955,-0.010804176330566406,-0.04947561025619507,-0.035045087337493896,-0.02591836452484131,-0.17328903079032898,-0.025466084480285645,-0.044447898864746094,-0.026793301105499268,-0.010862231254577637,-0.030789196491241455,-0.04926168918609619,0.01021885871887207,-0.159051775932312,0.006508529186248779,-0.038188278675079346,-0.0005090236663818359,-0.013538360595703125,-0.004881560802459717,-0.04736596345901489,0.039034366607666016,-0.1351781189441681,0.03275442123413086,-0.04614675045013428,0.024989843368530273,-0.020781278610229492,0.020994722843170166,-0.040472328662872314,FIST
0.0,0.0,-0.04113137722015381,0.009301722049713135,-0.07997268438339233,-0.0005676746368408203,-0.09497332572937012,-0.0067291259765625,-0.07687139511108398,-0.01663970947265625,-0.062960684299469,-0.1637198030948639,-0.0547330379486084,-0.05344003438949585,-0.050720810890197754,-0.011516273021697998,-0.05075430870056152,-0.033302247524261475,-0.02411508560180664,-0.17323514819145203,-0.018268704414367676,-0.0455966591835022,-0.02173250913619995,-0.012228429317474365,-0.027013003826141357,-0.04391801357269287,0.011469841003417969,-0.16027170419692993,0.011778831481933594,-0.04113990068435669,0.005144357681274414,-0.015199244022369385,-0.00017839670181274414,-0.04529446363449097,0.040680527687072754,-0.13663923740386963,0.037644147872924805,-0.04807901382446289,0.029895424842834473,-0.01930457353591919,0.02426058053970337,-0.036115169525146484,FIST
