x0,y0,x1,y1,x2,y2,x3,y3,x4,y4,x5,y5,x6,y6,x7,y7,x8,y8,x9,y9,x10,y10,x11,y11,x12,y12,x13,y13,x14,y14,x15,y15,x16,y16,x17,y17,x18,y18,x19,y19,x20,y20,label
0.0,0.0,-0.08037468791007996,-0.035339415073394775,-0.14670369029045105,-0.1362411379814148,-0.19844740629196167,-0.22633230686187744,-0.25051888823509216,-0.28370410203933716,-0.09938150644302368,-0.35766780376434326,-0.11970248818397522,-0.5033783614635468,-0.13423418998718262,-0.5973896682262421,-0.14461258053779602,-0.6800270676612854,-0.04885751008987427,-0.384868860244751,-0.04942983388900757,-0.5535494685173035,-0.0512164831161499,-0.6640758514404297,-0.05278635025024414,-0.7623507082462311,-0.0009441375732421875,-0.3745810389518738,0.010022282600402832,-0.5297522842884064,0.01436394453048706,-0.6335919797420502,0.0159837007522583,-0.7283814549446106,0.04649239778518677,-0.3323821425437927,0.08897364139556885,-0.4347723126411438,0.11823946237564087,-0.5082394182682037,0.1423168182373047,-0.5772526264190674,OPEN_PALM
0.0,0.0,-0.08151566982269287,-0.035845935344696045,-0.15076392889022827,-0.1443745493888855,-0.20300334692001343,-0.23535770177841187,-0.2551559507846832,-0.2835475206375122,-0.09946918487548828,-0.35955148935317993,-0.12021541595458984,-0.5047506093978882,-0.1355634331703186,-0.5961642265319824,-0.14775848388671875,-0.6760282516479492,-0.049623727798461914,-0.385292649269104,-0.05118420720100403,-0.5526773929595947,-0.05306968092918396,-0.662617564201355,-0.05467155575752258,-0.7578844428062439,-0.0019416213035583496,-0.3739299178123474,0.008639335632324219,-0.5287443995475769,0.013552546501159668,-0.6315131783485413,0.01591789722442627,-0.7249973714351654,0.0452384352684021,-0.33261770009994507,0.08611398935317993,-0.4352313280105591,0.11512959003448486,-0.5071801543235779,0.13948482275009155,-0.5749287903308868,OPEN_PALM
0.0,0.0,-0.0801628828048706,-0.03482168912887573,-0.14544975757598877,-0.13654816150665283,-0.1953536868095398,-0.22372949123382568,-0.24723875522613525,-0.2770181894302368,-0.09759142994880676,-0.3539586067199707,-0.1194692850112915,-0.5007324516773224,-0.13457942008972168,-0.5917073488235474,-0.14508435130119324,-0.6714302599430084,-0.047806620597839355,-0.38044947385787964,-0.05080720782279968,-0.5497154593467712,-0.05302730202674866,-0.6619324386119843,-0.05409917235374451,-0.7589241564273834,0.0004684329032897949,-0.3714454174041748,0.010641872882843018,-0.5254622995853424,0.014324426651000977,-0.6308392882347107,0.01600545644760132,-0.7269213497638702,0.04868811368942261,-0.3314734697341919,0.08970433473587036,-0.43528029322624207,0.11787962913513184,-0.5081908404827118,0.14116215705871582,-0.5761889815330505,OPEN_PALM
0.0,0.0,-0.07967105507850647,-0.033756136894226074,-0.14632046222686768,-0.13429486751556396,-0.1975840926170349,-0.21644634008407593,-0.24904745817184448,-0.262784481048584,-0.09936210513114929,-0.3505571484565735,-0.12303990125656128,-0.4951901435852051,-0.137671560049057,-0.5853210091590881,-0.14650869369506836,-0.6641101837158203,-0.048559606075286865,-0.3783290982246399,-0.05414003133773804,-0.5458528995513916,-0.056508004665374756,-0.6573553681373596,-0.056688129901885986,-0.7540102303028107,0.0012745261192321777,-0.36978375911712646,0.008726060390472412,-0.522413432598114,0.01142972707748413,-0.6278560757637024,0.01358729600906372,-0.7235491275787354,0.05056113004684448,-0.3291968107223511,0.08964037895202637,-0.43227872252464294,0.1166791319847107,-0.5044313967227936,0.1395498514175415,-0.5716459155082703,OPEN_PALM
0.0,0.0,-0.08139333128929138,-0.028975725173950195,-0.15218022465705872,-0.13636702299118042,-0.20384088158607483,-0.21746587753295898,-0.2534882575273514,-0.2554476857185364,-0.10230433940887451,-0.34227657318115234,-0.12589064240455627,-0.480550616979599,-0.1409042477607727,-0.5700286626815796,-0.15165090560913086,-0.6488193273544312,-0.05306562781333923,-0.370569109916687,-0.059765011072158813,-0.5346601009368896,-0.06419578194618225,-0.6435391008853912,-0.06715282797813416,-0.7382273375988007,-0.004674375057220459,-0.3634803891181946,0.00013771653175354004,-0.5153330862522125,-0.0002911984920501709,-0.6147106289863586,-0.0016290545463562012,-0.7058672904968262,0.04293069243431091,-0.3258105516433716,0.08013740181922913,-0.4317818880081177,0.10677328705787659,-0.5067603886127472,0.12913694977760315,-0.5770040154457092,OPEN_PALM
0.0,0.0,-0.07733851671218872,-0.032117366790771484,-0.1477758288383484,-0.13402998447418213,-0.20106634497642517,-0.2168213129043579,-0.2515730857849121,-0.26171839237213135,-0.09980833530426025,-0.3488950729370117,-0.1278611421585083,-0.48428839445114136,-0.14513367414474487,-0.5708808600902557,-0.15730977058410645,-0.6479465961456299,-0.053921788930892944,-0.37561914324760437,-0.06292149424552917,-0.5391513705253601,-0.06906193494796753,-0.647180050611496,-0.07332271337509155,-0.7393648624420166,-0.008644670248031616,-0.3667895793914795,-0.005523115396499634,-0.5192616581916809,-0.0058457255363464355,-0.6185443699359894,-0.007375955581665039,-0.7086766064167023,0.03584486246109009,-0.32845538854599,0.07004070281982422,-0.4379764795303345,0.09603816270828247,-0.5127743780612946,0.11822611093521118,-0.5822308361530304,OPEN_PALM
0.0,0.0,-0.08218953013420105,-0.02197033166885376,-0.15319806337356567,-0.12292319536209106,-0.20233562588691711,-0.21029001474380493,-0.24920567870140076,-0.26002782583236694,-0.10691958665847778,-0.332330584526062,-0.13913244009017944,-0.46526214480400085,-0.15872883796691895,-0.5516299307346344,-0.17345266044139862,-0.6301780045032501,-0.06362795829772949,-0.3651863634586334,-0.07559522986412048,-0.5267152190208435,-0.08662161231040955,-0.6353231966495514,-0.09413772821426392,-0.72667396068573,-0.02157682180404663,-0.3622194230556488,-0.019476264715194702,-0.5098284482955933,-0.02542528510093689,-0.6143465936183929,-0.030598580837249756,-0.7024112045764923,0.019419997930526733,-0.3280516564846039,0.05658945441246033,-0.43122607469558716,0.08528932929039001,-0.5036687850952148,0.11006739735603333,-0.5691583156585693,OPEN_PALM
0.0,0.0,-0.08231940865516663,-0.021054089069366455,-0.15492834150791168,-0.12115579843521118,-0.2064480483531952,-0.20679372549057007,-0.25398895144462585,-0.25316035747528076,-0.11381468176841736,-0.3279528021812439,-0.1499093472957611,-0.45661282539367676,-0.17262886464595795,-0.5391204953193665,-0.19011655449867249,-0.6131535768508911,-0.07291847467422485,-0.36212754249572754,-0.08926716446876526,-0.5188252329826355,-0.10218533873558044,-0.6257644593715668,-0.11191090941429138,-0.7157502174377441,-0.03279244899749756,-0.36255091428756714,-0.03471940755844116,-0.5063770115375519,-0.041141360998153687,-0.6076998710632324,-0.04768639802932739,-0.6927955448627472,0.007194489240646362,-0.3347941040992737,0.03742632269859314,-0.4441133141517639,0.06185534596443176,-0.5214574337005615,0.08277994394302368,-0.5901914536952972,OPEN_PALM
0.0,0.0,-0.0794709324836731,-0.018831729888916016,-0.14984776079654694,-0.11678731441497803,-0.20056532323360443,-0.2046375870704651,-0.24869252741336823,-0.2559072971343994,-0.11828431487083435,-0.320936918258667,-0.15722933411598206,-0.4439675807952881,-0.18243974447250366,-0.5243422389030457,-0.20176520943641663,-0.5987736582756042,-0.07801499962806702,-0.357535183429718,-0.09762242436408997,-0.5119016766548157,-0.11286544799804688,-0.6142559349536896,-0.1257934868335724,-0.7048666179180145,-0.03780856728553772,-0.35835081338882446,-0.043916285037994385,-0.5063148140907288,-0.053044140338897705,-0.6031011939048767,-0.06264600157737732,-0.6907071769237518,0.0025076866149902344,-0.329952210187912,0.0265425443649292,-0.4431306719779968,0.04444900155067444,-0.5229032635688782,0.059399545192718506,-0.5983141660690308,OPEN_PALM
0.0,0.0,-0.08376480638980865,-0.020835280418395996,-0.1532120555639267,-0.12791287899017334,-0.20311105996370316,-0.22547417879104614,-0.2530066668987274,-0.2784618139266968,-0.12164875864982605,-0.32276400923728943,-0.16194874048233032,-0.44630348682403564,-0.18921011686325073,-0.5263387113809586,-0.21097393333911896,-0.6020902395248413,-0.08075597882270813,-0.35921716690063477,-0.10215316712856293,-0.5136654078960419,-0.11951567232608795,-0.6167046427726746,-0.13447043299674988,-0.7100508213043213,-0.04012250900268555,-0.35950395464897156,-0.04975274205207825,-0.5076596736907959,-0.06089605391025543,-0.6048438549041748,-0.07146376371383667,-0.6943994164466858,0.00044918060302734375,-0.33247482776641846,0.018849998712539673,-0.4467540979385376,0.03359970450401306,-0.5273761302232742,0.046771734952926636,-0.6048059165477753,OPEN_PALM
0.0,0.0,-0.07973822951316833,-0.027075529098510742,-0.14803150296211243,-0.13950669765472412,-0.1962769627571106,-0.2380048632621765,-0.24498260021209717,-0.2917371094226837,-0.11260981857776642,-0.32814374566078186,-0.15331625938415527,-0.4505370259284973,-0.1802903488278389,-0.5299509167671204,-0.20161616057157516,-0.6046390235424042,-0.07289694249629974,-0.3626123070716858,-0.09543605148792267,-0.5159962773323059,-0.11366289854049683,-0.6174708902835846,-0.12927863001823425,-0.7073059678077698,-0.033039018511772156,-0.3615107536315918,-0.042321860790252686,-0.5084086060523987,-0.05388301610946655,-0.6055082082748413,-0.0648956447839737,-0.6949444115161896,0.006592541933059692,-0.3327707052230835,0.024967104196548462,-0.4442732036113739,0.03896328806877136,-0.523960530757904,0.0512966513633728,-0.6006419360637665,OPEN_PALM
0.0,0.0,-0.07429668307304382,-0.026241004467010498,-0.13807189464569092,-0.13344037532806396,-0.1810728758573532,-0.2270945906639099,-0.2248111218214035,-0.2814764976501465,-0.10342627763748169,-0.31270653009414673,-0.1399029791355133,-0.42979398369789124,-0.16405923664569855,-0.5054143667221069,-0.18210627883672714,-0.5752138495445251,-0.06616845726966858,-0.3451421558856964,-0.08464579284191132,-0.4898728132247925,-0.10062484443187714,-0.5862514674663544,-0.11338204145431519,-0.6700866222381592,-0.029391378164291382,-0.344234824180603,-0.034279823303222656,-0.4823203682899475,-0.04374781250953674,-0.5746386051177979,-0.052491962909698486,-0.6582763195037842,0.006771564483642578,-0.31677258014678955,0.028990060091018677,-0.4200460612773895,0.04359745979309082,-0.49561089277267456,0.05632072687149048,-0.5679188370704651,OPEN_PALM
0.0,0.0,-0.07232674956321716,-0.028003931045532227,-0.13750353455543518,-0.12281501293182373,-0.18450526893138885,-0.20227909088134766,-0.22784776985645294,-0.25065386295318604,-0.10048060119152069,-0.3048213720321655,-0.13756375014781952,-0.41645562648773193,-0.1631198152899742,-0.48846638202667236,-0.1835331991314888,-0.5550637245178223,-0.06386719644069672,-0.3358529210090637,-0.08296225965023041,-0.475279837846756,-0.09856748580932617,-0.5677129328250885,-0.11143654584884644,-0.647794097661972,-0.026392951607704163,-0.3333396911621094,-0.032208144664764404,-0.4665921628475189,-0.04148881137371063,-0.5550101697444916,-0.05091066658496857,-0.6351670026779175,0.010796308517456055,-0.30363136529922485,0.03327608108520508,-0.4020582437515259,0.04799884557723999,-0.47508400678634644,0.06042727828025818,-0.5450935363769531,OPEN_PALM
0.0,0.0,-0.07466760277748108,-0.03283274173736572,-0.14136777818202972,-0.12494266033172607,-0.1901523321866989,-0.19877755641937256,-0.23490002751350403,-0.24257802963256836,-0.1049538105726242,-0.30932390689849854,-0.14387114346027374,-0.4229191839694977,-0.16961434483528137,-0.49339044094085693,-0.19075068831443787,-0.5576199889183044,-0.06787022948265076,-0.3397895097732544,-0.08519281446933746,-0.48326587677001953,-0.09995469450950623,-0.5763086676597595,-0.11217659711837769,-0.6547825634479523,-0.029387980699539185,-0.33707356452941895,-0.03294298052787781,-0.47362855076789856,-0.040359556674957275,-0.561377227306366,-0.04796406626701355,-0.6390188038349152,0.008768647909164429,-0.30528324842453003,0.035060107707977295,-0.403493732213974,0.05320945382118225,-0.4734002947807312,0.06875181198120117,-0.5378485918045044,OPEN_PALM
0.0,0.0,-0.0757601261138916,-0.037222981452941895,-0.14005321264266968,-0.13361895084381104,-0.18509338796138763,-0.21215611696243286,-0.2277418076992035,-0.2569597363471985,-0.09949487447738647,-0.3150743842124939,-0.13220787048339844,-0.4372825026512146,-0.15152232348918915,-0.5136387348175049,-0.16650626063346863,-0.5814640820026398,-0.05994179844856262,-0.34397727251052856,-0.07471221685409546,-0.49394726753234863,-0.08642464876174927,-0.5869764089584351,-0.0961357057094574,-0.6618039011955261,-0.020340323448181152,-0.3399313688278198,-0.020003587007522583,-0.48051774501800537,-0.02567926049232483,-0.5730684399604797,-0.03212165832519531,-0.6522699296474457,0.01938951015472412,-0.30611222982406616,0.049754202365875244,-0.4025605618953705,0.06988006830215454,-0.4741703271865845,0.08687698841094971,-0.5398611724376678,OPEN_PALM
0.0,0.0,-0.06727027893066406,-0.039938509464263916,-0.12639987468719482,-0.15062159299850464,-0.16730284690856934,-0.23562592267990112,-0.20814786851406097,-0.28741514682769775,-0.08675497770309448,-0.3338505029678345,-0.10931473970413208,-0.45633846521377563,-0.12366095185279846,-0.5344532132148743,-0.13476654887199402,-0.6030901968479156,-0.04385256767272949,-0.3560945689678192,-0.05262625217437744,-0.5033965110778809,-0.05904129147529602,-0.5967995822429657,-0.06474390625953674,-0.6754418313503265,-0.0010690391063690186,-0.34575822949409485,0.0006960034370422363,-0.4862316846847534,-0.00018972158432006836,-0.5755208134651184,-0.002631932497024536,-0.6562997996807098,0.04083326458930969,-0.30741292238235474,0.07100924849510193,-0.40215829014778137,0.09406819939613342,-0.46914196014404297,0.11409571766853333,-0.532396674156189,OPEN_PALM
0.0,0.0,-0.07696378231048584,-0.029452800750732422,-0.1362922191619873,-0.13137692213058472,-0.16915178298950195,-0.2239512801170349,-0.20595544576644897,-0.2785061001777649,-0.0880194902420044,-0.3169739246368408,-0.109686940908432,-0.4412233829498291,-0.1217452883720398,-0.519374817609787,-0.12936964631080627,-0.5876690745353699,-0.044509828090667725,-0.33934545516967773,-0.05143824219703674,-0.48622584342956543,-0.05544692277908325,-0.5807294547557831,-0.05670899152755737,-0.6613646149635315,-0.0016411840915679932,-0.3291112780570984,0.0034234821796417236,-0.4668950140476227,0.004890233278274536,-0.5563100576400757,0.006903558969497681,-0.6374949514865875,0.04180842638015747,-0.2901204824447632,0.07559490203857422,-0.380609929561615,0.09943848848342896,-0.4444538354873657,0.12028038501739502,-0.505348265171051,OPEN_PALM
0.0,0.0,-0.06891238689422607,-0.04430800676345825,-0.12597665190696716,-0.13774162530899048,-0.1642654538154602,-0.22459250688552856,-0.20132488012313843,-0.2881370782852173,-0.07785171270370483,-0.31926268339157104,-0.09702363610267639,-0.44595277309417725,-0.10656750202178955,-0.5257631540298462,-0.11218234896659851,-0.5950386226177216,-0.03492268919944763,-0.339407742023468,-0.03789395093917847,-0.48533087968826294,-0.03978702425956726,-0.5769490897655487,-0.040984541177749634,-0.6542875170707703,0.006183803081512451,-0.32728204131126404,0.014191508293151855,-0.4652917683124542,0.017387866973876953,-0.5507344603538513,0.018886327743530273,-0.6271361410617828,0.04646873474121094,-0.28713202476501465,0.08265084028244019,-0.3750775456428528,0.10790634155273438,-0.43570253252983093,0.12911033630371094,-0.49266403913497925,OPEN_PALM
0.0,0.0,-0.0652737021446228,-0.05012291669845581,-0.11902442574501038,-0.15249180793762207,-0.15551871061325073,-0.24232923984527588,-0.19456106424331665,-0.29304128885269165,-0.06943219900131226,-0.31899768114089966,-0.08395838737487793,-0.44327789545059204,-0.09056606888771057,-0.5224810242652893,-0.09366714954376221,-0.5909109711647034,-0.02670156955718994,-0.33650699257850647,-0.026462316513061523,-0.4795492887496948,-0.024882614612579346,-0.5693764686584473,-0.022825002670288086,-0.6463980078697205,0.013495802879333496,-0.3225390911102295,0.02432030439376831,-0.4565168619155884,0.02934783697128296,-0.5406432151794434,0.032750844955444336,-0.6152338683605194,0.05274862051010132,-0.2811596989631653,0.08983194828033447,-0.3647098243236542,0.11550140380859375,-0.42403486371040344,0.13671064376831055,-0.47977954149246216,OPEN_PALM
0.0,0.0,-0.06226074695587158,-0.04723638296127319,-0.11803936958312988,-0.1534401774406433,-0.15340211987495422,-0.2430192232131958,-0.1863061487674713,-0.3025432825088501,-0.06415104866027832,-0.32477080821990967,-0.0759769082069397,-0.45221227407455444,-0.08039593696594238,-0.5312279462814331,-0.08174830675125122,-0.5977669954299927,-0.0229833722114563,-0.3412204384803772,-0.02174198627471924,-0.48516249656677246,-0.017617523670196533,-0.5738596320152283,-0.013155877590179443,-0.644690752029419,0.01668381690979004,-0.3275795578956604,0.027725279331207275,-0.46274691820144653,0.034059762954711914,-0.5442191660404205,0.038352012634277344,-0.6130295693874359,0.05626332759857178,-0.2868933081626892,0.09401977062225342,-0.3692898154258728,0.12043184041976929,-0.4252689480781555,0.14262962341308594,-0.4769511818885803,OPEN_PALM
0.0,0.0,-0.059767067432403564,-0.05285835266113281,-0.10944026708602905,-0.16368317604064941,-0.13845670223236084,-0.26488304138183594,-0.16677987575531006,-0.3346169590950012,-0.054491281509399414,-0.32864463329315186,-0.06192690134048462,-0.45760446786880493,-0.06252741813659668,-0.5358369648456573,-0.0601157546043396,-0.6009540855884552,-0.013123929500579834,-0.34156525135040283,-0.006762385368347168,-0.485267698764801,0.0008803009986877441,-0.5706668794155121,0.009252071380615234,-0.6382941901683807,0.024532079696655273,-0.32468461990356445,0.039197564125061035,-0.460066020488739,0.0480692982673645,-0.5417284965515137,0.05624866485595703,-0.6105919182300568,0.06203943490982056,-0.2822530269622803,0.09990262985229492,-0.3625475764274597,0.1266983151435852,-0.416808158159256,0.15076208114624023,-0.4669489860534668,OPEN_PALM
0.0,0.0,-0.054890215396881104,-0.056609928607940674,-0.09894591569900513,-0.16725140810012817,-0.12478619813919067,-0.26843833923339844,-0.149966299533844,-0.3390507698059082,-0.04183506965637207,-0.3249298930168152,-0.04576796293258667,-0.4518960416316986,-0.04265397787094116,-0.5290271639823914,-0.035682499408721924,-0.5948199033737183,-0.0003209710121154785,-0.33687472343444824,0.01062852144241333,-0.4798774719238281,0.021443665027618408,-0.5670157372951508,0.03246653079986572,-0.6386915445327759,0.03670477867126465,-0.31792551279067993,0.05456620454788208,-0.4474163055419922,0.0669025182723999,-0.5305580496788025,0.07832038402557373,-0.6027021110057831,0.07214510440826416,-0.2750188708305359,0.11174935102462769,-0.3542907238006592,0.14100497961044312,-0.4101601243019104,0.16820818185806274,-0.46264195442199707,OPEN_PALM
0.0,0.0,-0.05333125591278076,-0.058751821517944336,-0.09635663032531738,-0.16467607021331787,-0.12481063604354858,-0.26219111680984497,-0.14889633655548096,-0.3386803865432739,-0.03922230005264282,-0.329448938369751,-0.04210460186004639,-0.4597685635089874,-0.03888636827468872,-0.5394102931022644,-0.031597018241882324,-0.6081257164478302,0.004247307777404785,-0.340986430644989,0.018189728260040283,-0.4848247766494751,0.030937016010284424,-0.5743333697319031,0.04350292682647705,-0.6494209170341492,0.04209470748901367,-0.32049524784088135,0.063717782497406,-0.4544559121131897,0.07787543535232544,-0.5374720096588135,0.09013766050338745,-0.609881579875946,0.0775994062423706,-0.2749074101448059,0.12033885717391968,-0.3574029207229614,0.15215975046157837,-0.4143632650375366,0.181307852268219,-0.4675138592720032,OPEN_PALM
0.0,0.0,-0.05699557065963745,-0.0606113076210022,-0.10075104236602783,-0.17216408252716064,-0.13209491968154907,-0.2695728540420532,-0.16133183240890503,-0.3367618918418884,-0.03431016206741333,-0.3413483202457428,-0.03580772876739502,-0.4797248840332031,-0.03285938501358032,-0.5651159882545471,-0.026727676391601562,-0.6374294459819794,0.012433767318725586,-0.35196539759635925,0.032042086124420166,-0.5059202015399933,0.04876840114593506,-0.6019006073474884,0.06462705135345459,-0.6823101341724396,0.05331045389175415,-0.3283597230911255,0.08130735158920288,-0.4713910222053528,0.09806555509567261,-0.5590817034244537,0.11260604858398438,-0.6370562613010406,0.09090763330459595,-0.27633559703826904,0.14376747608184814,-0.35783910751342773,0.1818726658821106,-0.41370391845703125,0.21535217761993408,-0.46796369552612305,OPEN_PALM
0.0,0.0,-0.0595971941947937,-0.059647977352142334,-0.10628944635391235,-0.17702007293701172,-0.13860708475112915,-0.2824384570121765,-0.17190545797348022,-0.35304397344589233,-0.030947327613830566,-0.35782286524772644,-0.030199527740478516,-0.5045321583747864,-0.026490867137908936,-0.5983563363552094,-0.018860042095184326,-0.676592618227005,0.019771695137023926,-0.3666071593761444,0.04466301202774048,-0.5360648036003113,0.06422436237335205,-0.6428550481796265,0.08318835496902466,-0.7316394150257111,0.06420958042144775,-0.3381282389163971,0.09965866804122925,-0.49320322275161743,0.1204255223274231,-0.5922280550003052,0.13869279623031616,-0.6792565286159515,0.10470706224441528,-0.27880483865737915,0.16723620891571045,-0.36504995822906494,0.21105033159255981,-0.4241553843021393,0.24847888946533203,-0.48056116700172424,OPEN_PALM
0.0,0.0,-0.0611039400100708,-0.0647345781326294,-0.11180967092514038,-0.19187825918197632,-0.14383840560913086,-0.30368202924728394,-0.1765272617340088,-0.37954553961753845,-0.029279768466949463,-0.3759652376174927,-0.026032626628875732,-0.5333316922187805,-0.01933342218399048,-0.6354292333126068,-0.009252607822418213,-0.7214384973049164,0.0247650146484375,-0.3866637051105499,0.05546069145202637,-0.577176883816719,0.07989966869354248,-0.7085452973842621,0.10323101282119751,-0.8188280463218689,0.07126742601394653,-0.35682445764541626,0.10978615283966064,-0.5198356509208679,0.1341729760169983,-0.6249005794525146,0.1559516191482544,-0.7138530611991882,0.11415374279022217,-0.2933899164199829,0.18015164136886597,-0.3838120102882385,0.22679227590560913,-0.4441290497779846,0.2675149440765381,-0.4992196261882782,OPEN_PALM
0.0,0.0,-0.06393927335739136,-0.06400316953659058,-0.11579042673110962,-0.19395673274993896,-0.14785534143447876,-0.30822521448135376,-0.18150991201400757,-0.38629817962646484,-0.0347675085067749,-0.3802250027656555,-0.031371474266052246,-0.5390146374702454,-0.02538430690765381,-0.6435204446315765,-0.01569610834121704,-0.7309449911117554,0.01952660083770752,-0.3909042775630951,0.04813528060913086,-0.5764516443014145,0.07218259572982788,-0.6981262266635895,0.09590297937393188,-0.7975178956985474,0.06645423173904419,-0.3612810969352722,0.10534459352493286,-0.5263508856296539,0.13012808561325073,-0.6349195837974548,0.15262776613235474,-0.7271503806114197,0.10947734117507935,-0.29955244064331055,0.17559939622879028,-0.39291882514953613,0.22290503978729248,-0.45506274700164795,0.26413530111312866,-0.511629194021225,OPEN_PALM
0.0,0.0,-0.07003813982009888,-0.0662049651145935,-0.12449955940246582,-0.19679540395736694,-0.15913042426109314,-0.30822211503982544,-0.1994648575782776,-0.37654829025268555,-0.04470419883728027,-0.39098334312438965,-0.048609018325805664,-0.5512964129447937,-0.04802781343460083,-0.6553520262241364,-0.042853593826293945,-0.7443898916244507,0.010727524757385254,-0.40433773398399353,0.032564520835876465,-0.5910934805870056,0.05001568794250488,-0.7091934680938721,0.06878000497817993,-0.8078746199607849,0.05966430902481079,-0.3751055598258972,0.09372663497924805,-0.5467104315757751,0.11540353298187256,-0.659492552280426,0.13572931289672852,-0.7567804157733917,0.10473644733428955,-0.31376922130584717,0.16854840517044067,-0.40989071130752563,0.21562540531158447,-0.4744301438331604,0.25754082202911377,-0.5339616239070892,OPEN_PALM
0.0,0.0,-0.07599771022796631,-0.05305200815200806,-0.13363271951675415,-0.16077035665512085,-0.17620670795440674,-0.2587215304374695,-0.22125065326690674,-0.3312959671020508,-0.07004034519195557,-0.37941327691078186,-0.07980626821517944,-0.5329143404960632,-0.08560049533843994,-0.6324426829814911,-0.08642995357513428,-0.7218160033226013,-0.012190103530883789,-0.39786338806152344,0.00032389163970947266,-0.5862509608268738,0.009076476097106934,-0.7047623693943024,0.01894587278366089,-0.8091800808906555,0.04102808237075806,-0.37254855036735535,0.06507182121276855,-0.5484840273857117,0.08023768663406372,-0.6589980721473694,0.09333813190460205,-0.7590816020965576,0.09115999937057495,-0.3135804533958435,0.14823734760284424,-0.4214515686035156,0.1890702247619629,-0.4909512400627136,0.22314149141311646,-0.5563147068023682,OPEN_PALM
0.0,0.0,-0.0802190899848938,-0.050888895988464355,-0.1448993682861328,-0.15663588047027588,-0.19019591808319092,-0.2531546950340271,-0.23841750621795654,-0.3199269771575928,-0.08307132124900818,-0.3646378815174103,-0.10227435827255249,-0.5168997049331665,-0.11419901251792908,-0.614526629447937,-0.12103921175003052,-0.7025727927684784,-0.02677386999130249,-0.38558000326156616,-0.022323012351989746,-0.5716950595378876,-0.020236611366271973,-0.689409613609314,-0.016937613487243652,-0.7934390306472778,0.025162220001220703,-0.36410483717918396,0.04318368434906006,-0.5389484465122223,0.05295753479003906,-0.6516617238521576,0.0603787899017334,-0.7539604008197784,0.07406806945800781,-0.3095499277114868,0.12704461812973022,-0.4193875789642334,0.16431719064712524,-0.49336761236190796,0.1953769326210022,-0.5609952211380005,OPEN_PALM
0.0,0.0,-0.07989469170570374,-0.03823423385620117,-0.14677104353904724,-0.1431105136871338,-0.19654038548469543,-0.2316036820411682,-0.24930307269096375,-0.28780823945999146,-0.10398498177528381,-0.35274583101272583,-0.13545569777488708,-0.4950639009475708,-0.15702423453330994,-0.5884703993797302,-0.17409294843673706,-0.6729370355606079,-0.05029788613319397,-0.3796825408935547,-0.06064698100090027,-0.5591124296188354,-0.06838005781173706,-0.6767813265323639,-0.07571998238563538,-0.7815686762332916,0.0015389621257781982,-0.36421510577201843,0.005221039056777954,-0.533137708902359,0.004656285047531128,-0.6475383341312408,0.0014264285564422607,-0.7534384727478027,0.05154576897621155,-0.31470805406570435,0.09357699751853943,-0.4318506717681885,0.12449255585670471,-0.5129044055938721,0.14884844422340393,-0.5889157354831696,OPEN_PALM
0.0,0.0,-0.08021983504295349,-0.0319666862487793,-0.1509636640548706,-0.13754016160964966,-0.20190265774726868,-0.22815924882888794,-0.254141241312027,-0.28516578674316406,-0.11163884401321411,-0.3464842438697815,-0.14315921068191528,-0.48769375681877136,-0.1655063033103943,-0.5815130770206451,-0.18307369947433472,-0.6675158739089966,-0.05945971608161926,-0.3776644170284271,-0.07119494676589966,-0.5586532950401306,-0.08037135004997253,-0.6855499744415283,-0.08852872252464294,-0.7983810007572174,-0.00892418622970581,-0.36489832401275635,-0.007046997547149658,-0.5311525762081146,-0.009029597043991089,-0.6453709900379181,-0.013243526220321655,-0.7501900494098663,0.04050028324127197,-0.3179320991039276,0.07987743616104126,-0.4353160858154297,0.10819107294082642,-0.517851322889328,0.13103675842285156,-0.5955874025821686,OPEN_PALM
0.0,0.0,-0.07579216361045837,-0.0336918830871582,-0.14335897564888,-0.13982808589935303,-0.1919507086277008,-0.2300196886062622,-0.24099205434322357,-0.2843356728553772,-0.10584068298339844,-0.3418038487434387,-0.1370629072189331,-0.4784325063228607,-0.1584509015083313,-0.566142663359642,-0.175042986869812,-0.6451302766799927,-0.05659392476081848,-0.3700515627861023,-0.06868398189544678,-0.5399354696273804,-0.07824808359146118,-0.6529286801815033,-0.08700975775718689,-0.751271665096283,-0.007989078760147095,-0.35898494720458984,-0.006871581077575684,-0.5209302306175232,-0.008985757827758789,-0.6288757026195526,-0.013457506895065308,-0.727221816778183,0.039618223905563354,-0.3164570927619934,0.0754038393497467,-0.43095678091049194,0.10130569338798523,-0.5105239748954773,0.12201222777366638,-0.5850243866443634,OPEN_PALM
0.0,0.0,-0.07830899953842163,-0.018627047538757324,-0.1421416699886322,-0.12219268083572388,-0.17938971519470215,-0.21681439876556396,-0.22079268097877502,-0.2682344317436218,-0.10349243879318237,-0.3198947310447693,-0.13217908143997192,-0.4418315887451172,-0.15079447627067566,-0.5209569334983826,-0.1644900143146515,-0.5920202732086182,-0.05806267261505127,-0.3486475646495819,-0.06928965449333191,-0.5018998384475708,-0.07786083221435547,-0.6019957661628723,-0.08520650863647461,-0.6885500550270081,-0.013986021280288696,-0.3401891589164734,-0.013036608695983887,-0.48532700538635254,-0.014903664588928223,-0.5815874636173248,-0.01816457509994507,-0.6692741811275482,0.029982805252075195,-0.3031552731990814,0.06024986505508423,-0.40693211555480957,0.08269894123077393,-0.478643000125885,0.10094690322875977,-0.5465045869350433,OPEN_PALM
0.0,0.0,-0.07232964038848877,-0.015552639961242676,-0.13185381889343262,-0.1068076491355896,-0.16371160745620728,-0.19542783498764038,-0.19984972476959229,-0.24867171049118042,-0.09339851140975952,-0.29576295614242554,-0.11802428960800171,-0.4087807238101959,-0.1342698037624359,-0.48069581389427185,-0.1461588442325592,-0.5450396239757538,-0.0516035258769989,-0.3214353621006012,-0.060626208782196045,-0.4635654091835022,-0.06788292527198792,-0.5540513694286346,-0.07369700074195862,-0.6310460269451141,-0.01149865984916687,-0.3137103021144867,-0.009635120630264282,-0.44802093505859375,-0.010483741760253906,-0.5348121523857117,-0.012308180332183838,-0.6132834255695343,0.028606712818145752,-0.28023427724838257,0.055764853954315186,-0.37655821442604065,0.0757666826248169,-0.44231948256492615,0.09220516681671143,-0.5037928819656372,OPEN_PALM
0.0,0.0,-0.06348323822021484,-0.02155935764312744,-0.11755868792533875,-0.09797805547714233,-0.15136224031448364,-0.17289793491363525,-0.18532437086105347,-0.231181800365448,-0.0816270112991333,-0.27359339594841003,-0.10519081354141235,-0.3796924352645874,-0.1208539605140686,-0.4462701976299286,-0.13238295912742615,-0.5058555603027344,-0.04451152682304382,-0.2964709997177124,-0.053358882665634155,-0.4271717965602875,-0.059969812631607056,-0.5108395516872406,-0.0654076337814331,-0.5828755795955658,-0.00828397274017334,-0.29018694162368774,-0.007152915000915527,-0.41338223218917847,-0.007105886936187744,-0.4938788414001465,-0.008176326751708984,-0.5673555731773376,0.028067052364349365,-0.2603728771209717,0.052524030208587646,-0.34863781929016113,0.07135897874832153,-0.4088795781135559,0.08674120903015137,-0.46484631299972534,OPEN_PALM
0.0,0.0,-0.05941471457481384,-0.01942688226699829,-0.11202436685562134,-0.09359967708587646,-0.14556440711021423,-0.1632518768310547,-0.1759774088859558,-0.2161344289779663,-0.07629421353340149,-0.2534937858581543,-0.09849834442138672,-0.35138028860092163,-0.1136205792427063,-0.413941353559494,-0.12509864568710327,-0.46935245394706726,-0.04208686947822571,-0.27670198678970337,-0.05104547739028931,-0.3967622220516205,-0.0576806366443634,-0.4754050374031067,-0.06310486793518066,-0.5433953404426575,-0.008309602737426758,-0.2725679874420166,-0.007627427577972412,-0.3874339163303375,-0.007909655570983887,-0.4619691073894501,-0.00937420129776001,-0.5301355719566345,0.025701940059661865,-0.24664044380187988,0.04813206195831299,-0.327631413936615,0.06453466415405273,-0.38448622822761536,0.07802361249923706,-0.43777918815612793,OPEN_PALM
0.0,0.0,-0.05855506658554077,-0.023338794708251953,-0.10969626903533936,-0.09758538007736206,-0.14204588532447815,-0.1660119891166687,-0.17417338490486145,-0.20867282152175903,-0.07793813943862915,-0.24727964401245117,-0.10015207529067993,-0.34125861525535583,-0.11510705947875977,-0.4004976153373718,-0.12710782885551453,-0.45332300662994385,-0.04453125596046448,-0.2698381543159485,-0.05399829149246216,-0.38566213846206665,-0.060748279094696045,-0.4610885977745056,-0.06661152839660645,-0.5259858071804047,-0.011095881462097168,-0.26633894443511963,-0.0122833251953125,-0.3772309422492981,-0.013769686222076416,-0.4478313624858856,-0.016286909580230713,-0.5124544501304626,0.023010671138763428,-0.24296540021896362,0.04223227500915527,-0.32241642475128174,0.05648314952850342,-0.37803345918655396,0.06833076477050781,-0.4306930899620056,OPEN_PALM
0.0,0.0,-0.05708649754524231,-0.033905029296875,-0.10508763790130615,-0.11137324571609497,-0.13521376252174377,-0.1800907850265503,-0.16550284624099731,-0.22235602140426636,-0.07063215970993042,-0.2483782172203064,-0.09006837010383606,-0.3432697355747223,-0.10148951411247253,-0.40330713987350464,-0.10953283309936523,-0.4558044672012329,-0.036164820194244385,-0.2689440846443176,-0.042572736740112305,-0.3859238922595978,-0.04648929834365845,-0.4593895375728607,-0.049968600273132324,-0.520552396774292,-0.002025425434112549,-0.2643149495124817,0.00048553943634033203,-0.375668466091156,0.0010927915573120117,-0.4449416995048523,0.00035631656646728516,-0.505396157503128,0.032104671001434326,-0.23908954858779907,0.05422109365463257,-0.31735602021217346,0.0695996880531311,-0.3714466094970703,0.08172249794006348,-0.4202617406845093,OPEN_PALM
0.0,0.0,-0.057386577129364014,-0.036489784717559814,-0.10655242204666138,-0.11508822441101074,-0.13696718215942383,-0.18659895658493042,-0.16147774457931519,-0.24180489778518677,-0.07188230752944946,-0.24978893995285034,-0.08751314878463745,-0.34788864850997925,-0.09591132402420044,-0.4100205600261688,-0.10154464840888977,-0.4625649154186249,-0.03748041391372681,-0.26988279819488525,-0.04231530427932739,-0.3856322765350342,-0.04489123821258545,-0.45662543177604675,-0.04699373245239258,-0.5151936113834381,-0.00416797399520874,-0.26589131355285645,-0.0009710788726806641,-0.3761522173881531,0.0002632737159729004,-0.4429265856742859,0.0005606412887573242,-0.4991776645183563,0.02909642457962036,-0.24125367403030396,0.05128800868988037,-0.31634461879730225,0.06721240282058716,-0.36781084537506104,0.0807986855506897,-0.4129331409931183,OPEN_PALM
0.0,0.0,-0.05376321077346802,-0.03502500057220459,-0.1001819372177124,-0.11784690618515015,-0.12649333477020264,-0.19384557008743286,-0.15220564603805542,-0.24380695819854736,-0.06001096963882446,-0.25593870878219604,-0.07260608673095703,-0.3559441864490509,-0.07825207710266113,-0.418545663356781,-0.0811237096786499,-0.4713752567768097,-0.026670098304748535,-0.2734467387199402,-0.030239641666412354,-0.38968151807785034,-0.029613971710205078,-0.4606872498989105,-0.028153657913208008,-0.5168509185314178,0.006235778331756592,-0.26633089780807495,0.009138643741607666,-0.3776032030582428,0.012577831745147705,-0.4431561231613159,0.015262246131896973,-0.4977968633174896,0.039766132831573486,-0.23834466934204102,0.06228440999984741,-0.31219547986984253,0.07915550470352173,-0.3604165315628052,0.09370416402816772,-0.4026485085487366,OPEN_PALM
0.0,0.0,-0.054309070110321045,-0.03871208429336548,-0.10094338655471802,-0.12609350681304932,-0.12717586755752563,-0.2060191035270691,-0.15277022123336792,-0.25654518604278564,-0.05826336145401001,-0.26239901781082153,-0.06835973262786865,-0.3685203194618225,-0.07161718606948853,-0.43468356132507324,-0.07221025228500366,-0.490251362323761,-0.022687673568725586,-0.2769887447357178,-0.022861957550048828,-0.3978026211261749,-0.019630074501037598,-0.4709850549697876,-0.015701711177825928,-0.5292828977108002,0.010796904563903809,-0.26747995615005493,0.01738560199737549,-0.38221031427383423,0.022246479988098145,-0.45082223415374756,0.026412665843963623,-0.507692813873291,0.0438348650932312,-0.23720353841781616,0.07023847103118896,-0.31306374073028564,0.09096121788024902,-0.36123672127723694,0.10905510187149048,-0.4037433862686157,OPEN_PALM
0.0,0.0,-0.05510526895523071,-0.039443135261535645,-0.10293000936508179,-0.12938600778579712,-0.12833678722381592,-0.2158503532409668,-0.1527370810508728,-0.2738853693008423,-0.05690032243728638,-0.2722585201263428,-0.06594586372375488,-0.38134223222732544,-0.06770235300064087,-0.4484442472457886,-0.06742268800735474,-0.5063655078411102,-0.02083057165145874,-0.28612005710601807,-0.0165863037109375,-0.4081589877605438,-0.012041032314300537,-0.482735276222229,-0.007203876972198486,-0.5438306331634521,0.011849462985992432,-0.2750362753868103,0.021783947944641113,-0.3852587342262268,0.027251005172729492,-0.4548547863960266,0.032740235328674316,-0.5141823589801788,0.04405796527862549,-0.2432073950767517,0.07351213693618774,-0.31411153078079224,0.09528285264968872,-0.36046695709228516,0.11536335945129395,-0.40334469079971313,OPEN_PALM
0.0,0.0,-0.05332958698272705,-0.04556119441986084,-0.09581762552261353,-0.14610421657562256,-0.11736398935317993,-0.23716580867767334,-0.14204853773117065,-0.2978789806365967,-0.04638206958770752,-0.2962672710418701,-0.05076789855957031,-0.40481114387512207,-0.050298213958740234,-0.47247907519340515,-0.04726916551589966,-0.5325141251087189,-0.008577883243560791,-0.30656498670578003,-0.0001423358917236328,-0.42819786071777344,0.006324470043182373,-0.5048453509807587,0.013103365898132324,-0.5682595074176788,0.024787425994873047,-0.2909187078475952,0.03898799419403076,-0.39837145805358887,0.04694092273712158,-0.46801140904426575,0.054200947284698486,-0.5280635058879852,0.05672872066497803,-0.2548883557319641,0.0872458815574646,-0.3244798183441162,0.10943096876144409,-0.37109291553497314,0.13019704818725586,-0.4142742156982422,OPEN_PALM
0.0,0.0,-0.05495482683181763,-0.04700052738189697,-0.09740060567855835,-0.15048015117645264,-0.11683785915374756,-0.24560445547103882,-0.14076513051986694,-0.3085780739784241,-0.04343324899673462,-0.301802396774292,-0.04652911424636841,-0.4118800163269043,-0.04445987939834595,-0.47994089126586914,-0.039793312549591064,-0.5418315529823303,-0.006847679615020752,-0.31118226051330566,0.0013828277587890625,-0.4343366026878357,0.009464621543884277,-0.5100623369216919,0.018549561500549316,-0.5755581259727478,0.025760173797607422,-0.2938607931137085,0.04026234149932861,-0.4037128686904907,0.05042821168899536,-0.47331488132476807,0.060182929039001465,-0.5346759557723999,0.05847281217575073,-0.2553189992904663,0.09043902158737183,-0.3257577419281006,0.11465996503829956,-0.37134337425231934,0.13733148574829102,-0.41511571407318115,OPEN_PALM
0.0,0.0,-0.05407559871673584,-0.04876464605331421,-0.09182161092758179,-0.15388178825378418,-0.11174982786178589,-0.2473984956741333,-0.134929358959198,-0.309797465801239,-0.036526620388031006,-0.29593396186828613,-0.03566312789916992,-0.4075610637664795,-0.031872332096099854,-0.47656190395355225,-0.026597321033477783,-0.5378836095333099,0.0023404359817504883,-0.3043028712272644,0.014655351638793945,-0.42921513319015503,0.02513742446899414,-0.5067009627819061,0.035222411155700684,-0.5719750225543976,0.036342740058898926,-0.28536248207092285,0.05357003211975098,-0.40083742141723633,0.06491631269454956,-0.4728580415248871,0.07495355606079102,-0.5363181233406067,0.06885641813278198,-0.2447947859764099,0.10559189319610596,-0.3146970868110657,0.13248634338378906,-0.3616552948951721,0.15664362907409668,-0.40730586647987366,OPEN_PALM
0.0,0.0,-0.05313211679458618,-0.05625408887863159,-0.09079891443252563,-0.16433298587799072,-0.11311614513397217,-0.2582045793533325,-0.13655400276184082,-0.3238563537597656,-0.03266710042953491,-0.3104763627052307,-0.031029164791107178,-0.4287451505661011,-0.026729047298431396,-0.4994288980960846,-0.02064216136932373,-0.5603956878185272,0.006342768669128418,-0.315848708152771,0.020723164081573486,-0.4458245038986206,0.032455623149871826,-0.5258621275424957,0.043778181076049805,-0.593089371919632,0.04047548770904541,-0.29462242126464844,0.06092417240142822,-0.4145081639289856,0.07385510206222534,-0.4900117814540863,0.08523505926132202,-0.5567896366119385,0.07316476106643677,-0.2515081763267517,0.11334216594696045,-0.32292407751083374,0.1420985460281372,-0.37289440631866455,0.16802513599395752,-0.4213508367538452,OPEN_PALM
0.0,0.0,-0.05670726299285889,-0.06081932783126831,-0.0987844467163086,-0.1677667498588562,-0.12287968397140503,-0.2612503170967102,-0.14526808261871338,-0.33090126514434814,-0.040258586406707764,-0.31615132093429565,-0.04201996326446533,-0.43931257724761963,-0.03662627935409546,-0.514854371547699,-0.02781093120574951,-0.5784793794155121,0.000861823558807373,-0.32361477613449097,0.014474213123321533,-0.4615287780761719,0.028162717819213867,-0.5456880033016205,0.04173290729522705,-0.6138021349906921,0.037223994731903076,-0.30220526456832886,0.05789816379547119,-0.4318159520626068,0.07133257389068604,-0.509677916765213,0.08325165510177612,-0.5757850706577301,0.07229000329971313,-0.2562899589538574,0.11356312036514282,-0.3354520797729492,0.14343976974487305,-0.38795652985572815,0.16976463794708252,-0.4363904595375061,OPEN_PALM
0.0,0.0,-0.06239187717437744,-0.06034064292907715,-0.10619151592254639,-0.16895627975463867,-0.1285783052444458,-0.26818740367889404,-0.15190136432647705,-0.34000828862190247,-0.04099690914154053,-0.326919823884964,-0.04030561447143555,-0.4521417021751404,-0.03309851884841919,-0.5300871729850769,-0.022628962993621826,-0.597270131111145,0.0038382411003112793,-0.3336109519004822,0.021103203296661377,-0.47738978266716003,0.036266863346099854,-0.5659242868423462,0.051212430000305176,-0.6395643949508667,0.04278320074081421,-0.30974841117858887,0.06780886650085449,-0.4426470398902893,0.08309268951416016,-0.5245848596096039,0.09662109613418579,-0.5958945751190186,0.07950884103775024,-0.25938886404037476,0.12518656253814697,-0.34265777468681335,0.15832430124282837,-0.3964902460575104,0.18705153465270996,-0.44785189628601074,OPEN_PALM
0.0,0.0,-0.06380164623260498,-0.06304401159286499,-0.10892009735107422,-0.182900071144104,-0.13393205404281616,-0.2867794632911682,-0.15961039066314697,-0.358541339635849,-0.03946918249130249,-0.34799373149871826,-0.03789651393890381,-0.484116792678833,-0.03144735097885132,-0.5666760504245758,-0.022269070148468018,-0.635926365852356,0.00659632682800293,-0.35671159625053406,0.024632632732391357,-0.5081234574317932,0.040566325187683105,-0.6020027697086334,0.055982112884521484,-0.6792386770248413,0.046752989292144775,-0.3342576026916504,0.07292979955673218,-0.4723128080368042,0.08853071928024292,-0.5566586256027222,0.10164999961853027,-0.6298084557056427,0.08447611331939697,-0.28553855419158936,0.13311845064163208,-0.3674866557121277,0.16713225841522217,-0.4230020046234131,0.19714778661727905,-0.4759054183959961,OPEN_PALM
0.0,0.0,-0.06783103942871094,-0.060358285903930664,-0.11955153942108154,-0.19068139791488647,-0.14728188514709473,-0.3033682703971863,-0.17671924829483032,-0.3744877576828003,-0.05151313543319702,-0.36063528060913086,-0.05411326885223389,-0.5032984018325806,-0.051383793354034424,-0.5895526111125946,-0.045553505420684814,-0.6626801490783691,-0.0047643184661865234,-0.37461066246032715,0.008814990520477295,-0.5319653153419495,0.021045982837677002,-0.6297842562198639,0.03315305709838867,-0.7104912400245667,0.036592066287994385,-0.356764554977417,0.05860811471939087,-0.5011990666389465,0.0711899995803833,-0.5883581936359406,0.08173877000808716,-0.6630866527557373,0.07610011100769043,-0.31224918365478516,0.12159258127212524,-0.39940133690834045,0.15386426448822021,-0.4585871398448944,0.1825096607208252,-0.514203667640686,OPEN_PALM
0.0,0.0,-0.07148849964141846,-0.05128210783004761,-0.1305750012397766,-0.1790769100189209,-0.16258341073989868,-0.2933810353279114,-0.19206494092941284,-0.36877766251564026,-0.06279796361923218,-0.3599982261657715,-0.06968694925308228,-0.5050255060195923,-0.07098257541656494,-0.5922220647335052,-0.06912446022033691,-0.6672367453575134,-0.015242457389831543,-0.3751240670681,-0.00531613826751709,-0.535437822341919,0.0036476850509643555,-0.6361765265464783,0.01305532455444336,-0.7190316617488861,0.02689814567565918,-0.3576003611087799,0.046972036361694336,-0.503478080034256,0.057781219482421875,-0.5951991379261017,0.06720978021621704,-0.6751857101917267,0.06733983755111694,-0.3149399161338806,0.11144965887069702,-0.4056556224822998,0.1442621350288391,-0.4665687084197998,0.17381399869918823,-0.5254529416561127,OPEN_PALM
0.0,0.0,-0.0706855058670044,-0.05687546730041504,-0.13195383548736572,-0.18856722116470337,-0.1683567762374878,-0.30274128913879395,-0.2011120617389679,-0.38244763016700745,-0.06244009733200073,-0.37739062309265137,-0.07406550645828247,-0.527526319026947,-0.07877403497695923,-0.618320882320404,-0.07980948686599731,-0.6972655951976776,-0.01278311014175415,-0.39206111431121826,-0.005610764026641846,-0.5612989068031311,0.0012173056602478027,-0.6678400039672852,0.007891356945037842,-0.7555802762508392,0.03157836198806763,-0.3730529844760895,0.04936951398849487,-0.5273320376873016,0.059117138385772705,-0.6260668635368347,0.06687873601913452,-0.7129241824150085,0.0731956958770752,-0.32872825860977173,0.11812615394592285,-0.42762666940689087,0.15221130847930908,-0.4953741729259491,0.18264281749725342,-0.5599592924118042,OPEN_PALM
0.0,0.0,-0.07208263874053955,-0.05724614858627319,-0.13017380237579346,-0.18895244598388672,-0.16608363389968872,-0.3022047281265259,-0.2000989317893982,-0.38555222749710083,-0.06374406814575195,-0.3895323574542999,-0.078388512134552,-0.5402729213237762,-0.08561074733734131,-0.634463369846344,-0.08798807859420776,-0.7172552943229675,-0.013389289379119873,-0.4046137034893036,-0.008815228939056396,-0.581716775894165,-0.004005312919616699,-0.6954478025436401,0.00141984224319458,-0.7897987365722656,0.03269284963607788,-0.3831198811531067,0.04916846752166748,-0.5487207770347595,0.05792510509490967,-0.65431347489357,0.06489169597625732,-0.7473713457584381,0.07629966735839844,-0.3344264030456543,0.12150651216506958,-0.4451872408390045,0.15533864498138428,-0.520396500825882,0.185205340385437,-0.5908829569816589,OPEN_PALM
0.0,0.0,-0.07600325345993042,-0.06834352016448975,-0.13175266981124878,-0.19709885120391846,-0.17157089710235596,-0.31090039014816284,-0.21241623163223267,-0.39321649074554443,-0.07172030210494995,-0.4057973623275757,-0.08522802591323853,-0.5554185509681702,-0.09387558698654175,-0.6525762975215912,-0.09744483232498169,-0.738701194524765,-0.018021881580352783,-0.42362290620803833,-0.011531293392181396,-0.6016960144042969,-0.008315086364746094,-0.7168069779872894,-0.005340158939361572,-0.8168080151081085,0.031090140342712402,-0.4019932746887207,0.04908108711242676,-0.5712053775787354,0.05801105499267578,-0.6802308261394501,0.06450742483139038,-0.7795179188251495,0.07723432779312134,-0.3498377203941345,0.12279808521270752,-0.4632788300514221,0.15651577711105347,-0.5435426235198975,0.18550443649291992,-0.6200530230998993,OPEN_PALM
0.0,0.0,-0.0785554051399231,-0.06870406866073608,-0.1346961259841919,-0.1890655755996704,-0.17714691162109375,-0.3003380298614502,-0.21959346532821655,-0.384577214717865,-0.07248133420944214,-0.4090616703033447,-0.08918625116348267,-0.5593510866165161,-0.1007196307182312,-0.6575375497341156,-0.1064150333404541,-0.7462120652198792,-0.016716837882995605,-0.4300045967102051,-0.012662708759307861,-0.6125472187995911,-0.012091279029846191,-0.7307823002338409,-0.011770963668823242,-0.8362901508808136,0.03502917289733887,-0.4102018475532532,0.050261616706848145,-0.5799743831157684,0.05782216787338257,-0.6921141445636749,0.06230825185775757,-0.797087162733078,0.08393996953964233,-0.3572756052017212,0.12860876321792603,-0.4723333716392517,0.16153442859649658,-0.5551639795303345,0.18932342529296875,-0.6350805163383484,OPEN_PALM
0.0,0.0,-0.08132055401802063,-0.06611764430999756,-0.13670790195465088,-0.1889570951461792,-0.17995649576187134,-0.30004364252090454,-0.22618085145950317,-0.3797798156738281,-0.07154297828674316,-0.4105910658836365,-0.0876091718673706,-0.5633951425552368,-0.10145601630210876,-0.662464439868927,-0.11093863844871521,-0.7533164620399475,-0.014366090297698975,-0.43094635009765625,-0.009170055389404297,-0.617082417011261,-0.009227454662322998,-0.7388520538806915,-0.008914291858673096,-0.8494194447994232,0.038648366928100586,-0.4077330231666565,0.05592244863510132,-0.5854235887527466,0.06452244520187378,-0.7002372443675995,0.0702054500579834,-0.808652937412262,0.08905911445617676,-0.35020601749420166,0.13806384801864624,-0.4678400456905365,0.1733599305152893,-0.5511035323143005,0.2032039761543274,-0.6324353218078613,OPEN_PALM
0.0,0.0,-0.08033797144889832,-0.0632936954498291,-0.13764086365699768,-0.19053888320922852,-0.18124276399612427,-0.3036903738975525,-0.22568586468696594,-0.38914281129837036,-0.07659676671028137,-0.4104251265525818,-0.09525936841964722,-0.5649467706680298,-0.1100841760635376,-0.6633701622486115,-0.11993184685707092,-0.754681259393692,-0.020116984844207764,-0.43260520696640015,-0.015425682067871094,-0.619460940361023,-0.016143977642059326,-0.7411940395832062,-0.01810145378112793,-0.8502570986747742,0.03146260976791382,-0.4108344316482544,0.048992276191711426,-0.5869143605232239,0.05701875686645508,-0.7008173167705536,0.060769855976104736,-0.8089548051357269,0.07931971549987793,-0.35654670000076294,0.127191424369812,-0.4788772463798523,0.16190636157989502,-0.56226846575737,0.1903911828994751,-0.6425730884075165,OPEN_PALM
0.0,0.0,-0.08205363154411316,-0.06582474708557129,-0.14017871022224426,-0.19411402940750122,-0.1814713478088379,-0.30750328302383423,-0.22619199752807617,-0.3971734046936035,-0.07412421703338623,-0.41980862617492676,-0.09874966740608215,-0.5734737813472748,-0.11788374185562134,-0.6696178615093231,-0.13223904371261597,-0.7592240869998932,-0.018983960151672363,-0.4425874948501587,-0.01911473274230957,-0.6312939524650574,-0.02338874340057373,-0.7516240775585175,-0.028104782104492188,-0.859227180480957,0.03237450122833252,-0.4206444025039673,0.04795849323272705,-0.5992487668991089,0.0547751784324646,-0.7150984108448029,0.05848807096481323,-0.8245080709457397,0.08007359504699707,-0.3638477325439453,0.12699520587921143,-0.4857900142669678,0.1614707112312317,-0.5700532793998718,0.1901712417602539,-0.6512714922428131,OPEN_PALM
0.0,0.0,-0.08130422234535217,-0.06695491075515747,-0.13702663779258728,-0.20626384019851685,-0.1770325005054474,-0.3164573311805725,-0.22638899087905884,-0.3852120041847229,-0.0766904354095459,-0.4059446454048157,-0.10819682478904724,-0.5614306926727295,-0.1334647238254547,-0.6472674012184143,-0.15338775515556335,-0.7158964276313782,-0.024085581302642822,-0.43256640434265137,-0.02960526943206787,-0.6237124800682068,-0.0358465313911438,-0.7469309270381927,-0.04065549373626709,-0.8562338352203369,0.02803725004196167,-0.41657811403274536,0.03924530744552612,-0.5975172519683838,0.04453927278518677,-0.715035080909729,0.048381805419921875,-0.8228298723697662,0.07896912097930908,-0.3648204803466797,0.12487423419952393,-0.48771026730537415,0.1576470136642456,-0.5720292925834656,0.1847745180130005,-0.6525227129459381,OPEN_PALM
0.0,0.0,-0.08127236366271973,-0.06731677055358887,-0.13878512382507324,-0.20058107376098633,-0.1809867024421692,-0.3089712858200073,-0.23000028729438782,-0.384555459022522,-0.08033189177513123,-0.407720148563385,-0.11081397533416748,-0.5621255040168762,-0.1366068422794342,-0.6470364928245544,-0.15813112258911133,-0.7170174717903137,-0.028033018112182617,-0.4341113567352295,-0.034546226263046265,-0.6245362460613251,-0.0424996018409729,-0.747702032327652,-0.04947340488433838,-0.8588912189006805,0.0235462486743927,-0.41788697242736816,0.0328482985496521,-0.599043607711792,0.036187946796417236,-0.7170746028423309,0.03814518451690674,-0.8264739811420441,0.07415515184402466,-0.36605173349380493,0.11864340305328369,-0.49053460359573364,0.15075451135635376,-0.5773219168186188,0.17703354358673096,-0.6599909961223602,OPEN_PALM
0.0,0.0,-0.08300513029098511,-0.06867456436157227,-0.13870617747306824,-0.2060210108757019,-0.17829126119613647,-0.31490617990493774,-0.22670505940914154,-0.3872673511505127,-0.07971164584159851,-0.41020822525024414,-0.11411905288696289,-0.5660421848297119,-0.14176210761070251,-0.6569962501525879,-0.1650911569595337,-0.7353770732879639,-0.028208792209625244,-0.43897730112075806,-0.03566285967826843,-0.6309979856014252,-0.04586434364318848,-0.7552578151226044,-0.055159807205200195,-0.8665070235729218,0.02287423610687256,-0.4240904450416565,0.03153768181800842,-0.6086055636405945,0.03332012891769409,-0.7260259985923767,0.03346377611160278,-0.8343690633773804,0.07286477088928223,-0.3727976083755493,0.1169053316116333,-0.4994947910308838,0.14696919918060303,-0.5895072817802429,0.17142903804779053,-0.6769146621227264,OPEN_PALM
0.0,0.0,-0.07590538263320923,-0.0709274411201477,-0.13321852684020996,-0.2103511095046997,-0.1824733167886734,-0.3191608786582947,-0.23661337792873383,-0.38503098487854004,-0.0779733955860138,-0.42296063899993896,-0.11975479125976562,-0.5709663033485413,-0.15392132103443146,-0.665146678686142,-0.18303412199020386,-0.7510113716125488,-0.03133353590965271,-0.44852811098098755,-0.04702925682067871,-0.6375117301940918,-0.064719557762146,-0.7656294107437134,-0.08114495873451233,-0.879309892654419,0.01548120379447937,-0.43121272325515747,0.018385350704193115,-0.6124207973480225,0.015387743711471558,-0.7370127439498901,0.01019337773323059,-0.8512901067733765,0.06148257851600647,-0.38212335109710693,0.09841766953468323,-0.5153899788856506,0.12419745326042175,-0.612460732460022,0.14380618929862976,-0.7064558565616608,OPEN_PALM
0.0,0.0,-0.08057999610900879,-0.06417667865753174,-0.14364174008369446,-0.19898635149002075,-0.19815735518932343,-0.3037877082824707,-0.2552431672811508,-0.36934179067611694,-0.09705021977424622,-0.4202619194984436,-0.1426398754119873,-0.5644775331020355,-0.18080918490886688,-0.6574414968490601,-0.21313096582889557,-0.7435033917427063,-0.049743980169296265,-0.4511933922767639,-0.06847506761550903,-0.6368134319782257,-0.0897512435913086,-0.7647188901901245,-0.10841502249240875,-0.8784275054931641,-0.001509249210357666,-0.43834322690963745,-0.002588897943496704,-0.6193537712097168,-0.009471148252487183,-0.742212176322937,-0.017490148544311523,-0.8552463054656982,0.04597717523574829,-0.39342784881591797,0.0765053927898407,-0.5271057486534119,0.09887346625328064,-0.6259709298610687,0.11683088541030884,-0.7219891548156738,OPEN_PALM
0.0,0.0,-0.08847583830356598,-0.06323736906051636,-0.15946775674819946,-0.19713300466537476,-0.21922053396701813,-0.29828768968582153,-0.27751222252845764,-0.36956703662872314,-0.11484658718109131,-0.4290420413017273,-0.16550415754318237,-0.5748095512390137,-0.20552009344100952,-0.6693772077560425,-0.2400887906551361,-0.7588511407375336,-0.06593623757362366,-0.4662075638771057,-0.08891850709915161,-0.653528243303299,-0.11285269260406494,-0.7827922105789185,-0.13470277190208435,-0.8983781337738037,-0.01833292841911316,-0.4541105628013611,-0.018661797046661377,-0.6353440880775452,-0.027264118194580078,-0.7669358849525452,-0.038220882415771484,-0.8885396122932434,0.02688947319984436,-0.40498727560043335,0.05779719352722168,-0.5372121334075928,0.07853379845619202,-0.6400003731250763,0.0943274199962616,-0.7421654164791107,OPEN_PALM
0.0,0.0,-0.09332546591758728,-0.06328690052032471,-0.1674380600452423,-0.19504547119140625,-0.23173236846923828,-0.2923562526702881,-0.2930954843759537,-0.35515493154525757,-0.12250921130180359,-0.432789146900177,-0.17915431410074234,-0.5864773988723755,-0.2230103611946106,-0.6832160353660583,-0.26009412109851837,-0.7757464647293091,-0.07479548454284668,-0.47114479541778564,-0.1038639098405838,-0.6691043972969055,-0.13022823631763458,-0.8006491661071777,-0.15335409343242645,-0.9182860255241394,-0.02515682578086853,-0.46063417196273804,-0.03301498293876648,-0.6514707803726196,-0.04500514268875122,-0.7847231328487396,-0.0574609637260437,-0.9080122709274292,0.023417234420776367,-0.41381198167800903,0.04893973469734192,-0.5565053224563599,0.07041043043136597,-0.6624771058559418,0.08954179286956787,-0.7652714550495148,OPEN_PALM
0.0,0.0,-0.09492340683937073,-0.06179070472717285,-0.1700046882033348,-0.19126743078231812,-0.23406465351581573,-0.2908896803855896,-0.29734788835048676,-0.35336774587631226,-0.12193895876407623,-0.4329642653465271,-0.17334333062171936,-0.5921086072921753,-0.21178198605775833,-0.6923525333404541,-0.24403013288974762,-0.7889355421066284,-0.06997789442539215,-0.47121745347976685,-0.09597998857498169,-0.667502373456955,-0.11959591507911682,-0.7978606522083282,-0.14116331934928894,-0.9153141379356384,-0.017296582460403442,-0.46089375019073486,-0.02309596538543701,-0.6471949219703674,-0.032393038272857666,-0.7775134146213531,-0.04339933395385742,-0.8990076184272766,0.033232152462005615,-0.41393131017684937,0.05770936608314514,-0.5533847808837891,0.07647433876991272,-0.6555755436420441,0.0928841233253479,-0.7548904120922089,OPEN_PALM
0.0,0.0,-0.09397043287754059,-0.053804874420166016,-0.16875678300857544,-0.17744475603103638,-0.2334778606891632,-0.2775043845176697,-0.29609814286231995,-0.34758156538009644,-0.1192639023065567,-0.4165304899215698,-0.16214092075824738,-0.5719016790390015,-0.19549893587827682,-0.6727548241615295,-0.22242698073387146,-0.7689719796180725,-0.06495034694671631,-0.45022547245025635,-0.08153878152370453,-0.64090695977211,-0.09807102382183075,-0.7716530859470367,-0.11223316192626953,-0.8922454714775085,-0.010958284139633179,-0.43518954515457153,-0.0094318687915802,-0.6147484183311462,-0.013159126043319702,-0.7379334568977356,-0.01910725235939026,-0.8569623231887817,0.04135814309120178,-0.3852819800376892,0.07286092638969421,-0.5126418769359589,0.09444904327392578,-0.6079161465167999,0.11259260773658752,-0.7035447657108307,OPEN_PALM
0.0,0.0,-0.08692330121994019,-0.06253063678741455,-0.157047837972641,-0.1926465630531311,-0.21183273196220398,-0.3001391291618347,-0.26784786581993103,-0.3685304522514343,-0.10788175463676453,-0.409119188785553,-0.14167064428329468,-0.555880069732666,-0.1675127148628235,-0.643247663974762,-0.18990948796272278,-0.7260085940361023,-0.05510595440864563,-0.4331743121147156,-0.06687545776367188,-0.6130384802818298,-0.07827076315879822,-0.7284495234489441,-0.08896547555923462,-0.8320005238056183,-0.003450155258178711,-0.41468602418899536,0.0016595423221588135,-0.5858160853385925,0.0005684494972229004,-0.6973415017127991,-0.0033761262893676758,-0.8012807369232178,0.04640454053878784,-0.36350077390670776,0.07849031686782837,-0.4875746965408325,0.09957489371299744,-0.5749141573905945,0.11584281921386719,-0.659200131893158,OPEN_PALM
0.0,0.0,-0.07800614833831787,-0.06148684024810791,-0.13975739479064941,-0.18534213304519653,-0.18330928683280945,-0.2900296449661255,-0.22810925543308258,-0.3637769818305969,-0.08525007963180542,-0.3804816007614136,-0.11532935500144958,-0.516481339931488,-0.1364852488040924,-0.5967115163803101,-0.15371748805046082,-0.6712388098239899,-0.03544718027114868,-0.40509968996047974,-0.04546442627906799,-0.5751168727874756,-0.053587526082992554,-0.6849892437458038,-0.06090182065963745,-0.7808720767498016,0.01363411545753479,-0.389273077249527,0.021590977907180786,-0.5490677356719971,0.023400336503982544,-0.655658483505249,0.023100435733795166,-0.7543714642524719,0.061456263065338135,-0.34256207942962646,0.09412124752998352,-0.4572262465953827,0.11510470509529114,-0.536780595779419,0.13109388947486877,-0.6125050187110901,OPEN_PALM
0.0,0.0,-0.07984703779220581,-0.0559045672416687,-0.1388275921344757,-0.17401260137557983,-0.17451056838035583,-0.2783377766609192,-0.21377824246883392,-0.3537839651107788,-0.07995817065238953,-0.3633897304534912,-0.10143381357192993,-0.4937260150909424,-0.11781331896781921,-0.5748690962791443,-0.1312226951122284,-0.6486068069934845,-0.029648661613464355,-0.38306760787963867,-0.03317543864250183,-0.5466210842132568,-0.03820452094078064,-0.6497159600257874,-0.04350125789642334,-0.740283340215683,0.01689019799232483,-0.3657097816467285,0.02740463614463806,-0.5225637853145599,0.03113579750061035,-0.6213450133800507,0.03170877695083618,-0.713219165802002,0.06186327338218689,-0.3201482892036438,0.09512576460838318,-0.43070101737976074,0.11708369851112366,-0.5055643916130066,0.13426104187965393,-0.5782035291194916,OPEN_PALM
0.0,0.0,-0.07622697949409485,-0.051914095878601074,-0.13103845715522766,-0.16874492168426514,-0.16296511888504028,-0.2722814083099365,-0.20091161131858826,-0.3400273323059082,-0.07831218838691711,-0.34086501598358154,-0.09729170799255371,-0.46655887365341187,-0.11070066690444946,-0.5452355146408081,-0.12160113453865051,-0.6179300546646118,-0.030023574829101562,-0.3624195456504822,-0.031418830156326294,-0.516870379447937,-0.03436329960823059,-0.6152573823928833,-0.03798916935920715,-0.7015646994113922,0.014275223016738892,-0.34724801778793335,0.025104522705078125,-0.49430233240127563,0.030456721782684326,-0.5875645279884338,0.03258252143859863,-0.6741286814212799,0.05625498294830322,-0.30492156744003296,0.08800560235977173,-0.4062257409095764,0.11018508672714233,-0.47608470916748047,0.1278579831123352,-0.5430973172187805,OPEN_PALM
0.0,0.0,-0.07010698318481445,-0.05296599864959717,-0.1212645173072815,-0.15832501649856567,-0.15376737713813782,-0.2552000880241394,-0.1868467926979065,-0.3258771300315857,-0.06870749592781067,-0.326407253742218,-0.08403244614601135,-0.4427478015422821,-0.09384405612945557,-0.5193163156509399,-0.1000986099243164,-0.5889802575111389,-0.0230141282081604,-0.3463993966579437,-0.021189510822296143,-0.4907352328300476,-0.021098971366882324,-0.5840675532817841,-0.02098226547241211,-0.6671746671199799,0.018405020236968994,-0.33086347579956055,0.03242546319961548,-0.467059850692749,0.03963547945022583,-0.5556623935699463,0.04395192861557007,-0.6381830871105194,0.05713313817977905,-0.2886223793029785,0.09005111455917358,-0.3816997706890106,0.1132727861404419,-0.44764307141304016,0.1320021152496338,-0.5106337666511536,OPEN_PALM
0.0,0.0,-0.06718480587005615,-0.049750328063964844,-0.11551764607429504,-0.15278857946395874,-0.14487159252166748,-0.2494661808013916,-0.1768537163734436,-0.3177051544189453,-0.06227254867553711,-0.3127560615539551,-0.07551005482673645,-0.4246700406074524,-0.08280202746391296,-0.4971845746040344,-0.08600673079490662,-0.5633782148361206,-0.01854601502418518,-0.3304358124732971,-0.014958441257476807,-0.4690110385417938,-0.01301044225692749,-0.5585075914859772,-0.010697215795516968,-0.6369495689868927,0.020828545093536377,-0.31486278772354126,0.03587847948074341,-0.4455922842025757,0.043953657150268555,-0.5298479199409485,0.0495639443397522,-0.6076731383800507,0.05739736557006836,-0.2738910913467407,0.09110593795776367,-0.3613293170928955,0.11492711305618286,-0.422984778881073,0.13456517457962036,-0.48147159814834595,OPEN_PALM
0.0,0.0,-0.06290295720100403,-0.045632898807525635,-0.10773798823356628,-0.14625966548919678,-0.1357268989086151,-0.23640364408493042,-0.1677646040916443,-0.29811060428619385,-0.05733063817024231,-0.29877936840057373,-0.06952303647994995,-0.40376466512680054,-0.07580024003982544,-0.47212493419647217,-0.07825887203216553,-0.5343473553657532,-0.015353232622146606,-0.31475794315338135,-0.009940087795257568,-0.4442371726036072,-0.007087647914886475,-0.5279447436332703,-0.004221439361572266,-0.602032870054245,0.02162349224090576,-0.29884326457977295,0.03769969940185547,-0.4205324947834015,0.04661029577255249,-0.49934691190719604,0.052962660789489746,-0.5731527507305145,0.055113136768341064,-0.25850754976272583,0.0887836217880249,-0.33859193325042725,0.11258900165557861,-0.39480891823768616,0.13222849369049072,-0.4490286409854889,OPEN_PALM
0.0,0.0,-0.05618089437484741,-0.042474448680877686,-0.09789592027664185,-0.13196861743927002,-0.12782365083694458,-0.20961809158325195,-0.16081714630126953,-0.26168543100357056,-0.0505090057849884,-0.2735108733177185,-0.06080925464630127,-0.3763798475265503,-0.06653210520744324,-0.4413810968399048,-0.06883087754249573,-0.49897500872612,-0.011174887418746948,-0.2861899733543396,-0.004122346639633179,-0.4085502624511719,0.00010019540786743164,-0.4870799779891968,0.004045307636260986,-0.5555544197559357,0.023519039154052734,-0.27018725872039795,0.041209876537323,-0.38239213824272156,0.051586925983428955,-0.45686760544776917,0.05885440111160278,-0.5257225930690765,0.05428725481033325,-0.23112237453460693,0.09140396118164062,-0.2977713346481323,0.11749774217605591,-0.34484872221946716,0.13907134532928467,-0.3894410729408264,OPEN_PALM
0.0,0.0,-0.05286300182342529,-0.039195358753204346,-0.09472647309303284,-0.11423301696777344,-0.12500441074371338,-0.17858457565307617,-0.15364468097686768,-0.22613674402236938,-0.046490371227264404,-0.2511235475540161,-0.056197941303253174,-0.3480886220932007,-0.06127610802650452,-0.40940096974372864,-0.06341588497161865,-0.4629194736480713,-0.010821670293807983,-0.2633180022239685,-0.00429147481918335,-0.37617143988609314,-0.0010148286819458008,-0.44777679443359375,0.0024480223655700684,-0.5099976360797882,0.0212133526802063,-0.2495291829109192,0.03723031282424927,-0.35334312915802,0.046090900897979736,-0.42142802476882935,0.05321323871612549,-0.48335957527160645,0.05002129077911377,-0.2144262194633484,0.08443701267242432,-0.27517169713974,0.10814297199249268,-0.31944799423217773,0.1283869743347168,-0.3614152669906616,OPEN_PALM
0.0,0.0,-0.050037920475006104,-0.037265241146087646,-0.09015217423439026,-0.10710567235946655,-0.12037158012390137,-0.16662228107452393,-0.14913856983184814,-0.2085026502609253,-0.045601725578308105,-0.23601680994033813,-0.05674096941947937,-0.325876921415329,-0.06184476613998413,-0.38313019275665283,-0.06388798356056213,-0.4329797029495239,-0.012739032506942749,-0.24867498874664307,-0.007635205984115601,-0.35448843240737915,-0.004984855651855469,-0.4207574725151062,-0.002072155475616455,-0.47775161266326904,0.017150044441223145,-0.23677211999893188,0.031162738800048828,-0.3343815207481384,0.03874891996383667,-0.3975684642791748,0.04486626386642456,-0.45451098680496216,0.04462838172912598,-0.20471346378326416,0.07581257820129395,-0.26159119606018066,0.09739446640014648,-0.30235522985458374,0.11583411693572998,-0.3408038020133972,OPEN_PALM
0.0,0.0,-0.047632962465286255,-0.03400462865829468,-0.08481061458587646,-0.1090356707572937,-0.11031481623649597,-0.1712280511856079,-0.1368008255958557,-0.20616471767425537,-0.039791643619537354,-0.22631585597991943,-0.05018371343612671,-0.31058013439178467,-0.05472871661186218,-0.363792359828949,-0.05648857355117798,-0.4103606939315796,-0.009003698825836182,-0.23724687099456787,-0.004807770252227783,-0.33630406856536865,-0.00195389986038208,-0.39830973744392395,0.001216888427734375,-0.451025128364563,0.018900036811828613,-0.22542011737823486,0.03188091516494751,-0.31711190938949585,0.03893476724624634,-0.3766189217567444,0.04455071687698364,-0.4298904538154602,0.044124722480773926,-0.19522768259048462,0.07236039638519287,-0.25046277046203613,0.0919526219367981,-0.2900233268737793,0.10885506868362427,-0.32765185832977295,OPEN_PALM
0.0,0.0,-0.04410555958747864,-0.03270590305328369,-0.07793423533439636,-0.10938131809234619,-0.09814819693565369,-0.17399317026138306,-0.12051171064376831,-0.21475499868392944,-0.03930690884590149,-0.21355170011520386,-0.048456668853759766,-0.29285532236099243,-0.05268022418022156,-0.3423213064670563,-0.05442097783088684,-0.38624972105026245,-0.009812116622924805,-0.22436636686325073,-0.0059092044830322266,-0.3183877468109131,-0.0032900571823120117,-0.3778657615184784,-0.0006246566772460938,-0.4282129108905792,0.016981005668640137,-0.2129414677619934,0.02817004919052124,-0.3008638024330139,0.034638822078704834,-0.3582969307899475,0.0397915244102478,-0.4103096127510071,0.04181778430938721,-0.1845439076423645,0.06754988431930542,-0.23937761783599854,0.08612513542175293,-0.27781206369400024,0.10227489471435547,-0.314369261264801,OPEN_PALM
0.0,0.0,-0.04471847414970398,-0.03294491767883301,-0.0767887532711029,-0.10968303680419922,-0.0931682288646698,-0.17685532569885254,-0.11253494024276733,-0.22012430429458618,-0.038351595401763916,-0.21146506071090698,-0.04646354913711548,-0.28874725103378296,-0.050479352474212646,-0.33615976572036743,-0.05254766345024109,-0.3784226179122925,-0.009385645389556885,-0.221186101436615,-0.006415247917175293,-0.3138354420661926,-0.004447996616363525,-0.37140148878097534,-0.0025603771209716797,-0.4192713499069214,0.016766250133514404,-0.2101927399635315,0.026737213134765625,-0.2981896996498108,0.03243815898895264,-0.35363686084747314,0.037023842334747314,-0.4034903645515442,0.04123765230178833,-0.18372362852096558,0.06377929449081421,-0.24246501922607422,0.08005541563034058,-0.2815103530883789,0.09436291456222534,-0.3185981512069702,OPEN_PALM
0.0,0.0,-0.04304319620132446,-0.039567768573760986,-0.07464677095413208,-0.1167650818824768,-0.09203886985778809,-0.18452614545822144,-0.1118336021900177,-0.2262176275253296,-0.037171900272369385,-0.21727025508880615,-0.041826605796813965,-0.2930224537849426,-0.04306960105895996,-0.337843656539917,-0.04311800003051758,-0.3772202730178833,-0.008247554302215576,-0.22445058822631836,-0.0031198859214782715,-0.31526973843574524,0.0008487701416015625,-0.3687514066696167,0.003884553909301758,-0.4149302840232849,0.017155826091766357,-0.21129971742630005,0.0292852520942688,-0.2977796196937561,0.036071598529815674,-0.34971749782562256,0.040750861167907715,-0.39642974734306335,0.04037719964981079,-0.18227577209472656,0.06108427047729492,-0.24243593215942383,0.07521456480026245,-0.28138577938079834,0.08710336685180664,-0.3182355761528015,OPEN_PALM
0.0,0.0,-0.04250454902648926,-0.04697495698928833,-0.06995081901550293,-0.13323372602462769,-0.08133399486541748,-0.2046075463294983,-0.09665554761886597,-0.25078892707824707,-0.031504809856414795,-0.22697961330413818,-0.034813642501831055,-0.2998172640800476,-0.0340116024017334,-0.3413141369819641,-0.032206594944000244,-0.3767746090888977,-0.001970231533050537,-0.23211407661437988,0.00462186336517334,-0.3190801739692688,0.009874701499938965,-0.3689700663089752,0.014151930809020996,-0.41082435846328735,0.02344602346420288,-0.2183188796043396,0.03700423240661621,-0.3013502359390259,0.043842971324920654,-0.3504560589790344,0.048575401306152344,-0.3940126895904541,0.04578036069869995,-0.1885947585105896,0.06381171941757202,-0.2482013702392578,0.0752711296081543,-0.2865118384361267,0.08494621515274048,-0.3228878378868103,OPEN_PALM
0.0,0.0,-0.04233121871948242,-0.0523456335067749,-0.06943076848983765,-0.13697868585586548,-0.0816996693611145,-0.20717376470565796,-0.09569084644317627,-0.2548707127571106,-0.030367255210876465,-0.2304837703704834,-0.03162240982055664,-0.3052184581756592,-0.027937889099121094,-0.346352219581604,-0.02270340919494629,-0.38107040524482727,8.499622344970703e-05,-0.2361764907836914,0.007809698581695557,-0.32258909940719604,0.01603102684020996,-0.3711985945701599,0.023994922637939453,-0.411710649728775,0.027045011520385742,-0.2227780818939209,0.041645824909210205,-0.3051397204399109,0.05189281702041626,-0.3521196246147156,0.06010997295379639,-0.39269310235977173,0.051975250244140625,-0.19294744729995728,0.0749092698097229,-0.2524033188819885,0.09153836965560913,-0.2872942090034485,0.10615748167037964,-0.3192684054374695,OPEN_PALM
0.0,0.0,-0.041300415992736816,-0.05173569917678833,-0.06708210706710815,-0.1361115574836731,-0.0817212462425232,-0.20361852645874023,-0.09921520948410034,-0.24937784671783447,-0.02535855770111084,-0.2352350950241089,-0.02634364366531372,-0.31098681688308716,-0.021837353706359863,-0.35362666845321655,-0.014470875263214111,-0.38833269476890564,0.0064089298248291016,-0.24020636081695557,0.015624761581420898,-0.3303554654121399,0.026389777660369873,-0.38156211376190186,0.037931084632873535,-0.42177242040634155,0.034476518630981445,-0.22479677200317383,0.05112701654434204,-0.31322407722473145,0.06374317407608032,-0.363311231136322,0.07529342174530029,-0.4055379629135132,0.060143232345581055,-0.19247543811798096,0.08834397792816162,-0.25324928760528564,0.10936683416366577,-0.2904496192932129,0.1282508373260498,-0.32477498054504395,OPEN_PALM
0.0,0.0,-0.04524475336074829,-0.04040127992630005,-0.07530182600021362,-0.11494570970535278,-0.09132558107376099,-0.17994385957717896,-0.1109585165977478,-0.22163790464401245,-0.02643197774887085,-0.22094053030014038,-0.02624523639678955,-0.29811108112335205,-0.02054750919342041,-0.34304893016815186,-0.011478602886199951,-0.38203632831573486,0.008701741695404053,-0.2272234559059143,0.023652195930480957,-0.32125651836395264,0.03713303804397583,-0.37553608417510986,0.05135113000869751,-0.42256689071655273,0.0385323166847229,-0.20983827114105225,0.05981183052062988,-0.29835861921310425,0.07453155517578125,-0.35045987367630005,0.08815991878509521,-0.39717090129852295,0.06514006853103638,-0.17343831062316895,0.10130202770233154,-0.22978746891021729,0.12785744667053223,-0.2640147805213928,0.15092235803604126,-0.2968880534172058,OPEN_PALM
0.0,0.0,-0.044252753257751465,-0.04110097885131836,-0.07835102081298828,-0.1173514723777771,-0.09898179769515991,-0.18023407459259033,-0.12222886085510254,-0.22025829553604126,-0.025637567043304443,-0.22753185033798218,-0.026379168033599854,-0.31124937534332275,-0.022001981735229492,-0.36223798990249634,-0.015331149101257324,-0.4059387445449829,0.012755274772644043,-0.23288416862487793,0.03117913007736206,-0.3349578380584717,0.04676574468612671,-0.3923037052154541,0.06276130676269531,-0.44046637415885925,0.04445105791091919,-0.2121899127960205,0.0721251368522644,-0.30632054805755615,0.09163689613342285,-0.3649832010269165,0.10956060886383057,-0.41850703954696655,0.07177090644836426,-0.17015540599822998,0.1157941222190857,-0.2188953161239624,0.14738541841506958,-0.2509855628013611,0.17514902353286743,-0.2834509611129761,OPEN_PALM
0.0,0.0,-0.04619640111923218,-0.04095768928527832,-0.08443647623062134,-0.12046629190444946,-0.10900157690048218,-0.18444961309432983,-0.13545972108840942,-0.2244638204574585,-0.025232911109924316,-0.22377914190292358,-0.027984321117401123,-0.3088420331478119,-0.0261726975440979,-0.36333733797073364,-0.022109806537628174,-0.4119124114513397,0.016715049743652344,-0.22835609316825867,0.036309242248535156,-0.33532723784446716,0.051809072494506836,-0.39929378032684326,0.06779247522354126,-0.4544670283794403,0.051632046699523926,-0.20552334189414978,0.08213841915130615,-0.3036514222621918,0.1026955246925354,-0.36804017424583435,0.12114846706390381,-0.4268842339515686,0.08143734931945801,-0.16019725799560547,0.1313226819038391,-0.20855945348739624,0.16745591163635254,-0.24246245622634888,0.19874143600463867,-0.27703434228897095,OPEN_PALM
0.0,0.0,-0.05175614356994629,-0.04027754068374634,-0.09472334384918213,-0.11921316385269165,-0.1252734661102295,-0.1809941828250885,-0.1555531919002533,-0.22322368621826172,-0.03348261117935181,-0.22325196862220764,-0.040333330631256104,-0.3141953647136688,-0.042121171951293945,-0.3732229471206665,-0.04097360372543335,-0.4275020956993103,0.011081814765930176,-0.2284519076347351,0.027874469757080078,-0.34217214584350586,0.04186689853668213,-0.41178110241889954,0.0574115514755249,-0.472583532333374,0.04838299751281738,-0.20503878593444824,0.07799750566482544,-0.30982255935668945,0.09840726852416992,-0.37696707248687744,0.1174006462097168,-0.4396338611841202,0.08023512363433838,-0.15781638026237488,0.1326121687889099,-0.20516997575759888,0.1707664132118225,-0.2394806444644928,0.20392906665802002,-0.2761151194572449,OPEN_PALM
0.0,0.0,-0.05643588304519653,-0.035882532596588135,-0.10256874561309814,-0.11070099472999573,-0.13694113492965698,-0.17085465788841248,-0.1719006896018982,-0.2112729847431183,-0.040309011936187744,-0.220682293176651,-0.05137753486633301,-0.31035733222961426,-0.056628406047821045,-0.37110358476638794,-0.05779075622558594,-0.42887914180755615,0.0069239139556884766,-0.23013350367546082,0.01960521936416626,-0.3471006155014038,0.03167986869812012,-0.4214002788066864,0.045955121517181396,-0.48767489194869995,0.04700112342834473,-0.20917385816574097,0.07535851001739502,-0.31820178031921387,0.09499657154083252,-0.3881167471408844,0.11270475387573242,-0.454579696059227,0.08105111122131348,-0.1630128026008606,0.1328490972518921,-0.21517184376716614,0.1700306534767151,-0.25098100304603577,0.20151853561401367,-0.2889523506164551,OPEN_PALM
0.0,0.0,-0.05940532684326172,-0.03273504972457886,-0.10640263557434082,-0.10686850547790527,-0.14186805486679077,-0.16884413361549377,-0.18110105395317078,-0.20842429995536804,-0.04459118843078613,-0.2181093394756317,-0.057251811027526855,-0.309558242559433,-0.06425124406814575,-0.3733517676591873,-0.06757497787475586,-0.43571801483631134,0.004023492336273193,-0.22917944192886353,0.014872968196868896,-0.3464965969324112,0.02551168203353882,-0.42345939576625824,0.03866088390350342,-0.4950413405895233,0.04536604881286621,-0.20774921774864197,0.07345151901245117,-0.31957167387008667,0.0925215482711792,-0.39164042472839355,0.10953736305236816,-0.46295860409736633,0.0805923342704773,-0.15968719124794006,0.13297778367996216,-0.21313655376434326,0.17059415578842163,-0.24725744128227234,0.20208442211151123,-0.28490519523620605,OPEN_PALM
0.0,0.0,-0.060793161392211914,-0.029836058616638184,-0.10925468802452087,-0.10132205486297607,-0.15069055557250977,-0.16049137711524963,-0.19502899050712585,-0.19837194681167603,-0.05129009485244751,-0.21672725677490234,-0.06744599342346191,-0.3079981505870819,-0.07734957337379456,-0.3733869940042496,-0.08302396535873413,-0.43760718405246735,-0.0018042922019958496,-0.23022261261940002,0.005593001842498779,-0.34745216369628906,0.012811660766601562,-0.4260557293891907,0.022617101669311523,-0.5001671016216278,0.04089975357055664,-0.209841787815094,0.06696128845214844,-0.3232339322566986,0.08385306596755981,-0.399484321475029,0.09844213724136353,-0.47492581605911255,0.07700192928314209,-0.1624346375465393,0.1301807165145874,-0.2197728157043457,0.1679244041442871,-0.25717636942863464,0.19910883903503418,-0.29757556319236755,OPEN_PALM
0.0,0.0,-0.06068256497383118,-0.030333876609802246,-0.1121073067188263,-0.10084331035614014,-0.15752342343330383,-0.15979865193367004,-0.20335286855697632,-0.20056134462356567,-0.06025022268295288,-0.22572049498558044,-0.0804373025894165,-0.32188481092453003,-0.09365400671958923,-0.3866165727376938,-0.10283702611923218,-0.4477940797805786,-0.011768341064453125,-0.24231159687042236,-0.011167049407958984,-0.3630300760269165,-0.008181214332580566,-0.4435810297727585,-0.0021457672119140625,-0.5181618630886078,0.03155720233917236,-0.22391092777252197,0.0520021915435791,-0.3408353924751282,0.06490367650985718,-0.4191010892391205,0.07576155662536621,-0.4946233332157135,0.06949061155319214,-0.1781277358531952,0.12029576301574707,-0.23877590894699097,0.15632027387619019,-0.279735803604126,0.18605053424835205,-0.32177674770355225,OPEN_PALM
0.0,0.0,-0.06319189071655273,-0.030920565128326416,-0.11798003315925598,-0.10365146398544312,-0.16357040405273438,-0.1699010729789734,-0.20952123403549194,-0.2144688367843628,-0.07224196195602417,-0.25899040699005127,-0.09758862853050232,-0.3639501631259918,-0.11460983753204346,-0.4326012283563614,-0.127386212348938,-0.4945654273033142,-0.024876683950424194,-0.2798359990119934,-0.02879926562309265,-0.41415777802467346,-0.032218992710113525,-0.50043785572052,-0.03382515907287598,-0.5764780044555664,0.018990695476531982,-0.26350367069244385,0.031141936779022217,-0.39266639947891235,0.03676581382751465,-0.48038846254348755,0.04036682844161987,-0.5620484948158264,0.05930304527282715,-0.2182120382785797,0.10267043113708496,-0.2927112579345703,0.13359564542770386,-0.3432537317276001,0.15865278244018555,-0.3918890357017517,OPEN_PALM
0.0,0.0,-0.06976604461669922,-0.02701568603515625,-0.12888997793197632,-0.10835546255111694,-0.17137813568115234,-0.1844547986984253,-0.21694999933242798,-0.22969666123390198,-0.08741956949234009,-0.2812226414680481,-0.11507979035377502,-0.3956494629383087,-0.13408109545707703,-0.47128142416477203,-0.1496465802192688,-0.5420539379119873,-0.041114866733551025,-0.30726006627082825,-0.0473555326461792,-0.45279447734355927,-0.05333071947097778,-0.5499373972415924,-0.058229148387908936,-0.6384836733341217,0.0023495256900787354,-0.29194265604019165,0.009779542684555054,-0.4325335919857025,0.011747777462005615,-0.5260368585586548,0.01149529218673706,-0.615993857383728,0.043896377086639404,-0.24649780988693237,0.08263403177261353,-0.33412954211235046,0.10845953226089478,-0.3957825005054474,0.12897902727127075,-0.45729203522205353,OPEN_PALM
0.0,0.0,-0.07942190766334534,-0.008863568305969238,-0.14605075120925903,-0.08323144912719727,-0.19186311960220337,-0.15697139501571655,-0.24060724675655365,-0.1961473822593689,-0.11330369114875793,-0.2869865298271179,-0.14676016569137573,-0.40560176968574524,-0.1678803265094757,-0.4856445789337158,-0.18396085500717163,-0.5586787760257721,-0.06629329919815063,-0.3244483470916748,-0.08317482471466064,-0.4791819453239441,-0.09370410442352295,-0.5813462138175964,-0.10126638412475586,-0.6744544506072998,-0.019227325916290283,-0.3212797939777374,-0.02409762144088745,-0.4687146544456482,-0.027897179126739502,-0.5660726428031921,-0.032171040773391724,-0.6555604040622711,0.027701199054718018,-0.2883671820163727,0.05729192495346069,-0.39326080679893494,0.07918494939804077,-0.4637829661369324,0.09666144847869873,-0.5309891700744629,OPEN_PALM
0.0,0.0,-0.07993286848068237,0.0002021193504333496,-0.15795442461967468,-0.07344543933868408,-0.21151700615882874,-0.14267343282699585,-0.25982289016246796,-0.17026102542877197,-0.13813793659210205,-0.27695128321647644,-0.18032339215278625,-0.3960227966308594,-0.20776024460792542,-0.4731014668941498,-0.22967326641082764,-0.5415525734424591,-0.09440797567367554,-0.32275521755218506,-0.12276101112365723,-0.4753430187702179,-0.1417723000049591,-0.5784022212028503,-0.15819251537322998,-0.6692028939723969,-0.04782259464263916,-0.3322310447692871,-0.06573906540870667,-0.4780101776123047,-0.07936951518058777,-0.5722495317459106,-0.09310001134872437,-0.6579338610172272,0.0012085437774658203,-0.3137080669403076,0.017803102731704712,-0.4267447292804718,0.03096148371696472,-0.5054240375757217,0.04078522324562073,-0.5793865621089935,OPEN_PALM
0.0,0.0,-0.07968887686729431,0.007848143577575684,-0.1601218283176422,-0.05545175075531006,-0.21687334775924683,-0.11884087324142456,-0.2666538953781128,-0.14229631423950195,-0.15254747867584229,-0.2612106204032898,-0.20021691918373108,-0.37439143657684326,-0.2308693826198578,-0.44869792461395264,-0.25573721528053284,-0.5166529417037964,-0.11215275526046753,-0.3124096691608429,-0.14861437678337097,-0.4576312005519867,-0.17323049902915955,-0.5554110705852509,-0.19486486911773682,-0.6433050334453583,-0.06707483530044556,-0.32841941714286804,-0.09353944659233093,-0.46856528520584106,-0.11345848441123962,-0.5596521496772766,-0.13276949524879456,-0.6431060135364532,-0.01771599054336548,-0.31762242317199707,-0.009121477603912354,-0.43301671743392944,-0.0012489855289459229,-0.5136214792728424,0.004018694162368774,-0.5896629393100739,OPEN_PALM
0.0,0.0,-0.07620564103126526,0.018888235092163086,-0.16035547852516174,-0.03460460901260376,-0.22309382259845734,-0.08998262882232666,-0.2744256258010864,-0.10124623775482178,-0.16270622611045837,-0.23939326405525208,-0.21690252423286438,-0.34497928619384766,-0.2518022060394287,-0.4149349331855774,-0.28057534992694855,-0.480099618434906,-0.1261589229106903,-0.2974504232406616,-0.17034503817558289,-0.43547964096069336,-0.20073214173316956,-0.5282732844352722,-0.22749148309230804,-0.6113044023513794,-0.0824173092842102,-0.3207668662071228,-0.11540934443473816,-0.45565617084503174,-0.14051958918571472,-0.541425496339798,-0.16447654366493225,-0.6199876368045807,-0.032908350229263306,-0.3178989291191101,-0.029759973287582397,-0.43415310978889465,-0.026704609394073486,-0.516175776720047,-0.026342004537582397,-0.5938759446144104,OPEN_PALM
0.0,0.0,-0.07634395360946655,0.029953360557556152,-0.1630968153476715,-0.009908795356750488,-0.22969281673431396,-0.0547519326210022,-0.28163929283618927,-0.05906319618225098,-0.17625105381011963,-0.21200817823410034,-0.234505295753479,-0.31058579683303833,-0.2722545713186264,-0.37536031007766724,-0.30373458564281464,-0.4360197186470032,-0.1427314579486847,-0.2755735218524933,-0.19378235936164856,-0.40675416588783264,-0.22900152206420898,-0.4939349591732025,-0.26024289429187775,-0.5724492371082306,-0.10032209753990173,-0.30682170391082764,-0.14046546816825867,-0.4370386600494385,-0.1702302098274231,-0.5186430811882019,-0.19840389490127563,-0.593428909778595,-0.05047336220741272,-0.3139587640762329,-0.05480650067329407,-0.4303079843521118,-0.05715811252593994,-0.5120043456554413,-0.061997175216674805,-0.5891616344451904,OPEN_PALM
0.0,0.0,-0.0725075900554657,0.040535569190979004,-0.15841877460479736,0.02641749382019043,-0.22823631763458252,0.000901639461517334,-0.2852019667625427,8.851289749145508e-05,-0.1916157305240631,-0.1660386323928833,-0.25729578733444214,-0.2507818043231964,-0.29936841130256653,-0.30470454692840576,-0.3354114294052124,-0.35726311802864075,-0.16397687792778015,-0.2380705177783966,-0.2251281440258026,-0.35485565662384033,-0.2662908732891083,-0.43199747800827026,-0.3038347363471985,-0.5020590126514435,-0.12424489855766296,-0.2796754240989685,-0.17475154995918274,-0.3992689251899719,-0.2102886438369751,-0.47391194105148315,-0.24449732899665833,-0.5420863628387451,-0.07510989904403687,-0.2986278533935547,-0.08924874663352966,-0.41251736879348755,-0.09821352362632751,-0.4940374195575714,-0.1090674102306366,-0.5705571174621582,OPEN_PALM
0.0,0.0,-0.0699758529663086,0.04420679807662964,-0.157100111246109,0.036488234996795654,-0.22830894589424133,0.021283864974975586,-0.28491567075252533,0.025924265384674072,-0.19631320238113403,-0.14992517232894897,-0.2649804949760437,-0.22670167684555054,-0.3096376955509186,-0.2748357653617859,-0.34799107909202576,-0.3216693103313446,-0.1714160144329071,-0.2241729497909546,-0.23639202117919922,-0.33225518465042114,-0.2802799791097641,-0.4034445285797119,-0.31971558928489685,-0.466877281665802,-0.13357767462730408,-0.27022239565849304,-0.18790698051452637,-0.3807935118675232,-0.2265070676803589,-0.4507754147052765,-0.2629644572734833,-0.5130565166473389,-0.08600577712059021,-0.2944645285606384,-0.10378021001815796,-0.40546470880508423,-0.11631429195404053,-0.48433810472488403,-0.1304447054862976,-0.5568960905075073,OPEN_PALM
0.0,0.0,-0.07119345664978027,0.04073601961135864,-0.1577332317829132,0.030225813388824463,-0.22685030102729797,0.01398533582687378,-0.28233638405799866,0.017008602619171143,-0.19461026787757874,-0.15610837936401367,-0.26138199865818024,-0.2317957878112793,-0.3056941032409668,-0.2802920341491699,-0.34412752091884613,-0.3273104429244995,-0.16882723569869995,-0.2300567626953125,-0.23097991943359375,-0.3393448293209076,-0.27413706481456757,-0.41195255517959595,-0.3136056512594223,-0.4762684404850006,-0.13066768646240234,-0.2749606966972351,-0.18260490894317627,-0.3859490752220154,-0.22044289112091064,-0.45546332001686096,-0.25671856105327606,-0.5173779428005219,-0.08310398459434509,-0.2961220145225525,-0.0987589955329895,-0.40698760747909546,-0.10970431566238403,-0.4856078624725342,-0.12248572707176208,-0.557757556438446,OPEN_PALM
0.0,0.0,-0.07169848680496216,0.03744608163833618,-0.15523117780685425,0.019379496574401855,-0.22333601117134094,-0.008155405521392822,-0.2798055112361908,-0.009088397026062012,-0.19214603304862976,-0.1690945029258728,-0.2558601498603821,-0.2496471405029297,-0.2969339191913605,-0.3015778958797455,-0.33200301229953766,-0.35103511810302734,-0.1637243628501892,-0.24092161655426025,-0.22279399633407593,-0.35482925176620483,-0.26238611340522766,-0.4287172555923462,-0.2980337291955948,-0.4932573735713959,-0.12349233031272888,-0.2828534245491028,-0.17251896858215332,-0.39716464281082153,-0.2078510820865631,-0.46806809306144714,-0.24135363101959229,-0.5308245122432709,-0.07377433776855469,-0.3011423945426941,-0.08674362301826477,-0.41250038146972656,-0.09511727094650269,-0.48996248841285706,-0.10523968935012817,-0.5604242980480194,OPEN_PALM
0.0,0.0,-0.07285937666893005,0.02691870927810669,-0.15309596061706543,-0.010522067546844482,-0.21648341417312622,-0.05441063642501831,-0.271280899643898,-0.07410699129104614,-0.17717134952545166,-0.20914679765701294,-0.2356671690940857,-0.3055495619773865,-0.2722923159599304,-0.36632007360458374,-0.30264200270175934,-0.42270779609680176,-0.1439000964164734,-0.27248191833496094,-0.19536569714546204,-0.40062716603279114,-0.22923433780670166,-0.4801490306854248,-0.2596035748720169,-0.5494194030761719,-0.10175192356109619,-0.3033374547958374,-0.1430816650390625,-0.4311653971672058,-0.17137593030929565,-0.5103491842746735,-0.1987113654613495,-0.5816134810447693,-0.05179065465927124,-0.30994200706481934,-0.056370049715042114,-0.4253765642642975,-0.05702412128448486,-0.5056846439838409,-0.06025007367134094,-0.5787315368652344,OPEN_PALM
0.0,0.0,-0.0729454755783081,0.008211970329284668,-0.15096122026443481,-0.04554492235183716,-0.20915502309799194,-0.09858715534210205,-0.26056431233882904,-0.12932884693145752,-0.15850511193275452,-0.2529740333557129,-0.20822674036026,-0.3579797148704529,-0.23952528834342957,-0.4253275692462921,-0.26511718332767487,-0.4862080216407776,-0.1207658052444458,-0.3048718273639679,-0.16094180941581726,-0.43962836265563965,-0.18724486231803894,-0.526975005865097,-0.21107566356658936,-0.6043959558010101,-0.07687687873840332,-0.3234260082244873,-0.10773670673370361,-0.4569350481033325,-0.12867841124534607,-0.5432281792163849,-0.1495514214038849,-0.6220871806144714,-0.02777165174484253,-0.31606006622314453,-0.022383809089660645,-0.42976194620132446,-0.015179246664047241,-0.5080344080924988,-0.011209964752197266,-0.5806513726711273,OPEN_PALM
0.0,0.0,-0.07058632373809814,-0.0015369653701782227,-0.14386755228042603,-0.06450319290161133,-0.19930198788642883,-0.12755298614501953,-0.24913400411605835,-0.1742558479309082,-0.1431279182434082,-0.27246689796447754,-0.1862660050392151,-0.38651028275489807,-0.21255946159362793,-0.45900893211364746,-0.23332786560058594,-0.5235415995121002,-0.10265016555786133,-0.3188820779323578,-0.13510650396347046,-0.46292078495025635,-0.15660464763641357,-0.5545612275600433,-0.17546764016151428,-0.634560227394104,-0.0578121542930603,-0.33184757828712463,-0.08072543144226074,-0.4718184471130371,-0.09673163294792175,-0.5619311928749084,-0.11256012320518494,-0.6444128751754761,-0.008849769830703735,-0.31763526797294617,0.0037121176719665527,-0.4301120638847351,0.016125142574310303,-0.5068334937095642,0.02506577968597412,-0.5772769451141357,OPEN_PALM
0.0,0.0,-0.06941422820091248,-0.01489335298538208,-0.13705050945281982,-0.08936983346939087,-0.18851548433303833,-0.16155874729156494,-0.23583486676216125,-0.21908581256866455,-0.12645232677459717,-0.2887781858444214,-0.1615530252456665,-0.4117812216281891,-0.18271362781524658,-0.4903296232223511,-0.1989334523677826,-0.5612641274929047,-0.08409300446510315,-0.33051395416259766,-0.10783085227012634,-0.4801655113697052,-0.12329152226448059,-0.5757559239864349,-0.1367027759552002,-0.6595782339572906,-0.03902715444564819,-0.3373304307460785,-0.05275923013687134,-0.48396414518356323,-0.06199571490287781,-0.5757505893707275,-0.07208555936813354,-0.6594689786434174,0.009080588817596436,-0.3139714002609253,0.030751049518585205,-0.42286235094070435,0.04826241731643677,-0.4965178966522217,0.06115877628326416,-0.5640185475349426,OPEN_PALM
0.0,0.0,-0.06933516263961792,-0.026880502700805664,-0.13239723443984985,-0.12070965766906738,-0.176731675863266,-0.2095300555229187,-0.2201574146747589,-0.27019643783569336,-0.09750175476074219,-0.31672266125679016,-0.12200385332107544,-0.4458822011947632,-0.13664719462394714,-0.5277983099222183,-0.14756065607070923,-0.600946307182312,-0.05286833643913269,-0.3443714678287506,-0.06362283229827881,-0.49695831537246704,-0.07033386826515198,-0.5963170230388641,-0.07596850395202637,-0.6820082366466522,-0.008576631546020508,-0.33668506145477295,-0.008510410785675049,-0.48102670907974243,-0.0092964768409729,-0.5751911103725433,-0.011520743370056152,-0.6615455746650696,0.0359005331993103,-0.30015823245048523,0.06832951307296753,-0.3990703821182251,0.09239000082015991,-0.4662553071975708,0.11186707019805908,-0.5297946929931641,OPEN_PALM
0.0,0.0,-0.07114815711975098,-0.02873528003692627,-0.1280663013458252,-0.13128983974456787,-0.16518568992614746,-0.23282521963119507,-0.20710039138793945,-0.2911180853843689,-0.0821884274482727,-0.32205745577812195,-0.0993606448173523,-0.4557289183139801,-0.10818958282470703,-0.540251687169075,-0.11378735303878784,-0.615844339132309,-0.035788536071777344,-0.34367287158966064,-0.03691631555557251,-0.49949610233306885,-0.03754726052284241,-0.6002154052257538,-0.037650734186172485,-0.6872757971286774,0.00739365816116333,-0.3292250633239746,0.01805436611175537,-0.47177278995513916,0.02265608310699463,-0.5662122368812561,0.025561809539794922,-0.6528386175632477,0.04894685745239258,-0.2858332097530365,0.08975332975387573,-0.37653595209121704,0.11885768175125122,-0.43803828954696655,0.1428089141845703,-0.49786537885665894,OPEN_PALM
0.0,0.0,-0.06729084253311157,-0.0402684211730957,-0.11808806657791138,-0.1494070291519165,-0.15033507347106934,-0.2560083270072937,-0.1883484125137329,-0.32717007398605347,-0.06052350997924805,-0.3321590721607208,-0.06846827268600464,-0.4674006700515747,-0.07202637195587158,-0.5536022484302521,-0.07278692722320557,-0.6298895478248596,-0.012721002101898193,-0.3444503843784332,-0.004319369792938232,-0.4984484314918518,0.0013791918754577637,-0.598984956741333,0.007380425930023193,-0.6872084438800812,0.02929633855819702,-0.32106003165245056,0.049386680126190186,-0.4578853249549866,0.06036597490310669,-0.5517981648445129,0.06912869215011597,-0.6390147507190704,0.0675610899925232,-0.2693473696708679,0.11421442031860352,-0.34999001026153564,0.14746809005737305,-0.4050082564353943,0.1754136085510254,-0.45946088433265686,OPEN_PALM
0.0,0.0,-0.061352938413619995,-0.059092581272125244,-0.10438168048858643,-0.17757433652877808,-0.13079708814620972,-0.2857927680015564,-0.1627873182296753,-0.3647814393043518,-0.036625176668167114,-0.3428192138671875,-0.03525400161743164,-0.476528525352478,-0.03395983576774597,-0.5616870522499084,-0.030529707670211792,-0.6365063488483429,0.010968387126922607,-0.3444070816040039,0.03026127815246582,-0.4935459792613983,0.04292869567871094,-0.5917178094387054,0.05476945638656616,-0.6771864295005798,0.050845205783843994,-0.31191185116767883,0.08049112558364868,-0.44475793838500977,0.09805428981781006,-0.534277081489563,0.11276042461395264,-0.6169614195823669,0.08490538597106934,-0.2518990635871887,0.13782137632369995,-0.3214503824710846,0.17471617460250854,-0.36963778734207153,0.20607370138168335,-0.41786572337150574,OPEN_PALM
0.0,0.0,-0.05529943108558655,-0.07844561338424683,-0.08625876903533936,-0.20688611268997192,-0.10693168640136719,-0.3142912983894348,-0.13540005683898926,-0.3952510952949524,-0.009760916233062744,-0.3461207449436188,0.0004038810729980469,-0.47712624073028564,0.008704006671905518,-0.559636116027832,0.018698573112487793,-0.6316594481468201,0.037979185581207275,-0.33669087290763855,0.06721138954162598,-0.4790065288543701,0.08770972490310669,-0.5728554725646973,0.10623496770858765,-0.6534067690372467,0.07611137628555298,-0.2958358824253082,0.11307811737060547,-0.4224622845649719,0.1374267339706421,-0.5056546032428741,0.15844124555587769,-0.5820144712924957,0.10649603605270386,-0.22856301069259644,0.1655411720275879,-0.28634247183799744,0.2068609595298767,-0.32483458518981934,0.2418994903564453,-0.3633098006248474,OPEN_PALM
0.0,0.0,-0.054474204778671265,-0.08084237575531006,-0.08292853832244873,-0.21087884902954102,-0.10188686847686768,-0.32065242528915405,-0.1291598677635193,-0.40422308444976807,-0.001132190227508545,-0.3448003828525543,0.011637330055236816,-0.47052034735679626,0.020351529121398926,-0.5497051179409027,0.031605064868927,-0.6192804872989655,0.04578310251235962,-0.3328625559806824,0.07813620567321777,-0.47129112482070923,0.10141527652740479,-0.5615330040454865,0.12309741973876953,-0.6384988129138947,0.08203387260437012,-0.2906111180782318,0.12454771995544434,-0.41051897406578064,0.15365910530090332,-0.4914460778236389,0.1785178780555725,-0.5665134191513062,0.11027473211288452,-0.2251330018043518,0.16903728246688843,-0.28233087062835693,0.21102523803710938,-0.3201005756855011,0.24657905101776123,-0.35890841484069824,OPEN_PALM
0.0,0.0,-0.055114805698394775,-0.08190888166427612,-0.08394843339920044,-0.21173536777496338,-0.10212254524230957,-0.3207645118236542,-0.12712866067886353,-0.40501701831817627,3.039836883544922e-05,-0.34397774934768677,0.015455186367034912,-0.4686627984046936,0.02640557289123535,-0.5467847287654877,0.03958994150161743,-0.6150725483894348,0.04675412178039551,-0.3331587314605713,0.08207648992538452,-0.47074124217033386,0.10683989524841309,-0.5592144429683685,0.12954413890838623,-0.6337349116802216,0.08306318521499634,-0.29293185472488403,0.12799477577209473,-0.4119141697883606,0.15795451402664185,-0.4913533329963684,0.18345379829406738,-0.5643961131572723,0.11176621913909912,-0.2294766902923584,0.17079031467437744,-0.28757160902023315,0.21231722831726074,-0.32390618324279785,0.24727922677993774,-0.36094069480895996,OPEN_PALM
0.0,0.0,-0.056581974029541016,-0.07012015581130981,-0.08695465326309204,-0.1902618408203125,-0.10644036531448364,-0.29756003618240356,-0.13498207926750183,-0.3784387409687042,-0.007330536842346191,-0.3337199091911316,0.0025919675827026367,-0.4585913419723511,0.011418640613555908,-0.5375050902366638,0.023831307888031006,-0.6047436594963074,0.03828638792037964,-0.3304113745689392,0.06721460819244385,-0.4690311849117279,0.08873623609542847,-0.5569109916687012,0.11011439561843872,-0.6315110325813293,0.07509994506835938,-0.2970547676086426,0.11472558975219727,-0.4190143346786499,0.14103883504867554,-0.4978301525115967,0.16415923833847046,-0.5700069069862366,0.1056593656539917,-0.2403888702392578,0.16028165817260742,-0.3041684031486511,0.19928938150405884,-0.3457171618938446,0.23281455039978027,-0.38700997829437256,OPEN_PALM
0.0,0.0,-0.058814555406570435,-0.06986284255981445,-0.08989617228507996,-0.19322627782821655,-0.10791581869125366,-0.30073457956314087,-0.13361620903015137,-0.3783092200756073,-0.011346161365509033,-0.3315998315811157,-0.001100778579711914,-0.45502400398254395,0.008738994598388672,-0.5320676863193512,0.021078526973724365,-0.5989402532577515,0.03409761190414429,-0.3283517360687256,0.06222611665725708,-0.4649397134780884,0.08310800790786743,-0.5507262051105499,0.10307067632675171,-0.6240438520908356,0.07045102119445801,-0.29612845182418823,0.10821455717086792,-0.4194626212120056,0.13326549530029297,-0.4983764886856079,0.15499836206436157,-0.5710510015487671,0.10092031955718994,-0.24025112390518188,0.15395373106002808,-0.30270683765411377,0.19163239002227783,-0.34306633472442627,0.22409135103225708,-0.3839682638645172,OPEN_PALM
0.0,0.0,-0.053080618381500244,-0.0672311782836914,-0.08486050367355347,-0.1845952868461609,-0.10554519295692444,-0.2875586152076721,-0.12889283895492554,-0.36694496870040894,-0.011461257934570312,-0.323844850063324,-0.0034093260765075684,-0.4437921643257141,0.005502879619598389,-0.5173819661140442,0.0175093412399292,-0.580817699432373,0.03223150968551636,-0.32256537675857544,0.058811724185943604,-0.456895649433136,0.07826447486877441,-0.538004070520401,0.09698885679244995,-0.605620801448822,0.0673673152923584,-0.2922765612602234,0.1022443175315857,-0.4143099784851074,0.12469178438186646,-0.488960325717926,0.14441198110580444,-0.5570725202560425,0.09691816568374634,-0.23887383937835693,0.14514142274856567,-0.3049430251121521,0.17972254753112793,-0.3460666537284851,0.20979517698287964,-0.3872489929199219,OPEN_PALM
0.0,0.0,-0.049363672733306885,-0.07076907157897949,-0.07847967743873596,-0.18723148107528687,-0.09513410925865173,-0.2852250933647156,-0.11629194021224976,-0.35737383365631104,-0.006980836391448975,-0.31069499254226685,0.003830134868621826,-0.4248453974723816,0.014383256435394287,-0.4950648546218872,0.027108311653137207,-0.5553055703639984,0.03438401222229004,-0.30673301219940186,0.06100863218307495,-0.4333820343017578,0.08183157444000244,-0.5092396438121796,0.10150271654129028,-0.572763979434967,0.06774485111236572,-0.274957537651062,0.1019824743270874,-0.3890899419784546,0.12604665756225586,-0.4590664207935333,0.1465158462524414,-0.521777331829071,0.0960378646850586,-0.22012746334075928,0.14426445960998535,-0.28117144107818604,0.17932218313217163,-0.317226767539978,0.20918124914169312,-0.3526960611343384,OPEN_PALM
0.0,0.0,-0.040495455265045166,-0.08294528722763062,-0.06170552968978882,-0.19903260469436646,-0.07188194990158081,-0.2944004535675049,-0.08668148517608643,-0.3658568859100342,0.014725327491760254,-0.30796539783477783,0.03268307447433472,-0.4197978377342224,0.04812204837799072,-0.48593294620513916,0.06510257720947266,-0.5404033958911896,0.05410677194595337,-0.2956088185310364,0.08803081512451172,-0.41645413637161255,0.1137692928314209,-0.4867696762084961,0.1375376582145691,-0.5441232621669769,0.08475381135940552,-0.25915592908859253,0.12412548065185547,-0.3664829730987549,0.15166151523590088,-0.431368350982666,0.1755926012992859,-0.48793381452560425,0.110126793384552,-0.2013816237449646,0.15911293029785156,-0.257748007774353,0.19508594274520874,-0.28952062129974365,0.22672200202941895,-0.3200315833091736,OPEN_PALM
0.0,0.0,-0.039662957191467285,-0.08023667335510254,-0.062164485454559326,-0.19580525159835815,-0.07114952802658081,-0.29241740703582764,-0.08398842811584473,-0.36575832962989807,0.012529134750366211,-0.3007970452308655,0.032425522804260254,-0.4129892587661743,0.050499796867370605,-0.4769933819770813,0.07006829977035522,-0.5295393168926239,0.05212736129760742,-0.28875136375427246,0.08734762668609619,-0.40656325221061707,0.11557424068450928,-0.4766741394996643,0.1415197253227234,-0.532629132270813,0.08316701650619507,-0.25278395414352417,0.12362998723983765,-0.3567144274711609,0.1516088843345642,-0.4200066328048706,0.1760087013244629,-0.4733952283859253,0.10896956920623779,-0.19576996564865112,0.1586819887161255,-0.2502927780151367,0.19443243741989136,-0.28008466958999634,0.2261233925819397,-0.30766499042510986,OPEN_PALM
0.0,0.0,-0.038898348808288574,-0.07808232307434082,-0.05913734436035156,-0.1891028881072998,-0.06726968288421631,-0.2850716710090637,-0.07809436321258545,-0.36119988560676575,0.01747274398803711,-0.2934216260910034,0.039028167724609375,-0.401693731546402,0.05823618173599243,-0.4653725028038025,0.07886803150177002,-0.5183699429035187,0.05667191743850708,-0.2807718515396118,0.0944473147392273,-0.3945397734642029,0.12338650226593018,-0.4646841883659363,0.1499684453010559,-0.5227099061012268,0.08688253164291382,-0.24427157640457153,0.12758564949035645,-0.34377044439315796,0.15582358837127686,-0.4081018567085266,0.180553138256073,-0.4642665386199951,0.11148244142532349,-0.18626773357391357,0.16176199913024902,-0.23638182878494263,0.19801485538482666,-0.2641509175300598,0.2299593687057495,-0.2911975383758545,OPEN_PALM
0.0,0.0,-0.03921991586685181,-0.07489556074142456,-0.06058377027511597,-0.18305039405822754,-0.07247906923294067,-0.2795935273170471,-0.08515036106109619,-0.35534560680389404,0.019002079963684082,-0.29714304208755493,0.04190260171890259,-0.4069135785102844,0.06195998191833496,-0.4720742106437683,0.08323222398757935,-0.5256798267364502,0.05820631980895996,-0.28375887870788574,0.09627854824066162,-0.3983203172683716,0.12722724676132202,-0.4661358892917633,0.15587466955184937,-0.5201258659362793,0.0883834958076477,-0.24538838863372803,0.1304425597190857,-0.34587574005126953,0.1610262393951416,-0.4092150926589966,0.18811500072479248,-0.46371176838874817,0.11292499303817749,-0.18643468618392944,0.16496211290359497,-0.23547673225402832,0.20227712392807007,-0.26241928339004517,0.23541885614395142,-0.2886514663696289,OPEN_PALM
0.0,0.0,-0.03863459825515747,-0.07224136590957642,-0.06395858526229858,-0.1788657307624817,-0.08158141374588013,-0.27431613206863403,-0.09795218706130981,-0.34605729579925537,0.01132124662399292,-0.29791325330734253,0.0304071307182312,-0.4116141200065613,0.047532737255096436,-0.47955378890037537,0.0655972957611084,-0.5352101922035217,0.05070328712463379,-0.28815704584121704,0.0845755934715271,-0.4072348177433014,0.11290699243545532,-0.47912633419036865,0.1389162540435791,-0.5357345342636108,0.08250099420547485,-0.2523793578147888,0.12135231494903564,-0.35752713680267334,0.14902591705322266,-0.4230882227420807,0.17339283227920532,-0.4790981709957123,0.10964334011077881,-0.1959720253944397,0.1606341004371643,-0.24902993440628052,0.19714701175689697,-0.279217004776001,0.22969859838485718,-0.30766159296035767,OPEN_PALM
0.0,0.0,-0.04487752914428711,-0.06777399778366089,-0.07325690984725952,-0.17532414197921753,-0.08971357345581055,-0.2703368067741394,-0.10731297731399536,-0.3409494161605835,0.0034418106079101562,-0.299871563911438,0.01943504810333252,-0.4149784445762634,0.03513616323471069,-0.48551860451698303,0.05215674638748169,-0.5440172851085663,0.043297767639160156,-0.2946860194206238,0.07537418603897095,-0.41860902309417725,0.10217165946960449,-0.49242931604385376,0.12760549783706665,-0.5516971945762634,0.07592958211898804,-0.26126527786254883,0.11302947998046875,-0.37419748306274414,0.13876616954803467,-0.44203341007232666,0.16232061386108398,-0.5006372332572937,0.10425823926925659,-0.20363622903823853,0.15592777729034424,-0.2620927691459656,0.1927551031112671,-0.2960853576660156,0.22535830736160278,-0.32852548360824585,OPEN_PALM
0.0,0.0,-0.04636901617050171,-0.06785744428634644,-0.07732254266738892,-0.17781156301498413,-0.09616458415985107,-0.2736673951148987,-0.1153460144996643,-0.3452163338661194,-0.0017061233520507812,-0.3061707019805908,0.011324107646942139,-0.4267040491104126,0.025065302848815918,-0.5006826519966125,0.041013360023498535,-0.5622380673885345,0.03810995817184448,-0.30474990606307983,0.06728106737136841,-0.4341292381286621,0.09219896793365479,-0.5144490897655487,0.11640799045562744,-0.5796892046928406,0.07120472192764282,-0.27448326349258423,0.10491049289703369,-0.395090252161026,0.12902456521987915,-0.46919071674346924,0.15199917554855347,-0.5328128635883331,0.1014365553855896,-0.21931558847427368,0.1511858105659485,-0.2871987223625183,0.18771010637283325,-0.3284854292869568,0.2210695743560791,-0.36677372455596924,OPEN_PALM
0.0,0.0,-0.051163315773010254,-0.05776560306549072,-0.08819848299026489,-0.16476470232009888,-0.11247915029525757,-0.2607322931289673,-0.13615864515304565,-0.33192765712738037,-0.018039286136627197,-0.3102191686630249,-0.01054835319519043,-0.4353017210960388,0.0002034902572631836,-0.5136231780052185,0.014020562171936035,-0.5795832872390747,0.023113369941711426,-0.3152708411216736,0.047774434089660645,-0.4531133770942688,0.07063239812850952,-0.5379024147987366,0.09319180250167847,-0.6072063744068146,0.05879467725753784,-0.2878657579421997,0.0891755223274231,-0.41659703850746155,0.11271888017654419,-0.49645301699638367,0.13477212190628052,-0.5659182965755463,0.09275650978088379,-0.23438352346420288,0.14286810159683228,-0.31134033203125,0.17969763278961182,-0.36054760217666626,0.2127695083618164,-0.40770113468170166,OPEN_PALM
0.0,0.0,-0.054757773876190186,-0.05413186550140381,-0.09598630666732788,-0.16046690940856934,-0.12295538187026978,-0.25879502296447754,-0.1493687629699707,-0.32966870069503784,-0.027353525161743164,-0.3162257671356201,-0.02576500177383423,-0.4498840570449829,-0.018479585647583008,-0.5321675837039948,-0.007523238658905029,-0.6021976172924042,0.014394104480743408,-0.3249205946922302,0.0347057580947876,-0.46988654136657715,0.054041504859924316,-0.5604168176651001,0.07379823923110962,-0.6366448998451233,0.05077207088470459,-0.3012081980705261,0.07759112119674683,-0.43888434767723083,0.09690415859222412,-0.5246279239654541,0.11562079191207886,-0.6004112958908081,0.08610332012176514,-0.25234365463256836,0.13297522068023682,-0.3388173580169678,0.16848188638687134,-0.3955320119857788,0.2015324831008911,-0.4498656988143921,OPEN_PALM
0.0,0.0,-0.057890892028808594,-0.04550236463546753,-0.10429888963699341,-0.14709055423736572,-0.13542664051055908,-0.24253880977630615,-0.16822326183319092,-0.3096793293952942,-0.044677555561065674,-0.32642364501953125,-0.04871398210525513,-0.46503978967666626,-0.04437512159347534,-0.5517814457416534,-0.035547077655792236,-0.6271454393863678,-0.0013744235038757324,-0.3420208692550659,0.013923704624176025,-0.4951351284980774,0.03168678283691406,-0.5924813151359558,0.050375521183013916,-0.6752367913722992,0.03720122575759888,-0.32312989234924316,0.061658382415771484,-0.4645952880382538,0.08081686496734619,-0.553869903087616,0.09878557920455933,-0.6340214908123016,0.07468032836914062,-0.2783542275428772,0.11915618181228638,-0.3724421262741089,0.1538112759590149,-0.43527472019195557,0.18532615900039673,-0.49602365493774414,OPEN_PALM
0.0,0.0,-0.06016886234283447,-0.03916370868682861,-0.11342024803161621,-0.1344512701034546,-0.1537303924560547,-0.22543609142303467,-0.1923481822013855,-0.2840580344200134,-0.06550568342208862,-0.33091866970062256,-0.07782727479934692,-0.47052592039108276,-0.08079630136489868,-0.5586998164653778,-0.07871246337890625,-0.6358537375926971,-0.02247077226638794,-0.35707128047943115,-0.015284955501556396,-0.5157105326652527,-0.00521165132522583,-0.6171363592147827,0.006615579128265381,-0.7034697830677032,0.01805657148361206,-0.3462960720062256,0.03440392017364502,-0.4957044720649719,0.0460355281829834,-0.5876231491565704,0.057092487812042236,-0.6685178577899933,0.058858275413513184,-0.3078700304031372,0.09918886423110962,-0.4096909463405609,0.13014119863510132,-0.4783078730106354,0.15834200382232666,-0.5424580872058868,OPEN_PALM
0.0,0.0,-0.06645506620407104,-0.029426872730255127,-0.12504607439041138,-0.12058901786804199,-0.17039692401885986,-0.21090930700302124,-0.2132754921913147,-0.26625359058380127,-0.08671468496322632,-0.329913854598999,-0.10510408878326416,-0.4699477553367615,-0.11110836267471313,-0.5574831068515778,-0.11158555746078491,-0.6360774636268616,-0.0424191951751709,-0.36076128482818604,-0.043147265911102295,-0.5224348902702332,-0.037599384784698486,-0.6257436573505402,-0.029640555381774902,-0.7151208519935608,0.00012743473052978516,-0.35367482900619507,0.009176373481750488,-0.5076019167900085,0.01720905303955078,-0.6018844544887543,0.024787068367004395,-0.6860586404800415,0.04366719722747803,-0.31912076473236084,0.07910197973251343,-0.42493078112602234,0.106495201587677,-0.49751365184783936,0.13107478618621826,-0.5675646066665649,OPEN_PALM
0.0,0.0,-0.06617480516433716,-0.02718275785446167,-0.12830811738967896,-0.11529111862182617,-0.17735469341278076,-0.2018621563911438,-0.2221900224685669,-0.25325411558151245,-0.0956231951713562,-0.32849764823913574,-0.11817270517349243,-0.4678427278995514,-0.1270465850830078,-0.5563007593154907,-0.1298607587814331,-0.6357834935188293,-0.0523526668548584,-0.3651833236217499,-0.05824464559555054,-0.5280132591724396,-0.05598652362823486,-0.6323303878307343,-0.050775349140167236,-0.722597062587738,-0.009403824806213379,-0.3637729585170746,-0.004829764366149902,-0.5200651288032532,-3.7550926208496094e-05,-0.6168753206729889,0.004622757434844971,-0.7026998996734619,0.03553837537765503,-0.3350672125816345,0.0688965916633606,-0.44582509994506836,0.09459549188613892,-0.5219230055809021,0.11762696504592896,-0.5947168171405792,OPEN_PALM
0.0,0.0,-0.06657671928405762,-0.027339041233062744,-0.12912482023239136,-0.11511999368667603,-0.181574285030365,-0.20202118158340454,-0.22931838035583496,-0.2544993758201599,-0.10165238380432129,-0.33453071117401123,-0.12774717807769775,-0.4759831428527832,-0.13965272903442383,-0.564428299665451,-0.14497846364974976,-0.6446680724620819,-0.05763965845108032,-0.3735833466053009,-0.06707221269607544,-0.5387099385261536,-0.06758260726928711,-0.6440999805927277,-0.06480050086975098,-0.7347270548343658,-0.013041079044342041,-0.3738974630832672,-0.010313451290130615,-0.5330314040184021,-0.007419228553771973,-0.6306456029415131,-0.004733145236968994,-0.7181381583213806,0.034083008766174316,-0.34691447019577026,0.06660890579223633,-0.46334975957870483,0.09135961532592773,-0.5422172546386719,0.11320281028747559,-0.6183245182037354,OPEN_PALM
0.0,0.0,-0.06808239221572876,-0.02957528829574585,-0.13619691133499146,-0.11822265386581421,-0.1898815631866455,-0.2020193338394165,-0.2358984351158142,-0.24865460395812988,-0.10412943363189697,-0.3306625485420227,-0.1308618187904358,-0.4714023768901825,-0.14226406812667847,-0.5593533515930176,-0.14711683988571167,-0.6374174356460571,-0.059417665004730225,-0.370583176612854,-0.06997931003570557,-0.5369504690170288,-0.07116234302520752,-0.6402789354324341,-0.0690535306930542,-0.7288339734077454,-0.013332247734069824,-0.3739287853240967,-0.013885140419006348,-0.5332960486412048,-0.013441860675811768,-0.6296803653240204,-0.012264728546142578,-0.7147118449211121,0.03576856851577759,-0.34968405961990356,0.06625252962112427,-0.46579355001449585,0.09026485681533813,-0.542423278093338,0.11179983615875244,-0.6144894361495972,OPEN_PALM
0.0,0.0,-0.07308274507522583,-0.027163982391357422,-0.14767104387283325,-0.12498676776885986,-0.20290714502334595,-0.21357524394989014,-0.2521788477897644,-0.25789523124694824,-0.11268872022628784,-0.3378169536590576,-0.14322525262832642,-0.47573256492614746,-0.15796053409576416,-0.561478853225708,-0.1663307547569275,-0.639017254114151,-0.06758284568786621,-0.3766123950481415,-0.08385610580444336,-0.5445331931114197,-0.08915412425994873,-0.6491453647613525,-0.09105062484741211,-0.7393160164356232,-0.02004718780517578,-0.37919145822525024,-0.025970160961151123,-0.5408723950386047,-0.028914570808410645,-0.6404418349266052,-0.03131073713302612,-0.7297461628913879,0.030973434448242188,-0.3553372025489807,0.056421637535095215,-0.4777680039405823,0.07764136791229248,-0.5596984624862671,0.09604161977767944,-0.6366589069366455,OPEN_PALM
0.0,0.0,-0.07769113779067993,-0.020001709461212158,-0.1556684970855713,-0.11095315217971802,-0.21428251266479492,-0.1959599256515503,-0.26292330026626587,-0.24660980701446533,-0.12552380561828613,-0.33646267652511597,-0.16190075874328613,-0.4677046835422516,-0.1821264624595642,-0.549640029668808,-0.19582226872444153,-0.6257403492927551,-0.08018004894256592,-0.37739861011505127,-0.10310256481170654,-0.540252149105072,-0.11505281925201416,-0.6449426710605621,-0.12403804063796997,-0.7374157309532166,-0.03165477514266968,-0.3809928297996521,-0.04329502582550049,-0.5423278510570526,-0.050701916217803955,-0.643438071012497,-0.058481037616729736,-0.7360717058181763,0.02011185884475708,-0.3577403128147125,0.041164517402648926,-0.483916699886322,0.057880938053131104,-0.5707016587257385,0.0712018609046936,-0.6532627940177917,OPEN_PALM
0.0,0.0,-0.0761040449142456,-0.020540595054626465,-0.15155932307243347,-0.1063656210899353,-0.2115224301815033,-0.18709796667099,-0.26176753640174866,-0.23422420024871826,-0.12863218784332275,-0.33556729555130005,-0.164853036403656,-0.46930938959121704,-0.18707236647605896,-0.5538262128829956,-0.20306342840194702,-0.6313243508338928,-0.08293688297271729,-0.3787609040737152,-0.1043391227722168,-0.5438427031040192,-0.11740243434906006,-0.6489503979682922,-0.12907832860946655,-0.7432687282562256,-0.03469330072402954,-0.3838644325733185,-0.04524141550064087,-0.5471230149269104,-0.05342584848403931,-0.6469667553901672,-0.06262844800949097,-0.7396801710128784,0.016391634941101074,-0.3591878116130829,0.03774815797805786,-0.4841862618923187,0.05388063192367554,-0.571312665939331,0.06633281707763672,-0.6546733379364014,OPEN_PALM
0.0,0.0,-0.08169686794281006,-0.025074005126953125,-0.15698161721229553,-0.10572308301925659,-0.22017300128936768,-0.17831027507781982,-0.2712285816669464,-0.2354346513748169,-0.13335010409355164,-0.3400575518608093,-0.17122453451156616,-0.46901798248291016,-0.19677424430847168,-0.5530568659305573,-0.2149096131324768,-0.6293003559112549,-0.08765268325805664,-0.3822479546070099,-0.1109725832939148,-0.5421071648597717,-0.1265522539615631,-0.645776778459549,-0.14068534970283508,-0.7428616881370544,-0.03960007429122925,-0.3872261345386505,-0.05247229337692261,-0.5469982028007507,-0.06157851219177246,-0.6463643610477448,-0.07221543788909912,-0.7387272417545319,0.010784685611724854,-0.3620116710662842,0.029297232627868652,-0.4888145625591278,0.044383227825164795,-0.5769158005714417,0.055647432804107666,-0.6598351895809174,OPEN_PALM
0.0,0.0,-0.08355754613876343,-0.029556989669799805,-0.1600683033466339,-0.10854583978652954,-0.22139453887939453,-0.18135881423950195,-0.2698974311351776,-0.251525342464447,-0.13087618350982666,-0.3380908966064453,-0.16960442066192627,-0.4619610905647278,-0.19638147950172424,-0.5420615077018738,-0.21716928482055664,-0.6140369474887848,-0.0844285786151886,-0.3801257014274597,-0.10782960057258606,-0.5398894548416138,-0.1260247826576233,-0.6417258381843567,-0.14345970749855042,-0.7365882694721222,-0.03614914417266846,-0.385048508644104,-0.04809659719467163,-0.545381486415863,-0.0574955940246582,-0.6468840837478638,-0.06951668858528137,-0.741559237241745,0.013432800769805908,-0.35754984617233276,0.0336262583732605,-0.484253853559494,0.04879415035247803,-0.5723078846931458,0.05932348966598511,-0.6544338464736938,OPEN_PALM
0.0,0.0,-0.08497631549835205,-0.021394014358520508,-0.16070589423179626,-0.11515992879867554,-0.21432200074195862,-0.19894647598266602,-0.2644157409667969,-0.24891406297683716,-0.12882554531097412,-0.32226207852363586,-0.1677853763103485,-0.4475797414779663,-0.19494426250457764,-0.5217941701412201,-0.21785825490951538,-0.5900337398052216,-0.08444559574127197,-0.36420345306396484,-0.11064314842224121,-0.5266287922859192,-0.130372554063797,-0.6303496360778809,-0.14796742796897888,-0.7241264879703522,-0.03719508647918701,-0.36931827664375305,-0.04881089925765991,-0.5294650197029114,-0.06005498766899109,-0.6327504813671112,-0.07165536284446716,-0.729389876127243,0.013225734233856201,-0.34623023867607117,0.03270632028579712,-0.47188788652420044,0.04678851366043091,-0.5594440996646881,0.05705666542053223,-0.6433030068874359,OPEN_PALM
0.0,0.0,-0.08319470286369324,-0.01659303903579712,-0.16235390305519104,-0.11897742748260498,-0.2192554473876953,-0.2057819366455078,-0.27118732035160065,-0.25124531984329224,-0.13716229796409607,-0.3311285972595215,-0.18107709288597107,-0.44543546438217163,-0.21114622056484222,-0.5145132541656494,-0.23661524057388306,-0.5788827240467072,-0.09293365478515625,-0.3765234649181366,-0.12159064412117004,-0.5321992635726929,-0.14347755908966064,-0.6307697296142578,-0.16295278072357178,-0.7156796753406525,-0.046451717615127563,-0.3834322988986969,-0.060444802045822144,-0.5366894602775574,-0.07432591915130615,-0.6353425979614258,-0.08938062191009521,-0.7254575788974762,0.0017181038856506348,-0.3614829480648041,0.015681922435760498,-0.4856366515159607,0.025261878967285156,-0.5719271004199982,0.03146916627883911,-0.6541224122047424,OPEN_PALM
0.0,0.0,-0.08278170228004456,-0.026318728923797607,-0.15969988703727722,-0.11915844678878784,-0.22035032510757446,-0.19650161266326904,-0.27448970079421997,-0.24057632684707642,-0.13160622119903564,-0.32258760929107666,-0.18695011734962463,-0.42503514885902405,-0.2268555462360382,-0.48609089851379395,-0.2601461112499237,-0.5447418093681335,-0.09213441610336304,-0.372286856174469,-0.12673696875572205,-0.5233336389064789,-0.15425559878349304,-0.6190637946128845,-0.17732545733451843,-0.6995383501052856,-0.04868844151496887,-0.3820365369319916,-0.06391024589538574,-0.5346111059188843,-0.08022132515907288,-0.6318347752094269,-0.09614607691764832,-0.7177999913692474,-0.0033030807971954346,-0.36134856939315796,0.009610265493392944,-0.48612308502197266,0.016839295625686646,-0.5759715139865875,0.020544320344924927,-0.6597377955913544,OPEN_PALM
0.0,0.0,-0.08508700132369995,-0.03601127862930298,-0.1621856391429901,-0.13871341943740845,-0.22236575186252594,-0.2175363302230835,-0.2756168395280838,-0.2659742832183838,-0.123729407787323,-0.33484524488449097,-0.18225684762001038,-0.43680867552757263,-0.22375427186489105,-0.4988563060760498,-0.2597285956144333,-0.5567862093448639,-0.08437749743461609,-0.38074779510498047,-0.11879202723503113,-0.5346511006355286,-0.14684166014194489,-0.6338641345500946,-0.17223143577575684,-0.7159461677074432,-0.042746663093566895,-0.38433679938316345,-0.05208796262741089,-0.534732460975647,-0.06665590405464172,-0.6369031965732574,-0.082404226064682,-0.7281883955001831,-0.0016337037086486816,-0.3571659028530121,0.015275329351425171,-0.47942113876342773,0.027026981115341187,-0.5671350061893463,0.034616053104400635,-0.6476935148239136,OPEN_PALM
0.0,0.0,-0.0797630250453949,-0.049718618392944336,-0.15096524357795715,-0.1649308204650879,-0.20785005390644073,-0.25010520219802856,-0.2598334699869156,-0.30042219161987305,-0.10726314783096313,-0.35755276679992676,-0.16052792966365814,-0.46804356575012207,-0.19944939017295837,-0.5354368090629578,-0.2325504869222641,-0.5977814495563507,-0.06698146462440491,-0.39587414264678955,-0.0945611298084259,-0.5504339933395386,-0.11926236748695374,-0.651565819978714,-0.14179567992687225,-0.7349542677402496,-0.026104986667633057,-0.39434200525283813,-0.02799510955810547,-0.5457444787025452,-0.03795161843299866,-0.6484563052654266,-0.04914391040802002,-0.7402240335941315,0.012453079223632812,-0.36236751079559326,0.034168779850006104,-0.4801746606826782,0.048507899045944214,-0.5669109225273132,0.0593661367893219,-0.6483260095119476,OPEN_PALM
0.0,0.0,-0.07427525520324707,-0.05865412950515747,-0.13766658306121826,-0.18333250284194946,-0.19173663854599,-0.2690298557281494,-0.2426270991563797,-0.3249897360801697,-0.08785900473594666,-0.3754045367240906,-0.13536813855171204,-0.4886278510093689,-0.1723276674747467,-0.5595338940620422,-0.20317763090133667,-0.6244564056396484,-0.04786142706871033,-0.406588077545166,-0.07050329446792603,-0.5609385967254639,-0.09206244349479675,-0.6660244464874268,-0.11125054955482483,-0.755268394947052,-0.008144617080688477,-0.3987424969673157,-0.004334896802902222,-0.5487857460975647,-0.010136932134628296,-0.6525156199932098,-0.01841166615486145,-0.7485019564628601,0.02884581685066223,-0.36098045110702515,0.05869162082672119,-0.47142040729522705,0.07822632789611816,-0.5564678907394409,0.09324917197227478,-0.6399194002151489,OPEN_PALM
0.0,0.0,-0.07331931591033936,-0.05992007255554199,-0.1359124481678009,-0.17833423614501953,-0.19018276035785675,-0.26115715503692627,-0.2404302954673767,-0.31632500886917114,-0.08665302395820618,-0.36799901723861694,-0.13122335076332092,-0.4835194945335388,-0.1660507768392563,-0.555989682674408,-0.19509173929691315,-0.6228687167167664,-0.04583027958869934,-0.39771580696105957,-0.0676802396774292,-0.5505049228668213,-0.08851689100265503,-0.6543236672878265,-0.10707375407218933,-0.7433996200561523,-0.005671471357345581,-0.388790488243103,-0.0027671456336975098,-0.5357190370559692,-0.008548110723495483,-0.6366491615772247,-0.016653627157211304,-0.7298068404197693,0.031829774379730225,-0.35156023502349854,0.06072607636451721,-0.4622557759284973,0.0807555615901947,-0.5463036596775055,0.09649816155433655,-0.6285599172115326,OPEN_PALM
0.0,0.0,-0.0728117823600769,-0.05937349796295166,-0.13357986509799957,-0.17201930284500122,-0.1858019083738327,-0.2515328526496887,-0.2355697900056839,-0.30294984579086304,-0.08685839176177979,-0.3582254648208618,-0.12882399559020996,-0.4710603356361389,-0.16072577238082886,-0.5407165288925171,-0.18707382678985596,-0.6046437919139862,-0.049094170331954956,-0.38509202003479004,-0.06976622343063354,-0.5338881015777588,-0.08897972106933594,-0.6331999897956848,-0.10536104440689087,-0.7175739109516144,-0.01139003038406372,-0.3771129250526428,-0.009538263082504272,-0.521081954240799,-0.014328241348266602,-0.6203828155994415,-0.020163774490356445,-0.7098242938518524,0.02399638295173645,-0.34229135513305664,0.05197671055793762,-0.44778162240982056,0.07407617568969727,-0.5272830724716187,0.09313732385635376,-0.603313535451889,OPEN_PALM
0.0,0.0,-0.07051953673362732,-0.052008748054504395,-0.12932179868221283,-0.15442824363708496,-0.1787823736667633,-0.22726285457611084,-0.22460266947746277,-0.273460328578949,-0.08775320649147034,-0.326593816280365,-0.12918224930763245,-0.4294358491897583,-0.1611846536397934,-0.49147236347198486,-0.18891386687755585,-0.5488240122795105,-0.05364334583282471,-0.3570818305015564,-0.07316914200782776,-0.497273713350296,-0.09235674142837524,-0.5886197090148926,-0.11007949709892273,-0.6652031242847443,-0.01973634958267212,-0.3526155948638916,-0.017094314098358154,-0.4885674715042114,-0.0217646062374115,-0.5807922184467316,-0.028461992740631104,-0.6632429659366608,0.011786699295043945,-0.32164835929870605,0.03864240646362305,-0.42307382822036743,0.05693581700325012,-0.4998512268066406,0.07171469926834106,-0.5729725062847137,OPEN_PALM
0.0,0.0,-0.06857028603553772,-0.04740995168685913,-0.12670943140983582,-0.1474308967590332,-0.1766439974308014,-0.21659308671951294,-0.2228230983018875,-0.25824427604675293,-0.0866599977016449,-0.32000094652175903,-0.1316480040550232,-0.4136490821838379,-0.16750776767730713,-0.46858274936676025,-0.1989738941192627,-0.5199244618415833,-0.0554024875164032,-0.351057231426239,-0.07943087816238403,-0.48416754603385925,-0.10376027226448059,-0.5719945132732391,-0.126445934176445,-0.6463301479816437,-0.02386486530303955,-0.3475291132926941,-0.02323281764984131,-0.4833887815475464,-0.03144517540931702,-0.5749542713165283,-0.04235696792602539,-0.6570601463317871,0.005423367023468018,-0.3177783489227295,0.029258310794830322,-0.41919946670532227,0.043430835008621216,-0.4969683289527893,0.0533674955368042,-0.5721043646335602,OPEN_PALM
0.0,0.0,-0.07439222931861877,-0.05143570899963379,-0.13517595827579498,-0.15635108947753906,-0.18451890349388123,-0.22628068923950195,-0.23077857494354248,-0.2679656744003296,-0.09366258978843689,-0.3275872468948364,-0.13862521946430206,-0.42583799362182617,-0.17380991578102112,-0.481254905462265,-0.2052462249994278,-0.5325735807418823,-0.061668723821640015,-0.35666221380233765,-0.08699357509613037,-0.49107104539871216,-0.11277467012405396,-0.5811264514923096,-0.13678999245166779,-0.653168648481369,-0.029049038887023926,-0.3521014451980591,-0.029350459575653076,-0.4860059320926666,-0.04023173451423645,-0.5789604485034943,-0.05336377024650574,-0.6611116528511047,0.0020948052406311035,-0.321047306060791,0.023999541997909546,-0.4191094636917114,0.03387513756752014,-0.4959796667098999,0.03977587819099426,-0.5707188546657562,OPEN_PALM
0.0,0.0,-0.07130166888237,-0.05783635377883911,-0.12922453880310059,-0.1692502498626709,-0.17441056668758392,-0.24439924955368042,-0.2182331085205078,-0.28686970472335815,-0.0821537971496582,-0.3296012282371521,-0.12558692693710327,-0.42817920446395874,-0.15895086526870728,-0.48478472232818604,-0.18859940767288208,-0.5380077064037323,-0.04994308948516846,-0.3559539318084717,-0.07654207944869995,-0.4901755452156067,-0.09967386722564697,-0.5780638754367828,-0.12065491080284119,-0.6535360515117645,-0.015524864196777344,-0.35262250900268555,-0.02080059051513672,-0.48875194787979126,-0.030039697885513306,-0.5779197216033936,-0.040258973836898804,-0.658733606338501,0.018593162298202515,-0.3245253562927246,0.041268348693847656,-0.4253816604614258,0.05819636583328247,-0.5009385943412781,0.07185524702072144,-0.5740841925144196,OPEN_PALM
0.0,0.0,-0.06537514925003052,-0.056798338890075684,-0.12012887001037598,-0.16791343688964844,-0.16055715084075928,-0.24699103832244873,-0.20245027542114258,-0.29395782947540283,-0.07932811975479126,-0.3218487501144409,-0.11163404583930969,-0.42818397283554077,-0.1395084261894226,-0.48117464780807495,-0.16624999046325684,-0.5252442061901093,-0.04101079702377319,-0.3510611057281494,-0.05847933888435364,-0.4855133295059204,-0.07665485143661499,-0.5697759389877319,-0.09482553601264954,-0.6436418294906616,-0.0014698207378387451,-0.34768521785736084,-0.0006545782089233398,-0.47768479585647583,-0.008898407220840454,-0.561996340751648,-0.018788129091262817,-0.638818621635437,0.03685995936393738,-0.318406343460083,0.06115046143531799,-0.4187074899673462,0.07983866333961487,-0.48933643102645874,0.09383150935173035,-0.5549040734767914,OPEN_PALM
0.0,0.0,-0.06353724002838135,-0.06013655662536621,-0.1097632348537445,-0.18068742752075195,-0.14494255185127258,-0.26651495695114136,-0.1825474202632904,-0.31954681873321533,-0.06511184573173523,-0.3301849365234375,-0.0929180383682251,-0.4336128830909729,-0.11546957492828369,-0.48877108097076416,-0.13662239909172058,-0.5364781618118286,-0.026271134614944458,-0.3546926975250244,-0.03730368614196777,-0.488039493560791,-0.05031004548072815,-0.5737405717372894,-0.06410056352615356,-0.6485805213451385,0.013127952814102173,-0.3457568883895874,0.019802570343017578,-0.47595542669296265,0.017426908016204834,-0.563986748456955,0.013079255819320679,-0.6421464681625366,0.050464481115341187,-0.31109994649887085,0.08086857199668884,-0.4106491208076477,0.10177627205848694,-0.48004043102264404,0.11814841628074646,-0.5454735457897186,OPEN_PALM
0.0,0.0,-0.06285780668258667,-0.06027644872665405,-0.11034572124481201,-0.1614394187927246,-0.1404815912246704,-0.24705636501312256,-0.16865694522857666,-0.3197021484375,-0.056775063276290894,-0.3236112594604492,-0.08255967497825623,-0.4266051650047302,-0.10638734698295593,-0.479078084230423,-0.12673327326774597,-0.5186612010002136,-0.01806071400642395,-0.345167875289917,-0.025577783584594727,-0.4782651662826538,-0.03621774911880493,-0.5623050332069397,-0.04693982005119324,-0.6352172791957855,0.020196914672851562,-0.3357587456703186,0.029126882553100586,-0.46548348665237427,0.02863210439682007,-0.5508611500263214,0.026405274868011475,-0.6276809573173523,0.056963443756103516,-0.30010277032852173,0.08899456262588501,-0.3941434621810913,0.11082184314727783,-0.46051862835884094,0.12813478708267212,-0.5232428908348083,OPEN_PALM
0.0,0.0,-0.060585618019104004,-0.06465864181518555,-0.10181039571762085,-0.17934411764144897,-0.12844333052635193,-0.2701863646507263,-0.16115140914916992,-0.3299109637737274,-0.049373358488082886,-0.3241063356399536,-0.0741434395313263,-0.42503422498703003,-0.09468501806259155,-0.4874880909919739,-0.1128036379814148,-0.5449684858322144,-0.010249823331832886,-0.3427925705909729,-0.015375137329101562,-0.4728572368621826,-0.024366289377212524,-0.5566159784793854,-0.034684181213378906,-0.6300256848335266,0.02597212791442871,-0.3283141255378723,0.03773760795593262,-0.45440050959587097,0.039866507053375244,-0.536767452955246,0.03905612230300903,-0.6120507121086121,0.05932670831680298,-0.28988170623779297,0.0944940447807312,-0.3808186650276184,0.11908382177352905,-0.4439506530761719,0.13887470960617065,-0.5040838122367859,OPEN_PALM
0.0,0.0,-0.06099393963813782,-0.062137722969055176,-0.1020246148109436,-0.18596810102462769,-0.1256808042526245,-0.2854558229446411,-0.15401560068130493,-0.349926233291626,-0.047958046197891235,-0.32649892568588257,-0.06781628727912903,-0.43451935052871704,-0.08372855186462402,-0.5034585297107697,-0.096608966588974,-0.5667413473129272,-0.007345855236053467,-0.34361550211906433,-0.008791089057922363,-0.4766809940338135,-0.01339256763458252,-0.5635426640510559,-0.01947435736656189,-0.63863405585289,0.029513061046600342,-0.32800671458244324,0.043753981590270996,-0.45506924390792847,0.04861241579055786,-0.5385055243968964,0.05047088861465454,-0.6147918701171875,0.06301599740982056,-0.2890666127204895,0.09892278909683228,-0.37632322311401367,0.12497967481613159,-0.4390178918838501,0.14687001705169678,-0.4986082911491394,OPEN_PALM
0.0,0.0,-0.05905503034591675,-0.06609803438186646,-0.09771239757537842,-0.18895602226257324,-0.11730262637138367,-0.2912043333053589,-0.1415221095085144,-0.3582718074321747,-0.03733795881271362,-0.3305147886276245,-0.05376654863357544,-0.4408658742904663,-0.06587761640548706,-0.5109783411026001,-0.07432544231414795,-0.5745132565498352,0.0029582977294921875,-0.3433542549610138,0.005517005920410156,-0.47742900252342224,0.0038872957229614258,-0.5641058683395386,0.0007406473159790039,-0.6389540433883667,0.03881043195724487,-0.32446980476379395,0.05711233615875244,-0.4502815008163452,0.06441211700439453,-0.5331844687461853,0.0689433217048645,-0.6081653535366058,0.07089316844940186,-0.28226304054260254,0.10952228307723999,-0.36583614349365234,0.13708990812301636,-0.4267560541629791,0.1608029007911682,-0.48480623960494995,OPEN_PALM
0.0,0.0,-0.05347728729248047,-0.07585370540618896,-0.08373534679412842,-0.2117341160774231,-0.09966084361076355,-0.3201395571231842,-0.12472796440124512,-0.3908664286136627,-0.01609283685684204,-0.3450285792350769,-0.017146378755569458,-0.46611288189888,-0.018455028533935547,-0.5417527854442596,-0.0170154869556427,-0.6083052158355713,0.025303125381469727,-0.34389832615852356,0.040662407875061035,-0.4796474575996399,0.04784935712814331,-0.5665514767169952,0.05240851640701294,-0.6397402286529541,0.060294508934020996,-0.31404805183410645,0.08830511569976807,-0.43712377548217773,0.10183888673782349,-0.518374502658844,0.11177617311477661,-0.5919419825077057,0.08927994966506958,-0.2626881003379822,0.13420528173446655,-0.3366240859031677,0.16545099020004272,-0.3900461494922638,0.19268172979354858,-0.4420492649078369,OPEN_PALM
0.0,0.0,-0.05136173963546753,-0.07943081855773926,-0.07647976279258728,-0.2187926173210144,-0.08911320567131042,-0.331129789352417,-0.11501389741897583,-0.4033763110637665,0.004261672496795654,-0.34545066952705383,0.015103697776794434,-0.46968042850494385,0.021227240562438965,-0.5484946668148041,0.028742432594299316,-0.6165148913860321,0.04721957445144653,-0.3345773220062256,0.07683336734771729,-0.46797823905944824,0.0938456654548645,-0.555040031671524,0.10712522268295288,-0.627222865819931,0.08141440153121948,-0.29741573333740234,0.11984223127365112,-0.4131346046924591,0.14174997806549072,-0.4910311996936798,0.15933698415756226,-0.5601838231086731,0.10763895511627197,-0.24020230770111084,0.1593741774559021,-0.3001744747161865,0.1962507963180542,-0.34107330441474915,0.22866404056549072,-0.37995266914367676,OPEN_PALM
0.0,0.0,-0.04914984107017517,-0.08593940734863281,-0.06905236840248108,-0.2268245816230774,-0.0769888162612915,-0.3412567973136902,-0.10069876909255981,-0.41764557361602783,0.019746482372283936,-0.34375104308128357,0.03661704063415527,-0.46548035740852356,0.0487552285194397,-0.5416243374347687,0.061977505683898926,-0.6066148281097412,0.06280791759490967,-0.3269168436527252,0.1004418134689331,-0.45652759075164795,0.12417352199554443,-0.5393770635128021,0.14327669143676758,-0.6054825186729431,0.09530150890350342,-0.28504589200019836,0.1390884518623352,-0.39381515979766846,0.16572779417037964,-0.46600067615509033,0.18736809492111206,-0.5284423381090164,0.11941897869110107,-0.22341901063919067,0.17434096336364746,-0.27360618114471436,0.21298134326934814,-0.30439069867134094,0.24646514654159546,-0.3335708677768707,OPEN_PALM
0.0,0.0,-0.04484274983406067,-0.0958864688873291,-0.056468576192855835,-0.24291986227035522,-0.05484050512313843,-0.35922110080718994,-0.06763076782226562,-0.4454953670501709,0.03529763221740723,-0.3448284864425659,0.05930185317993164,-0.4654932916164398,0.07595646381378174,-0.5404087901115417,0.09266400337219238,-0.6044645607471466,0.07911616563796997,-0.320441871881485,0.12341314554214478,-0.44345390796661377,0.15221178531646729,-0.5226916968822479,0.17597615718841553,-0.5888177156448364,0.11041098833084106,-0.27312132716178894,0.15900373458862305,-0.3772808313369751,0.18771129846572876,-0.44719547033309937,0.21207159757614136,-0.5105957388877869,0.1324934959411621,-0.2081572413444519,0.19075709581375122,-0.25460898876190186,0.23211508989334106,-0.2822527587413788,0.2691912055015564,-0.31079378724098206,OPEN_PALM
0.0,0.0,-0.04398071765899658,-0.09997665882110596,-0.0545160174369812,-0.24592822790145874,-0.04814404249191284,-0.36360111832618713,-0.05121040344238281,-0.45836734771728516,0.042304933071136475,-0.3473967909812927,0.07180565595626831,-0.4711642563343048,0.0918838381767273,-0.5451975762844086,0.11196106672286987,-0.6076906323432922,0.08575791120529175,-0.3178030252456665,0.13598841428756714,-0.44227883219718933,0.1690680980682373,-0.5212441831827164,0.19704675674438477,-0.5872727930545807,0.11555713415145874,-0.2676178812980652,0.16956526041030884,-0.3709181845188141,0.20279806852340698,-0.43886399269104004,0.23135530948638916,-0.5004356503486633,0.13604915142059326,-0.20024079084396362,0.19851970672607422,-0.2405771017074585,0.24322044849395752,-0.26220083236694336,0.2834209203720093,-0.2848188579082489,OPEN_PALM
0.0,0.0,-0.04713475704193115,-0.10198777914047241,-0.05870175361633301,-0.2515299320220947,-0.0505867600440979,-0.3716805577278137,-0.05276256799697876,-0.4689544141292572,0.04073464870452881,-0.3549886643886566,0.07281637191772461,-0.48334261775016785,0.09357577562332153,-0.5609060823917389,0.1142536997795105,-0.6259167194366455,0.08571994304656982,-0.32553231716156006,0.13815289735794067,-0.45417940616607666,0.17317873239517212,-0.5366649329662323,0.20275038480758667,-0.6040850579738617,0.11657369136810303,-0.27539029717445374,0.1729447841644287,-0.3795871138572693,0.20736008882522583,-0.4494304656982422,0.2367609739303589,-0.5117167234420776,0.1382095217704773,-0.20793521404266357,0.2033705711364746,-0.24902313947677612,0.24946832656860352,-0.2725887596607208,0.29099851846694946,-0.2968360185623169,OPEN_PALM
0.0,0.0,-0.04849863052368164,-0.10300570726394653,-0.06455385684967041,-0.25836431980133057,-0.06240379810333252,-0.3852253258228302,-0.06632459163665771,-0.48624247312545776,0.037148892879486084,-0.3737899959087372,0.06731891632080078,-0.5099878013134003,0.08709543943405151,-0.5916034579277039,0.10711032152175903,-0.6598947048187256,0.08413958549499512,-0.3477190136909485,0.1357387900352478,-0.484100341796875,0.17056936025619507,-0.5716613233089447,0.19978487491607666,-0.6416565179824829,0.1174517273902893,-0.29801246523857117,0.1736573576927185,-0.40871578454971313,0.20811384916305542,-0.4829823970794678,0.23752057552337646,-0.5484004616737366,0.14139485359191895,-0.2296234369277954,0.20845162868499756,-0.2747995853424072,0.2562214136123657,-0.3031231760978699,0.2992350459098816,-0.33106040954589844,OPEN_PALM
0.0,0.0,-0.053137362003326416,-0.10069674253463745,-0.07809793949127197,-0.25636452436447144,-0.0881156325340271,-0.38541311025619507,-0.10306704044342041,-0.4848308563232422,0.021660029888153076,-0.3902014195919037,0.04487842321395874,-0.5372918248176575,0.06057614088058472,-0.6264607906341553,0.07688897848129272,-0.7026158571243286,0.07100415229797363,-0.3715468943119049,0.11867702007293701,-0.5200368463993073,0.15095680952072144,-0.6152249872684479,0.17823797464370728,-0.69399693608284,0.10741531848907471,-0.3239971995353699,0.16131263971328735,-0.4497305154800415,0.19511455297470093,-0.5310734212398529,0.22345489263534546,-0.6034919321537018,0.13484114408493042,-0.2555028200149536,0.20160740613937378,-0.31586775183677673,0.2505306601524353,-0.3500969409942627,0.29435062408447266,-0.383107453584671,OPEN_PALM
0.0,0.0,-0.057942092418670654,-0.09688311815261841,-0.09249162673950195,-0.25283879041671753,-0.11433809995651245,-0.38164061307907104,-0.13962841033935547,-0.4787873327732086,0.00044471025466918945,-0.4103821814060211,0.010430634021759033,-0.5672315955162048,0.018267929553985596,-0.6642195582389832,0.028971493244171143,-0.746673047542572,0.05224078893661499,-0.4015672206878662,0.08869856595993042,-0.5703334808349609,0.11342477798461914,-0.6795978248119354,0.13429009914398193,-0.7690319716930389,0.09419727325439453,-0.3584232032299042,0.1401262879371643,-0.5051209628582001,0.16765832901000977,-0.601305216550827,0.19032341241836548,-0.6852008998394012,0.12812471389770508,-0.2907683253288269,0.19435137510299683,-0.36841797828674316,0.24268710613250732,-0.4205321669578552,0.2856751084327698,-0.4690719544887543,OPEN_PALM
0.0,0.0,-0.06763958930969238,-0.09245270490646362,-0.11263811588287354,-0.2550972104072571,-0.14170247316360474,-0.38777804374694824,-0.1739538609981537,-0.48187506198883057,-0.02341628074645996,-0.4358682632446289,-0.026146888732910156,-0.6016207337379456,-0.025481998920440674,-0.704780250787735,-0.02048945426940918,-0.7931432127952576,0.032651543617248535,-0.4365980625152588,0.05827212333679199,-0.6235488653182983,0.07609933614730835,-0.7431150674819946,0.09171545505523682,-0.8411079943180084,0.08008497953414917,-0.39881274104118347,0.11646401882171631,-0.5623892545700073,0.13923418521881104,-0.6718845963478088,0.1582241654396057,-0.7664086818695068,0.12079423666000366,-0.33363837003707886,0.18484574556350708,-0.4249110221862793,0.2332342267036438,-0.4858902096748352,0.276530921459198,-0.5417071282863617,OPEN_PALM
0.0,0.0,-0.07379776239395142,-0.08527076244354248,-0.12655609846115112,-0.2387322187423706,-0.16114047169685364,-0.36512941122055054,-0.2009122371673584,-0.4517436623573303,-0.039555490016937256,-0.44735288619995117,-0.05159264802932739,-0.6194776892662048,-0.0562053918838501,-0.7296111285686493,-0.05579131841659546,-0.8254702985286713,0.018797874450683594,-0.4564973711967468,0.03587621450424194,-0.656644731760025,0.04744964838027954,-0.7853496372699738,0.05774909257888794,-0.8931737840175629,0.07028079032897949,-0.42404705286026,0.100308358669281,-0.6016425490379333,0.1179429292678833,-0.7216429710388184,0.1324051022529602,-0.8262358605861664,0.1168319582939148,-0.36023157835006714,0.18152648210525513,-0.4642811417579651,0.22995847463607788,-0.5355835855007172,0.2729131579399109,-0.6008205413818359,OPEN_PALM
0.0,0.0,-0.07629549503326416,-0.09201502799987793,-0.1261027455329895,-0.24291491508483887,-0.16555064916610718,-0.371987521648407,-0.21289342641830444,-0.4639825224876404,-0.04264509677886963,-0.4591623544692993,-0.057900428771972656,-0.6336832940578461,-0.06628268957138062,-0.7478735446929932,-0.0684354305267334,-0.8496592044830322,0.017702043056488037,-0.4714152216911316,0.031337082386016846,-0.6764218807220459,0.040825724601745605,-0.8086479306221008,0.050879061222076416,-0.924752414226532,0.07105082273483276,-0.43716657161712646,0.10049915313720703,-0.6219559013843536,0.11865979433059692,-0.746106892824173,0.1335679292678833,-0.8576655387878418,0.11947602033615112,-0.3701685667037964,0.18422937393188477,-0.4798029065132141,0.23430973291397095,-0.55340176820755,0.27842068672180176,-0.6220356225967407,OPEN_PALM
0.0,0.0,-0.08377045392990112,-0.08175539970397949,-0.13934332132339478,-0.22395169734954834,-0.18374848365783691,-0.35212093591690063,-0.23509544134140015,-0.4411245584487915,-0.05948209762573242,-0.4544339179992676,-0.07691103219985962,-0.6299096941947937,-0.08976113796234131,-0.7462522089481354,-0.09746676683425903,-0.8506842255592346,0.0029938220977783203,-0.47108298540115356,0.0142439603805542,-0.679842621088028,0.018145740032196045,-0.8165060877799988,0.0220717191696167,-0.9398096203804016,0.0596659779548645,-0.4406577944755554,0.08495861291885376,-0.6301347613334656,0.09887665510177612,-0.7598717212677002,0.10960739850997925,-0.8780419528484344,0.11075770854949951,-0.3743820786476135,0.17650741338729858,-0.49029892683029175,0.22753089666366577,-0.5684685111045837,0.2712767720222473,-0.6411659717559814,OPEN_PALM
0.0,0.0,-0.08343786001205444,-0.08405017852783203,-0.14254099130630493,-0.22016578912734985,-0.19532886147499084,-0.33972787857055664,-0.24923568964004517,-0.4254142642021179,-0.06566089391708374,-0.4559350609779358,-0.0841556191444397,-0.6346337497234344,-0.0992770791053772,-0.7528726756572723,-0.10947421193122864,-0.8586881160736084,-0.0019588470458984375,-0.47370266914367676,0.007305443286895752,-0.6867650151252747,0.010173022747039795,-0.8280267715454102,0.012770771980285645,-0.9534780383110046,0.057961225509643555,-0.44405728578567505,0.08172941207885742,-0.6392439007759094,0.09345883131027222,-0.7717686891555786,0.10189944505691528,-0.8898197114467621,0.11266505718231201,-0.37737929821014404,0.18036407232284546,-0.5023017525672913,0.2326158881187439,-0.5854004621505737,0.27728694677352905,-0.659697949886322,OPEN_PALM
0.0,0.0,-0.08354872465133667,-0.08327174186706543,-0.143748939037323,-0.2289218306541443,-0.1916518211364746,-0.34258586168289185,-0.2451932430267334,-0.41400182247161865,-0.06686118245124817,-0.44763433933258057,-0.09311851859092712,-0.6238822340965271,-0.11277425289154053,-0.7347430884838104,-0.1279202103614807,-0.8327848017215729,-0.003929316997528076,-0.4689333438873291,0.0008649230003356934,-0.6743304431438446,-0.0001239776611328125,-0.8100075721740723,-0.001440286636352539,-0.9280607104301453,0.05555915832519531,-0.4442664384841919,0.0780591368675232,-0.6344847083091736,0.08894044160842896,-0.7616351246833801,0.09697240591049194,-0.8756638169288635,0.10999637842178345,-0.3810092806816101,0.1736297607421875,-0.49880897998809814,0.22015506029129028,-0.5815103650093079,0.2595093250274658,-0.6592728495597839,OPEN_PALM
0.0,0.0,-0.08601734042167664,-0.07352399826049805,-0.14980429410934448,-0.2013973593711853,-0.20157521963119507,-0.3066951036453247,-0.2573681175708771,-0.3756551146507263,-0.0855657160282135,-0.4200785160064697,-0.11671116948127747,-0.5860765874385834,-0.1405736804008484,-0.6899420917034149,-0.16062793135643005,-0.784907341003418,-0.024942219257354736,-0.4483641982078552,-0.02747759222984314,-0.6501127183437347,-0.034444838762283325,-0.7848935127258301,-0.04215225577354431,-0.9057198762893677,0.033118486404418945,-0.429115891456604,0.050588130950927734,-0.6142289638519287,0.05658066272735596,-0.7411519885063171,0.058948397636413574,-0.8557005226612091,0.08700942993164062,-0.37247663736343384,0.14635306596755981,-0.4949378967285156,0.1891443133354187,-0.5816946625709534,0.22419190406799316,-0.6608555614948273,OPEN_PALM
0.0,0.0,-0.0810081958770752,-0.06975525617599487,-0.14084023237228394,-0.19466662406921387,-0.19027501344680786,-0.29363566637039185,-0.24583712220191956,-0.3590201139450073,-0.0774652361869812,-0.41686612367630005,-0.11515229940414429,-0.573558121919632,-0.14429110288619995,-0.6737914085388184,-0.16810280084609985,-0.7637304365634918,-0.02607056498527527,-0.44309043884277344,-0.0365791916847229,-0.6416956782341003,-0.049652695655822754,-0.7728992402553558,-0.06156730651855469,-0.8888126611709595,0.02554890513420105,-0.4241304397583008,0.035890281200408936,-0.6130183935165405,0.03843635320663452,-0.7382500767707825,0.038406580686569214,-0.8528653383255005,0.07628858089447021,-0.3693593740463257,0.1291385293006897,-0.498038649559021,0.1680726408958435,-0.5872797966003418,0.1998235583305359,-0.6712518632411957,OPEN_PALM
0.0,0.0,-0.07574343681335449,-0.07883423566818237,-0.13372987508773804,-0.20364832878112793,-0.18714745342731476,-0.2925960421562195,-0.24058382213115692,-0.3494386076927185,-0.07325538992881775,-0.40922534465789795,-0.1177329421043396,-0.5551275610923767,-0.1510426104068756,-0.6496902406215668,-0.17801813781261444,-0.7371896803379059,-0.027649223804473877,-0.4362001419067383,-0.045789748430252075,-0.6237347424030304,-0.06521818041801453,-0.7507112622261047,-0.08316072821617126,-0.8629193007946014,0.018916159868240356,-0.42163121700286865,0.024348706007003784,-0.601317822933197,0.021550267934799194,-0.721112072467804,0.016914784908294678,-0.8308901488780975,0.06404861807823181,-0.37610286474227905,0.10749360918998718,-0.5002336502075195,0.13946351408958435,-0.5900591611862183,0.16610899567604065,-0.6769503355026245,OPEN_PALM
0.0,0.0,-0.07227250933647156,-0.07187187671661377,-0.13138321042060852,-0.19966864585876465,-0.1857205480337143,-0.29002857208251953,-0.24036194384098053,-0.34295326471328735,-0.08304399251937866,-0.40275895595550537,-0.12746381759643555,-0.5411485433578491,-0.162374809384346,-0.6322893500328064,-0.19093796610832214,-0.7161388099193573,-0.03959706425666809,-0.4311261773109436,-0.06020316481590271,-0.608750730752945,-0.08248183131217957,-0.7319889664649963,-0.1024424135684967,-0.8401572406291962,0.005003213882446289,-0.4189039468765259,0.007772862911224365,-0.5883027911186218,0.0017775893211364746,-0.7056852877140045,-0.006543010473251343,-0.8130029439926147,0.048663824796676636,-0.37694334983825684,0.08823633193969727,-0.49795013666152954,0.1170535683631897,-0.5888737440109253,0.1405695080757141,-0.6771685481071472,OPEN_PALM
0.0,0.0,-0.07453551888465881,-0.06263923645019531,-0.13705813884735107,-0.1859431266784668,-0.19147080183029175,-0.2755044102668762,-0.24453657865524292,-0.32663875818252563,-0.09294500946998596,-0.3880878686904907,-0.13908329606056213,-0.518430083990097,-0.1760108768939972,-0.6048234403133392,-0.2067951112985611,-0.6843669712543488,-0.05257180333137512,-0.4180225729942322,-0.07352682948112488,-0.5871983766555786,-0.0964873731136322,-0.7040008008480072,-0.11718180775642395,-0.8050879240036011,-0.012184053659439087,-0.40911173820495605,-0.009852021932601929,-0.5722625851631165,-0.015771090984344482,-0.6882430911064148,-0.02351999282836914,-0.792988508939743,0.026501774787902832,-0.3699604272842407,0.06585505604743958,-0.4869154095649719,0.09434017539024353,-0.5764531791210175,0.11799255013465881,-0.6623429656028748,OPEN_PALM
0.0,0.0,-0.07509389519691467,-0.05751955509185791,-0.13777068257331848,-0.17815005779266357,-0.19025498628616333,-0.25887495279312134,-0.24174350500106812,-0.3075675964355469,-0.10024738311767578,-0.3719196915626526,-0.14614836871623993,-0.49462032318115234,-0.1811118721961975,-0.5727400779724121,-0.21060986816883087,-0.6464729905128479,-0.06272110342979431,-0.3996464014053345,-0.0881323516368866,-0.5595915913581848,-0.1116165816783905,-0.668552577495575,-0.13274815678596497,-0.7642481625080109,-0.02501291036605835,-0.3887713551521301,-0.02548733353614807,-0.547270268201828,-0.0317729115486145,-0.6601334512233734,-0.040726155042648315,-0.7624237239360809,0.011304974555969238,-0.3476567268371582,0.04323834180831909,-0.46976107358932495,0.06989747285842896,-0.5556890964508057,0.09126728773117065,-0.6373242735862732,OPEN_PALM
0.0,0.0,-0.07409670948982239,-0.051793456077575684,-0.1334458291530609,-0.16677576303482056,-0.18393567204475403,-0.24660497903823853,-0.23433318734169006,-0.292527973651886,-0.0978008508682251,-0.35794174671173096,-0.1434403657913208,-0.47382652759552,-0.17729255557060242,-0.5483404695987701,-0.2046411782503128,-0.6187525391578674,-0.06348991394042969,-0.3863626718521118,-0.08906018733978271,-0.5397142171859741,-0.1121092438697815,-0.6439753472805023,-0.1322881579399109,-0.7343297898769379,-0.028185516595840454,-0.37815338373184204,-0.02709496021270752,-0.5286652743816376,-0.03338155150413513,-0.637499213218689,-0.04189920425415039,-0.7364588975906372,0.005969434976577759,-0.3402983546257019,0.038421183824539185,-0.4541633129119873,0.06347796320915222,-0.537574052810669,0.08418884873390198,-0.6182071268558502,OPEN_PALM
0.0,0.0,-0.07175379991531372,-0.047219157218933105,-0.1327219307422638,-0.15611374378204346,-0.18139347434043884,-0.2314152717590332,-0.22914855182170868,-0.2725667953491211,-0.09738776087760925,-0.3383302092552185,-0.14182645082473755,-0.4475836753845215,-0.1734502613544464,-0.5177320539951324,-0.19929863512516022,-0.5831393301486969,-0.06549304723739624,-0.36742228269577026,-0.08895120024681091,-0.51422518491745,-0.1106063723564148,-0.6137007176876068,-0.12865936756134033,-0.6972751915454865,-0.03246751427650452,-0.3637899160385132,-0.03220397233963013,-0.5047871470451355,-0.04040709137916565,-0.6086977422237396,-0.04873776435852051,-0.7005072832107544,0.00018799304962158203,-0.3319705128669739,0.035127460956573486,-0.43645966053009033,0.060798436403274536,-0.5165334641933441,0.08282360434532166,-0.5927461385726929,OPEN_PALM
0.0,0.0,-0.07154250144958496,-0.055779457092285156,-0.1292405128479004,-0.16463148593902588,-0.1741892397403717,-0.23543047904968262,-0.2193155288696289,-0.27374154329299927,-0.08958345651626587,-0.33572155237197876,-0.13000071048736572,-0.44307637214660645,-0.1585421860218048,-0.510393500328064,-0.18207810819149017,-0.573000967502594,-0.057078659534454346,-0.36224180459976196,-0.08083873987197876,-0.5047248303890228,-0.10086274147033691,-0.5996079742908478,-0.11761826276779175,-0.679449200630188,-0.022970199584960938,-0.35882943868637085,-0.024136632680892944,-0.49782419204711914,-0.031220316886901855,-0.5941140949726105,-0.03892055153846741,-0.6804063618183136,0.010928362607955933,-0.3281490206718445,0.042227983474731445,-0.42687949538230896,0.06501704454421997,-0.5029413104057312,0.08439522981643677,-0.576625257730484,OPEN_PALM
0.0,0.0,-0.06420478224754333,-0.04760777950286865,-0.11993992328643799,-0.15011966228485107,-0.16107618808746338,-0.22409671545028687,-0.20211687684059143,-0.2671884298324585,-0.08447811007499695,-0.31487470865249634,-0.11762279272079468,-0.4254012405872345,-0.14138147234916687,-0.49374938011169434,-0.1603623330593109,-0.5554519891738892,-0.04869028925895691,-0.3447282910346985,-0.068417489528656,-0.4824948310852051,-0.08401539921760559,-0.5739082098007202,-0.09721130132675171,-0.6512250900268555,-0.011130273342132568,-0.34413671493530273,-0.011250913143157959,-0.47518646717071533,-0.016353458166122437,-0.5654600262641907,-0.02248746156692505,-0.6457783877849579,0.025813758373260498,-0.3176376223564148,0.0541861355304718,-0.4119270443916321,0.07493612170219421,-0.4820614457130432,0.09219726920127869,-0.5473339557647705,OPEN_PALM
0.0,0.0,-0.06485679745674133,-0.048320472240448,-0.11626821756362915,-0.15538477897644043,-0.15690875053405762,-0.22930419445037842,-0.1988220512866974,-0.26806366443634033,-0.07798713445663452,-0.31803834438323975,-0.10710972547531128,-0.4249914288520813,-0.12750038504600525,-0.49416032433509827,-0.1442842185497284,-0.5572812557220459,-0.04202258586883545,-0.3469485640525818,-0.05705845355987549,-0.4851533770561218,-0.0704176127910614,-0.5760506987571716,-0.08378288149833679,-0.6540837287902832,-0.004065990447998047,-0.34383946657180786,-0.0030029118061065674,-0.4762192368507385,-0.006479799747467041,-0.5664666891098022,-0.011900603771209717,-0.6480257213115692,0.0326324999332428,-0.3141050338745117,0.06033489108085632,-0.41156017780303955,0.08134332299232483,-0.4803912043571472,0.09843680262565613,-0.5446206331253052,OPEN_PALM
0.0,0.0,-0.06821063160896301,-0.041255831718444824,-0.12308177351951599,-0.13246619701385498,-0.1641952097415924,-0.20654010772705078,-0.20270130038261414,-0.2611656188964844,-0.08196854591369629,-0.31168413162231445,-0.10799646377563477,-0.4252226948738098,-0.12737876176834106,-0.49231070280075073,-0.14196714758872986,-0.5508354306221008,-0.04329758882522583,-0.33624953031539917,-0.056634992361068726,-0.4740186929702759,-0.0668102502822876,-0.5636990368366241,-0.07602202892303467,-0.6412999927997589,-0.003332465887069702,-0.3297542333602905,0.0003122091293334961,-0.4590575397014618,-0.0010354816913604736,-0.5471232831478119,-0.003926694393157959,-0.6273781955242157,0.03612211346626282,-0.2958140969276428,0.06524577736854553,-0.3899872899055481,0.08604255318641663,-0.4550515115261078,0.1028759777545929,-0.5164841711521149,OPEN_PALM
0.0,0.0,-0.06757014989852905,-0.042339444160461426,-0.12223094701766968,-0.1252835988998413,-0.16306072473526,-0.19624531269073486,-0.20355838537216187,-0.24057537317276,-0.08744817972183228,-0.3046947121620178,-0.11251223087310791,-0.4195072650909424,-0.13173365592956543,-0.49030059576034546,-0.1488814353942871,-0.5524205565452576,-0.0471324622631073,-0.32908833026885986,-0.05523410439491272,-0.4688913822174072,-0.06292340159416199,-0.5571557581424713,-0.07154825329780579,-0.6336683928966522,-0.006906449794769287,-0.32134872674942017,-0.0031949281692504883,-0.45306798815727234,-0.002932906150817871,-0.5356842875480652,-0.00590968132019043,-0.6109882593154907,0.03291696310043335,-0.28850501775741577,0.06272286176681519,-0.3827537000179291,0.0840226411819458,-0.44678452610969543,0.10091984272003174,-0.5067146122455597,OPEN_PALM
0.0,0.0,-0.06566235423088074,-0.041604042053222656,-0.11916041374206543,-0.12435370683670044,-0.16039711236953735,-0.20006728172302246,-0.20259800553321838,-0.24586904048919678,-0.08177739381790161,-0.3017681837081909,-0.10677561163902283,-0.4118614196777344,-0.12270116806030273,-0.4850868880748749,-0.1337258517742157,-0.5488609969615936,-0.04004251956939697,-0.32663869857788086,-0.04716360569000244,-0.4644688367843628,-0.053947508335113525,-0.5515041649341583,-0.060482025146484375,-0.6277500689029694,0.000647127628326416,-0.31979674100875854,0.005200088024139404,-0.4480476975440979,0.0052661895751953125,-0.5319547653198242,0.0032396316528320312,-0.6066803336143494,0.03922456502914429,-0.28669309616088867,0.06847822666168213,-0.3770393133163452,0.08958923816680908,-0.44002780318260193,0.10663843154907227,-0.4976976215839386,OPEN_PALM
0.0,0.0,-0.06529134511947632,-0.04455220699310303,-0.11936405301094055,-0.13390755653381348,-0.15992456674575806,-0.21414321660995483,-0.2020283341407776,-0.2633337378501892,-0.08234214782714844,-0.3130875825881958,-0.1049836277961731,-0.4277656674385071,-0.11836272478103638,-0.5026571750640869,-0.12758925557136536,-0.5699385702610016,-0.0402301549911499,-0.3366996645927429,-0.045202016830444336,-0.4742523431777954,-0.04925602674484253,-0.5614082217216492,-0.054014384746551514,-0.6379445195198059,0.0004375576972961426,-0.32771164178848267,0.005305469036102295,-0.4568268656730652,0.006433248519897461,-0.5402179956436157,0.004901707172393799,-0.6157108247280121,0.039206504821777344,-0.29332250356674194,0.06761032342910767,-0.3834221065044403,0.08838033676147461,-0.4460597634315491,0.10524094104766846,-0.5044180750846863,OPEN_PALM
0.0,0.0,-0.06446188688278198,-0.04293859004974365,-0.1189272403717041,-0.13851463794708252,-0.1583576202392578,-0.21868926286697388,-0.19839471578598022,-0.2624073028564453,-0.07669651508331299,-0.31246209144592285,-0.10006171464920044,-0.42775535583496094,-0.11323478817939758,-0.5018824934959412,-0.12209916114807129,-0.5679870843887329,-0.03546774387359619,-0.33461445569992065,-0.041651904582977295,-0.4720376133918762,-0.045686304569244385,-0.5594560205936432,-0.04982846975326538,-0.6357150077819824,0.004185855388641357,-0.3255327343940735,0.008205771446228027,-0.4553186893463135,0.008522987365722656,-0.5377395153045654,0.006836056709289551,-0.6129120886325836,0.04220700263977051,-0.29198402166366577,0.0714106559753418,-0.38250067830085754,0.09229505062103271,-0.44575053453445435,0.10966247320175171,-0.5059826374053955,OPEN_PALM
0.0,0.0,-0.06177783012390137,-0.04178959131240845,-0.11697810888290405,-0.13861685991287231,-0.15405592322349548,-0.21896755695343018,-0.18926331400871277,-0.2655017375946045,-0.073336660861969,-0.3118312954902649,-0.09515732526779175,-0.4303717017173767,-0.10713350772857666,-0.5047807693481445,-0.11505019664764404,-0.5708407163619995,-0.031659841537475586,-0.3329883813858032,-0.035663485527038574,-0.47266897559165955,-0.03766465187072754,-0.5608299374580383,-0.03971678018569946,-0.6352769434452057,0.008257746696472168,-0.32300812005996704,0.014407157897949219,-0.4533228874206543,0.01645451784133911,-0.5372845232486725,0.016538500785827637,-0.61203932762146,0.046707093715667725,-0.28886520862579346,0.07709389925003052,-0.37847962975502014,0.09935241937637329,-0.4401136040687561,0.1180199384689331,-0.49814632534980774,OPEN_PALM
0.0,0.0,-0.06343197822570801,-0.043086886405944824,-0.1183043122291565,-0.14058798551559448,-0.15675216913223267,-0.22128081321716309,-0.19248807430267334,-0.27248871326446533,-0.07145828008651733,-0.31636953353881836,-0.09137684106826782,-0.4371737241744995,-0.10153180360794067,-0.5119568109512329,-0.10757666826248169,-0.5779889225959778,-0.029200732707977295,-0.3357223868370056,-0.030669331550598145,-0.47638797760009766,-0.030326426029205322,-0.5657398700714111,-0.03023076057434082,-0.6398786306381226,0.010714113712310791,-0.32370585203170776,0.019400715827941895,-0.45463237166404724,0.023528456687927246,-0.5379095673561096,0.025127410888671875,-0.6119353175163269,0.04931861162185669,-0.28681522607803345,0.08363670110702515,-0.3715813159942627,0.10701644420623779,-0.42986756563186646,0.12583667039871216,-0.48573774099349976,OPEN_PALM
0.0,0.0,-0.0631798505783081,-0.04407083988189697,-0.1194378137588501,-0.1420964002609253,-0.1588239073753357,-0.2215510606765747,-0.19318437576293945,-0.27215951681137085,-0.06810653209686279,-0.32190579175949097,-0.08659934997558594,-0.446469783782959,-0.09645098447799683,-0.5239461064338684,-0.10246151685714722,-0.590371161699295,-0.02563077211380005,-0.3398629426956177,-0.025571227073669434,-0.4832659363746643,-0.024214446544647217,-0.5746036767959595,-0.02276092767715454,-0.6477560997009277,0.014418184757232666,-0.3261726498603821,0.023617863655090332,-0.45952123403549194,0.02930760383605957,-0.5446587204933167,0.03342229127883911,-0.6172126829624176,0.05260276794433594,-0.28718245029449463,0.0905349850654602,-0.37116700410842896,0.11887693405151367,-0.4282728433609009,0.1433335542678833,-0.4802997410297394,OPEN_PALM
0.0,0.0,-0.06611645221710205,-0.043212294578552246,-0.12470656633377075,-0.14819973707199097,-0.16727495193481445,-0.23296785354614258,-0.20780915021896362,-0.27364230155944824,-0.06947678327560425,-0.33011651039123535,-0.08504235744476318,-0.45668673515319824,-0.09142136573791504,-0.5372561812400818,-0.09473621845245361,-0.6050334274768829,-0.02525883913040161,-0.3475787043571472,-0.022974371910095215,-0.4922136068344116,-0.0189058780670166,-0.5854400396347046,-0.014192581176757812,-0.6607689261436462,0.015734195709228516,-0.33079856634140015,0.02829766273498535,-0.4658532738685608,0.03639066219329834,-0.5505405962467194,0.043544113636016846,-0.6234576106071472,0.054929375648498535,-0.28729504346847534,0.09760570526123047,-0.3629022240638733,0.12816601991653442,-0.4154864251613617,0.154890775680542,-0.46567973494529724,OPEN_PALM
0.0,0.0,-0.06711685657501221,-0.04735356569290161,-0.13053053617477417,-0.1572026014328003,-0.17896854877471924,-0.2436833381652832,-0.2226390838623047,-0.2852379083633423,-0.07198309898376465,-0.3546859622001648,-0.08889931440353394,-0.4903348684310913,-0.09549784660339355,-0.5761385262012482,-0.0985422134399414,-0.64781454205513,-0.025937318801879883,-0.3742160201072693,-0.023950397968292236,-0.5281506776809692,-0.01939183473587036,-0.6263744533061981,-0.013397395610809326,-0.7048323154449463,0.017606258392333984,-0.3573153018951416,0.032169878482818604,-0.5004225969314575,0.04144394397735596,-0.5915915071964264,0.04971045255661011,-0.6690033972263336,0.059357285499572754,-0.3112671375274658,0.10727542638778687,-0.39282846450805664,0.14088642597198486,-0.44965702295303345,0.17080849409103394,-0.5030812621116638,OPEN_PALM
0.0,0.0,-0.07469195127487183,-0.04671919345855713,-0.13928377628326416,-0.14959090948104858,-0.18832391500473022,-0.23560655117034912,-0.23414289951324463,-0.2812519669532776,-0.07999342679977417,-0.36357343196868896,-0.0985422134399414,-0.5111385583877563,-0.1067124605178833,-0.6036693453788757,-0.11075419187545776,-0.6821165382862091,-0.02986198663711548,-0.38515806198120117,-0.028435230255126953,-0.5530223846435547,-0.023692190647125244,-0.6601460874080658,-0.01710587739944458,-0.7492720484733582,0.016713500022888184,-0.3684438467025757,0.033086955547332764,-0.5240065455436707,0.043107450008392334,-0.6243813335895538,0.05201452970504761,-0.7133581340312958,0.06153684854507446,-0.3216715455055237,0.11416780948638916,-0.41112667322158813,0.15088379383087158,-0.47700947523117065,0.1837102174758911,-0.5414704382419586,OPEN_PALM
0.0,0.0,-0.08043557405471802,-0.04145914316177368,-0.15001899003982544,-0.1457563042640686,-0.2025315761566162,-0.2335526943206787,-0.24995958805084229,-0.2801505923271179,-0.08636647462844849,-0.37408220767974854,-0.10760700702667236,-0.5277387499809265,-0.11724346876144409,-0.6245642304420471,-0.12230336666107178,-0.7083198726177216,-0.03294575214385986,-0.39898252487182617,-0.032312631607055664,-0.5762283504009247,-0.028545498847961426,-0.6892017126083374,-0.022297382354736328,-0.7837708592414856,0.01623135805130005,-0.38342416286468506,0.032648682594299316,-0.5468426942825317,0.041155099868774414,-0.6549537479877472,0.048910319805145264,-0.7517794370651245,0.06425005197525024,-0.33640551567077637,0.11972326040267944,-0.43663036823272705,0.15847957134246826,-0.507955938577652,0.19249635934829712,-0.5777621269226074,OPEN_PALM
0.0,0.0,-0.08211445808410645,-0.0394173264503479,-0.1528782844543457,-0.1448487639427185,-0.20702588558197021,-0.2311210036277771,-0.25882211327552795,-0.27117079496383667,-0.09298515319824219,-0.3824704885482788,-0.11745035648345947,-0.5367688536643982,-0.1292182207107544,-0.6362430453300476,-0.13547158241271973,-0.7228142619132996,-0.03748375177383423,-0.4125494956970215,-0.039479970932006836,-0.5946218967437744,-0.03732025623321533,-0.7123607695102692,-0.03198212385177612,-0.8129759728908539,0.01445096731185913,-0.3986201882362366,0.02972954511642456,-0.5715511739253998,0.03726691007614136,-0.6860261857509613,0.04442465305328369,-0.7895500361919403,0.06527817249298096,-0.3505323529243469,0.12383931875228882,-0.4528312087059021,0.1646338701248169,-0.5298970937728882,0.20031023025512695,-0.6064419448375702,OPEN_PALM
0.0,0.0,-0.07836657762527466,-0.039862871170043945,-0.14996808767318726,-0.14822548627853394,-0.20924264192581177,-0.23057276010513306,-0.2669066786766052,-0.24890989065170288,-0.08853894472122192,-0.38353174924850464,-0.11531263589859009,-0.5409336388111115,-0.12880384922027588,-0.6438458263874054,-0.1352633833885193,-0.7340295910835266,-0.03073364496231079,-0.4116264581680298,-0.03041517734527588,-0.6034926772117615,-0.0267641544342041,-0.728554904460907,-0.019618213176727295,-0.8339605927467346,0.023531675338745117,-0.3927486538887024,0.04534173011779785,-0.5754897594451904,0.05752360820770264,-0.6992595493793488,0.06821423768997192,-0.8103680610656738,0.0756116509437561,-0.3388480544090271,0.14254546165466309,-0.4456430673599243,0.18943852186203003,-0.5254719257354736,0.229381263256073,-0.6025692820549011,OPEN_PALM
0.0,0.0,-0.07769542932510376,-0.04362541437149048,-0.14988863468170166,-0.1437016725540161,-0.20551198720932007,-0.21574968099594116,-0.25859037041664124,-0.23792612552642822,-0.08822661638259888,-0.373921275138855,-0.11557471752166748,-0.5347141623497009,-0.12951987981796265,-0.6389186680316925,-0.13679951429367065,-0.73157998919487,-0.02801448106765747,-0.4019990861415863,-0.02758622169494629,-0.5981467962265015,-0.023393988609313965,-0.7268511056900024,-0.016735851764678955,-0.8347650766372681,0.027908921241760254,-0.3832574486732483,0.05120772123336792,-0.566028505563736,0.06485658884048462,-0.6917146146297455,0.07638710737228394,-0.8032950162887573,0.08111155033111572,-0.3280538320541382,0.1494150161743164,-0.4354114532470703,0.19700747728347778,-0.5146186351776123,0.2366589903831482,-0.588868111371994,OPEN_PALM
0.0,0.0,-0.07709413766860962,-0.03770720958709717,-0.1470610499382019,-0.12779027223587036,-0.19940471649169922,-0.19756513833999634,-0.24994471669197083,-0.22530126571655273,-0.09014475345611572,-0.34933775663375854,-0.11548209190368652,-0.5044068396091461,-0.1298445463180542,-0.6098662316799164,-0.13978952169418335,-0.7056481540203094,-0.027884840965270996,-0.38229864835739136,-0.02370685338973999,-0.5908551812171936,-0.018268108367919922,-0.7396474778652191,-0.011068522930145264,-0.8683868646621704,0.027875185012817383,-0.361678808927536,0.051789939403533936,-0.5415011644363403,0.06736218929290771,-0.6674829125404358,0.08133971691131592,-0.7789473831653595,0.08100223541259766,-0.3009706139564514,0.15121757984161377,-0.4016108214855194,0.20115387439727783,-0.47184619307518005,0.24413764476776123,-0.5373876392841339,OPEN_PALM
0.0,0.0,-0.07670903205871582,-0.034908950328826904,-0.14176541566848755,-0.11849772930145264,-0.19401055574417114,-0.177729070186615,-0.24712231755256653,-0.20419293642044067,-0.0835375189781189,-0.308387815952301,-0.10924893617630005,-0.4567622244358063,-0.12371528148651123,-0.5581150352954865,-0.13271218538284302,-0.6497533023357391,-0.022121667861938477,-0.3336665630340576,-0.01880413293838501,-0.513303279876709,-0.014121770858764648,-0.633683830499649,-0.007337033748626709,-0.7371211647987366,0.031647562980651855,-0.31172847747802734,0.061528921127319336,-0.4777024984359741,0.07969260215759277,-0.5989790260791779,0.09489792585372925,-0.7081650793552399,0.07977449893951416,-0.2521759271621704,0.14961057901382446,-0.3423387110233307,0.1990870237350464,-0.40847188234329224,0.2405712604522705,-0.4696984887123108,OPEN_PALM
0.0,0.0,-0.06426674127578735,-0.03187936544418335,-0.12078678607940674,-0.12354087829589844,-0.15921878814697266,-0.2035723328590393,-0.1976282000541687,-0.2460612654685974,-0.07774531841278076,-0.321854829788208,-0.09055894613265991,-0.4553490877151489,-0.0944892168045044,-0.540868878364563,-0.09507691860198975,-0.6141769289970398,-0.032114505767822266,-0.3425769507884979,-0.0318526029586792,-0.49719542264938354,-0.027882635593414307,-0.5967983305454254,-0.023271799087524414,-0.6796135604381561,0.010427117347717285,-0.3288775086402893,0.024617254734039307,-0.47569823265075684,0.033708393573760986,-0.5700061917304993,0.040673255920410156,-0.6525165140628815,0.05155658721923828,-0.28669261932373047,0.09385782480239868,-0.37345051765441895,0.1226416826248169,-0.4337570071220398,0.14602547883987427,-0.49092328548431396,OPEN_PALM
0.0,0.0,-0.06766635179519653,-0.03124237060546875,-0.1255452036857605,-0.12398916482925415,-0.169874906539917,-0.20413029193878174,-0.21519410610198975,-0.2440529465675354,-0.07427966594696045,-0.3288038372993469,-0.08915191888809204,-0.46448609232902527,-0.0955466628074646,-0.5514674186706543,-0.09731310606002808,-0.6261264383792877,-0.027596652507781982,-0.3511357307434082,-0.026124894618988037,-0.5082887411117554,-0.022411048412322998,-0.6105855405330658,-0.0174521803855896,-0.6959066987037659,0.015022337436676025,-0.3375188112258911,0.032204389572143555,-0.48422837257385254,0.042791783809661865,-0.5829857587814331,0.05111122131347656,-0.6696649789810181,0.054722368717193604,-0.2949218153953552,0.10166138410568237,-0.3815840482711792,0.13458478450775146,-0.4408953785896301,0.16095572710037231,-0.49678534269332886,OPEN_PALM
0.0,0.0,-0.07030224800109863,-0.03820645809173584,-0.13027673959732056,-0.12990963459014893,-0.1769464612007141,-0.2056618332862854,-0.2247890830039978,-0.23997467756271362,-0.07258361577987671,-0.33788931369781494,-0.08827215433120728,-0.4788707494735718,-0.09616613388061523,-0.5684707462787628,-0.09925216436386108,-0.6460602879524231,-0.024067580699920654,-0.35863885283470154,-0.021679818630218506,-0.5212964713573456,-0.017230570316314697,-0.6250361204147339,-0.010931909084320068,-0.7115050554275513,0.02058190107345581,-0.34358423948287964,0.04035615921020508,-0.49535173177719116,0.05274820327758789,-0.5950948894023895,0.06288349628448486,-0.6821953654289246,0.0627867579460144,-0.29987621307373047,0.10923206806182861,-0.3887767493724823,0.14113575220108032,-0.45041829347610474,0.1670985221862793,-0.5082246661186218,OPEN_PALM
0.0,0.0,-0.07047152519226074,-0.03912234306335449,-0.13344764709472656,-0.1317582130432129,-0.1844853162765503,-0.20663166046142578,-0.23191744089126587,-0.2415982484817505,-0.08129352331161499,-0.3400440216064453,-0.10188287496566772,-0.4826925992965698,-0.11138522624969482,-0.5739802122116089,-0.11686795949935913,-0.6534731090068817,-0.033817291259765625,-0.3651009500026703,-0.03473860025405884,-0.5321569442749023,-0.032257258892059326,-0.6406705677509308,-0.029297053813934326,-0.7322885394096375,0.01189565658569336,-0.3533739149570465,0.02410876750946045,-0.5087576508522034,0.03174591064453125,-0.6106984615325928,0.036932945251464844,-0.6997719705104828,0.056456029415130615,-0.31092768907546997,0.1001206636428833,-0.40645623207092285,0.13010162115097046,-0.4740942120552063,0.15426915884017944,-0.5375564396381378,OPEN_PALM
0.0,0.0,-0.07068121433258057,-0.036237239837646484,-0.13769352436065674,-0.1280534267425537,-0.19262179732322693,-0.2017408013343811,-0.2442772388458252,-0.23097014427185059,-0.08667409420013428,-0.33597373962402344,-0.11005693674087524,-0.4822583794593811,-0.12090522050857544,-0.5757643282413483,-0.12733739614486694,-0.6571418046951294,-0.039779484272003174,-0.365922749042511,-0.04518628120422363,-0.5370897650718689,-0.04481005668640137,-0.6460234522819519,-0.042347073554992676,-0.7395940124988556,0.006728410720825195,-0.3569961190223694,0.01465141773223877,-0.5201477706432343,0.020684003829956055,-0.6224425733089447,0.02523505687713623,-0.7124923467636108,0.0530928373336792,-0.31622815132141113,0.09361737966537476,-0.41690295934677124,0.12294739484786987,-0.4864138662815094,0.14742475748062134,-0.5523053407669067,OPEN_PALM
0.0,0.0,-0.0674581527709961,-0.04014909267425537,-0.1292988657951355,-0.13217681646347046,-0.18281114101409912,-0.20951533317565918,-0.23452472686767578,-0.24038046598434448,-0.07573592662811279,-0.3393763601779938,-0.09613686800003052,-0.4889998137950897,-0.10598021745681763,-0.5843704342842102,-0.11116516590118408,-0.6669173538684845,-0.02684396505355835,-0.36743634939193726,-0.027622997760772705,-0.5422183275222778,-0.024514079093933105,-0.6543624103069305,-0.019671738147735596,-0.7494537830352783,0.020243048667907715,-0.3571309447288513,0.03503692150115967,-0.5189476311206818,0.04406613111495972,-0.6256676018238068,0.05143928527832031,-0.7196046710014343,0.06518471240997314,-0.3156641125679016,0.1135069727897644,-0.41266965866088867,0.14832359552383423,-0.4825284779071808,0.17811214923858643,-0.5488009750843048,OPEN_PALM
0.0,0.0,-0.06703996658325195,-0.038916587829589844,-0.12605547904968262,-0.13124603033065796,-0.17834025621414185,-0.20873868465423584,-0.2307989001274109,-0.24294161796569824,-0.07442998886108398,-0.3447519838809967,-0.09669238328933716,-0.49579811096191406,-0.10832339525222778,-0.5918994247913361,-0.11401784420013428,-0.6750622689723969,-0.02609384059906006,-0.3736170530319214,-0.029125452041625977,-0.54960036277771,-0.027141571044921875,-0.6613757908344269,-0.022974371910095215,-0.7551373839378357,0.020830392837524414,-0.3620208203792572,0.03788274526596069,-0.5255105495452881,0.04815518856048584,-0.6310296058654785,0.055557310581207275,-0.7232395708560944,0.06647682189941406,-0.3182242512702942,0.11834293603897095,-0.4202476441860199,0.1548977494239807,-0.49246740341186523,0.18496346473693848,-0.55976203083992,OPEN_PALM
0.0,0.0,-0.06319266557693481,-0.03704512119293213,-0.12355995178222656,-0.13345110416412354,-0.17720681428909302,-0.20974618196487427,-0.22866451740264893,-0.2409069538116455,-0.07852381467819214,-0.34459027647972107,-0.10245275497436523,-0.4900646209716797,-0.11431437730789185,-0.5842995941638947,-0.11977875232696533,-0.6655162274837494,-0.03124105930328369,-0.37721893191337585,-0.03662705421447754,-0.5511429607868195,-0.0359768271446228,-0.6609172821044922,-0.03247964382171631,-0.7512188255786896,0.016855955123901367,-0.3692088723182678,0.031249701976776123,-0.531732052564621,0.038896799087524414,-0.6354708075523376,0.044159770011901855,-0.7263109087944031,0.06429558992385864,-0.32932931184768677,0.11244046688079834,-0.4330361783504486,0.14671975374221802,-0.5090776085853577,0.17596769332885742,-0.581264853477478,OPEN_PALM
0.0,0.0,-0.06903731822967529,-0.029995262622833252,-0.12842446565628052,-0.1262323260307312,-0.17728585004806519,-0.21187466382980347,-0.22856855392456055,-0.25400227308273315,-0.0791439414024353,-0.34968066215515137,-0.10203361511230469,-0.4972953200340271,-0.11304271221160889,-0.5919377207756042,-0.11753517389297485,-0.6733804643154144,-0.031076490879058838,-0.3832983374595642,-0.03642314672470093,-0.5574015378952026,-0.03587234020233154,-0.6672539114952087,-0.03212869167327881,-0.7574524283409119,0.01713395118713379,-0.37429288029670715,0.031668245792388916,-0.5386075675487518,0.039784252643585205,-0.6425208747386932,0.045791566371917725,-0.733070433139801,0.06501275300979614,-0.3312835395336151,0.11487334966659546,-0.4356708228588104,0.1491568684577942,-0.5095365345478058,0.17783570289611816,-0.5795893967151642,OPEN_PALM
0.0,0.0,-0.06477856636047363,-0.02913689613342285,-0.12537652254104614,-0.12300342321395874,-0.17354631423950195,-0.20744764804840088,-0.22346770763397217,-0.25137120485305786,-0.07601457834243774,-0.34363487362861633,-0.09686076641082764,-0.4890519380569458,-0.105052649974823,-0.5832907259464264,-0.10688811540603638,-0.6651092767715454,-0.028050243854522705,-0.37491297721862793,-0.02965444326400757,-0.5479277968406677,-0.025995969772338867,-0.6565117239952087,-0.019632399082183838,-0.7478346526622772,0.019673526287078857,-0.3649408519268036,0.035003840923309326,-0.5268728733062744,0.04377639293670654,-0.6283747553825378,0.050628721714019775,-0.7194977700710297,0.06714129447937012,-0.3225926458835602,0.11502212285995483,-0.4267743229866028,0.14927738904953003,-0.49979299306869507,0.17828130722045898,-0.5709421336650848,OPEN_PALM
0.0,0.0,-0.062085628509521484,-0.03436487913131714,-0.12098628282546997,-0.12875550985336304,-0.17052948474884033,-0.21196794509887695,-0.22029876708984375,-0.2563496232032776,-0.07486528158187866,-0.347307026386261,-0.09686076641082764,-0.4916096031665802,-0.10724389553070068,-0.5844790935516357,-0.11107081174850464,-0.6651994585990906,-0.02842503786087036,-0.38017502427101135,-0.03167611360549927,-0.5505470037460327,-0.030085980892181396,-0.657891184091568,-0.025731563568115234,-0.7470560967922211,0.018140435218811035,-0.37281832098960876,0.030877888202667236,-0.5342366099357605,0.03726428747177124,-0.6338089406490326,0.04181838035583496,-0.7207582592964172,0.06487143039703369,-0.3334510922431946,0.10996323823928833,-0.43749943375587463,0.1409568190574646,-0.5110715627670288,0.16704988479614258,-0.5803264379501343,OPEN_PALM
0.0,0.0,-0.06197357177734375,-0.03412884473800659,-0.12575429677963257,-0.11819446086883545,-0.17812103033065796,-0.19415760040283203,-0.226443350315094,-0.2308427095413208,-0.08189904689788818,-0.33337002992630005,-0.10622113943099976,-0.47429513931274414,-0.11740756034851074,-0.5652295053005219,-0.12203460931777954,-0.6424862444400787,-0.03816252946853638,-0.36749786138534546,-0.044126033782958984,-0.5339694619178772,-0.044094860553741455,-0.6385248601436615,-0.04032009840011597,-0.7251541018486023,0.006826937198638916,-0.36401140689849854,0.015580296516418457,-0.5212136507034302,0.020599544048309326,-0.6182659864425659,0.025763630867004395,-0.7000229954719543,0.05295693874359131,-0.330520361661911,0.09301096200942993,-0.43446046113967896,0.12281352281570435,-0.5036299526691437,0.14931505918502808,-0.5662888437509537,OPEN_PALM
0.0,0.0,-0.06964832544326782,-0.027877330780029297,-0.14082962274551392,-0.11278778314590454,-0.1924508810043335,-0.18688219785690308,-0.2362051010131836,-0.22169214487075806,-0.09633886814117432,-0.32515305280685425,-0.12107831239700317,-0.461261123418808,-0.13323122262954712,-0.5470035374164581,-0.13985753059387207,-0.6212416589260101,-0.05231523513793945,-0.35494092106819153,-0.06130790710449219,-0.5163660645484924,-0.06379908323287964,-0.6166518032550812,-0.06283003091812134,-0.7004089653491974,-0.007876098155975342,-0.3500925600528717,-0.005745649337768555,-0.5045352280139923,-0.00531381368637085,-0.598315417766571,-0.004528820514678955,-0.6782011985778809,0.03795284032821655,-0.3181189000606537,0.06821435689926147,-0.4251753091812134,0.0911407470703125,-0.49542394280433655,0.11103618144989014,-0.5588209629058838,OPEN_PALM
0.0,0.0,-0.06782585382461548,-0.033866941928863525,-0.1341971457004547,-0.11936873197555542,-0.18474379181861877,-0.18654686212539673,-0.2253313958644867,-0.21902984380722046,-0.09250086545944214,-0.3332139849662781,-0.11575883626937866,-0.46456682682037354,-0.12911656498908997,-0.5469598174095154,-0.13837981224060059,-0.6184043884277344,-0.04807192087173462,-0.35989969968795776,-0.055053532123565674,-0.5147706568241119,-0.05804288387298584,-0.6106891334056854,-0.06038159132003784,-0.6930771470069885,-0.004170060157775879,-0.3531937003135681,-0.000460207462310791,-0.5026336908340454,0.0005127787590026855,-0.5946748554706573,-0.00027364492416381836,-0.6764061152935028,0.0397610068321228,-0.319616436958313,0.07148343324661255,-0.42292672395706177,0.09384095668792725,-0.49429255723953247,0.11210876703262329,-0.5609216094017029,OPEN_PALM
0.0,0.0,-0.07392299175262451,-0.027271628379821777,-0.13735449314117432,-0.09630441665649414,-0.18782931566238403,-0.16017210483551025,-0.2314496636390686,-0.20107406377792358,-0.1010267436504364,-0.31427907943725586,-0.12587261199951172,-0.44123393297195435,-0.14132392406463623,-0.5257278680801392,-0.15197911858558655,-0.5972692668437958,-0.05587601661682129,-0.34364187717437744,-0.06246757507324219,-0.4946402311325073,-0.06823718547821045,-0.5915557146072388,-0.07237499952316284,-0.6778225898742676,-0.011821389198303223,-0.3383638262748718,-0.0074370503425598145,-0.4830949008464813,-0.008415639400482178,-0.572685182094574,-0.009907543659210205,-0.652548760175705,0.032243430614471436,-0.30450665950775146,0.06335049867630005,-0.40454813838005066,0.08485132455825806,-0.4741240441799164,0.10319405794143677,-0.5387456715106964,OPEN_PALM
0.0,0.0,-0.07620090246200562,-0.02873528003692627,-0.142521470785141,-0.10054880380630493,-0.19241008162498474,-0.16384100914001465,-0.23922276496887207,-0.20253270864486694,-0.10372540354728699,-0.3095510005950928,-0.12926048040390015,-0.44184574484825134,-0.14863601326942444,-0.5213667154312134,-0.16518348455429077,-0.5902009904384613,-0.05874034762382507,-0.33830174803733826,-0.068266361951828,-0.49467897415161133,-0.07514527440071106,-0.5961238443851471,-0.0802898108959198,-0.6836199164390564,-0.013576090335845947,-0.3355771601200104,-0.01098865270614624,-0.48335862159729004,-0.010282754898071289,-0.5778312981128693,-0.010919928550720215,-0.6620617210865021,0.032402217388153076,-0.3052820563316345,0.06259113550186157,-0.41174066066741943,0.08308452367782593,-0.4835042953491211,0.09947162866592407,-0.5487237870693207,OPEN_PALM
0.0,0.0,-0.07623344659805298,-0.013108789920806885,-0.14687848091125488,-0.09384536743164062,-0.19974488019943237,-0.160375714302063,-0.24990880489349365,-0.18690407276153564,-0.11376920342445374,-0.30380934476852417,-0.1426614224910736,-0.4333077371120453,-0.16014862060546875,-0.5140791535377502,-0.1720840036869049,-0.585204541683197,-0.06825926899909973,-0.33591383695602417,-0.08312287926673889,-0.4891156256198883,-0.09180313348770142,-0.5899184346199036,-0.0968858003616333,-0.678196370601654,-0.021034151315689087,-0.3343653678894043,-0.022321313619613647,-0.47992220520973206,-0.023995041847229004,-0.576539933681488,-0.025134682655334473,-0.6641962826251984,0.02703636884689331,-0.30389517545700073,0.05541825294494629,-0.4087001085281372,0.07548034191131592,-0.4815685451030731,0.09184330701828003,-0.5487745404243469,OPEN_PALM
0.0,0.0,-0.0740421712398529,-0.01667654514312744,-0.14338797330856323,-0.08875632286071777,-0.19792798161506653,-0.143887460231781,-0.24737848341464996,-0.16766232252120972,-0.10874268412590027,-0.296306312084198,-0.14168071746826172,-0.41634124517440796,-0.16330868005752563,-0.4937257170677185,-0.1794009804725647,-0.5621776580810547,-0.06788802146911621,-0.32615768909454346,-0.08540412783622742,-0.47550684213638306,-0.09792551398277283,-0.5737496912479401,-0.10653960704803467,-0.6584019362926483,-0.025758713483810425,-0.32421034574508667,-0.029121190309524536,-0.4666084349155426,-0.03503677248954773,-0.5610038936138153,-0.040573954582214355,-0.6468435227870941,0.01700657606124878,-0.29481130838394165,0.0454677939414978,-0.39656490087509155,0.06448540091514587,-0.47117966413497925,0.07997214794158936,-0.5415685474872589,OPEN_PALM
0.0,0.0,-0.07634425163269043,-0.01410222053527832,-0.14426225423812866,-0.08018505573272705,-0.19849003851413727,-0.13831406831741333,-0.2491079866886139,-0.1671324372291565,-0.11328169703483582,-0.2766745686531067,-0.15095928311347961,-0.394619345664978,-0.17577511072158813,-0.4698095917701721,-0.1950751543045044,-0.5383835434913635,-0.0722009539604187,-0.31251341104507446,-0.09268662333488464,-0.45726197957992554,-0.10696840286254883,-0.5532599985599518,-0.11780160665512085,-0.6376122832298279,-0.03072836995124817,-0.3124886155128479,-0.03478923439979553,-0.45112019777297974,-0.04135942459106445,-0.542940229177475,-0.04844200611114502,-0.6283226311206818,0.01165705919265747,-0.28481024503707886,0.04101651906967163,-0.3803466260433197,0.0593835711479187,-0.4523541331291199,0.07396593689918518,-0.5218047797679901,OPEN_PALM
0.0,0.0,-0.07260116934776306,-0.015822231769561768,-0.1390753984451294,-0.08299309015274048,-0.19197867810726166,-0.13603109121322632,-0.2407083660364151,-0.15957200527191162,-0.11411437392234802,-0.25716978311538696,-0.15257754921913147,-0.36472710967063904,-0.17762641608715057,-0.4351732134819031,-0.1975826621055603,-0.4992627203464508,-0.07470214366912842,-0.2922772467136383,-0.09615930914878845,-0.42506593465805054,-0.11188194155693054,-0.5157799124717712,-0.12472966313362122,-0.5966805219650269,-0.03388071060180664,-0.2916788160800934,-0.03817051649093628,-0.42351359128952026,-0.044906288385391235,-0.5120309889316559,-0.05289563536643982,-0.594740629196167,0.007974892854690552,-0.26274144649505615,0.040232956409454346,-0.351470023393631,0.06015250086784363,-0.41583073139190674,0.0752217173576355,-0.4780782461166382,OPEN_PALM
0.0,0.0,-0.0652737021446228,-0.01898282766342163,-0.12380668520927429,-0.08071178197860718,-0.17138099670410156,-0.12725794315338135,-0.21591724455356598,-0.14909332990646362,-0.10068506002426147,-0.24336588382720947,-0.12974700331687927,-0.34447798132896423,-0.1496294140815735,-0.409088134765625,-0.16584676504135132,-0.46669524908065796,-0.061509907245635986,-0.27139005064964294,-0.0764932930469513,-0.3947080075740814,-0.08714628219604492,-0.475839763879776,-0.09583327174186707,-0.5482317805290222,-0.02223050594329834,-0.26589158177375793,-0.02012091875076294,-0.3881393373012543,-0.021953195333480835,-0.4675736129283905,-0.025499314069747925,-0.5416901707649231,0.016364216804504395,-0.23339152336120605,0.04917019605636597,-0.3117273449897766,0.07079339027404785,-0.3659910559654236,0.08746087551116943,-0.4186021685600281,OPEN_PALM
0.0,0.0,-0.06266367435455322,-0.009807586669921875,-0.11830839514732361,-0.06804049015045166,-0.15690338611602783,-0.11927831172943115,-0.19444076716899872,-0.14044076204299927,-0.09101015329360962,-0.21575164794921875,-0.1164686381816864,-0.31389451026916504,-0.13351845741271973,-0.3718389868736267,-0.14770644903182983,-0.422866553068161,-0.05416235327720642,-0.24340999126434326,-0.06670746207237244,-0.36038267612457275,-0.07382312417030334,-0.43655845522880554,-0.07793369889259338,-0.5023443102836609,-0.01697400212287903,-0.2409379482269287,-0.014384627342224121,-0.35556769371032715,-0.012787014245986938,-0.4283416271209717,-0.011344343423843384,-0.49629658460617065,0.020402908325195312,-0.21196570992469788,0.05068293213844299,-0.28159740567207336,0.0711607038974762,-0.3287292718887329,0.08813795447349548,-0.3746086657047272,OPEN_PALM
0.0,0.0,-0.05180102586746216,-0.00497889518737793,-0.09924793243408203,-0.04543602466583252,-0.13568609952926636,-0.08571040630340576,-0.1720476746559143,-0.10717105865478516,-0.07334470748901367,-0.17012402415275574,-0.09689199924468994,-0.24995023012161255,-0.11194351315498352,-0.2980487048625946,-0.12446209788322449,-0.3436740040779114,-0.03963974118232727,-0.19405090808868408,-0.050008565187454224,-0.29289188981056213,-0.054647088050842285,-0.35731351375579834,-0.05701029300689697,-0.41626396775245667,-0.006698012351989746,-0.18889692425727844,-0.001628786325454712,-0.28908538818359375,0.0026346147060394287,-0.3516778349876404,0.005709648132324219,-0.41152845323085785,0.025713056325912476,-0.16080665588378906,0.05614662170410156,-0.21652790904045105,0.07708477973937988,-0.25384286046028137,0.09405350685119629,-0.291015625,OPEN_PALM
0.0,0.0,-0.05027568340301514,-0.010289490222930908,-0.09587046504020691,-0.052260756492614746,-0.1326090395450592,-0.08582144975662231,-0.16785740852355957,-0.10105079412460327,-0.06668183207511902,-0.15592387318611145,-0.08819469809532166,-0.22813323140144348,-0.10053950548171997,-0.27236202359199524,-0.11030235886573792,-0.31386053562164307,-0.03349202871322632,-0.1764512062072754,-0.04073247313499451,-0.2669598162174225,-0.04320839047431946,-0.3244539499282837,-0.04371729493141174,-0.37678062915802,-0.00249674916267395,-0.17081999778747559,0.00508388876914978,-0.2609618306159973,0.010809123516082764,-0.31678465008735657,0.01518818736076355,-0.3706190139055252,0.0263059139251709,-0.14377573132514954,0.05755004286766052,-0.19183221459388733,0.0792151391506195,-0.2233211100101471,0.09671130776405334,-0.2550849914550781,OPEN_PALM
0.0,0.0,-0.04668450355529785,-0.007005870342254639,-0.08962050080299377,-0.048067331314086914,-0.12382456660270691,-0.084403395652771,-0.15649694204330444,-0.09993276000022888,-0.062032461166381836,-0.15973052382469177,-0.08021941781044006,-0.23035645484924316,-0.09051376581192017,-0.2746318578720093,-0.09858807921409607,-0.3158062696456909,-0.029624909162521362,-0.18037119507789612,-0.03554421663284302,-0.26967787742614746,-0.03717583417892456,-0.32624197006225586,-0.03689926862716675,-0.37686990201473236,0.0006498992443084717,-0.17450687289237976,0.008053719997406006,-0.2634519636631012,0.013140380382537842,-0.31864964962005615,0.017221003770828247,-0.37041422724723816,0.02881792187690735,-0.14729315042495728,0.0580461323261261,-0.19762274622917175,0.07824835181236267,-0.23017394542694092,0.09461089968681335,-0.26152700185775757,OPEN_PALM
0.0,0.0,-0.048341572284698486,-0.012191474437713623,-0.09105786681175232,-0.06013995409011841,-0.12577369809150696,-0.10204637050628662,-0.15931320190429688,-0.12428608536720276,-0.061867356300354004,-0.1772380769252777,-0.07855775952339172,-0.249733567237854,-0.08776062726974487,-0.295272558927536,-0.09482121467590332,-0.33797699213027954,-0.028960764408111572,-0.19688445329666138,-0.032729119062423706,-0.28970664739608765,-0.033322155475616455,-0.3475343585014343,-0.03249460458755493,-0.399655744433403,0.0017361044883728027,-0.1894548535346985,0.011124968528747559,-0.27863800525665283,0.017457425594329834,-0.33580800890922546,0.022211134433746338,-0.39030565321445465,0.030340909957885742,-0.16044852137565613,0.06023687124252319,-0.21251797676086426,0.0810289978981018,-0.24646449089050293,0.09783631563186646,-0.27962490916252136,OPEN_PALM
0.0,0.0,-0.05043816566467285,-0.01891779899597168,-0.09411343932151794,-0.07380568981170654,-0.12577125430107117,-0.12392181158065796,-0.15819090604782104,-0.15078812837600708,-0.06382632255554199,-0.20335182547569275,-0.0803297758102417,-0.2834928631782532,-0.0901060700416565,-0.33298957347869873,-0.09730452299118042,-0.37825822830200195,-0.031105101108551025,-0.22146648168563843,-0.03469011187553406,-0.3226097822189331,-0.03619471192359924,-0.386390745639801,-0.036655694246292114,-0.4418785274028778,-0.00013211369514465332,-0.21376624703407288,0.007884562015533447,-0.3108285963535309,0.012254178524017334,-0.3725231885910034,0.01491481065750122,-0.42888520658016205,0.02923482656478882,-0.18535453081130981,0.05729317665100098,-0.24765753746032715,0.0769161581993103,-0.29023444652557373,0.09267741441726685,-0.3301297128200531,OPEN_PALM
0.0,0.0,-0.05113878846168518,-0.01836949586868286,-0.09618240594863892,-0.0764264464378357,-0.12807363271713257,-0.1328107714653015,-0.15905767679214478,-0.1692395806312561,-0.06650030612945557,-0.21726322174072266,-0.08278006315231323,-0.3050006628036499,-0.09199145436286926,-0.3618174195289612,-0.09771198034286499,-0.4111505150794983,-0.03452751040458679,-0.2377447783946991,-0.03777912259101868,-0.34470343589782715,-0.03950667381286621,-0.41394156217575073,-0.04030326008796692,-0.47385144233703613,-0.0034206509590148926,-0.23252737522125244,0.0031964778900146484,-0.333931565284729,0.0064601898193359375,-0.4002848267555237,0.008388936519622803,-0.4598703980445862,0.026857316493988037,-0.20612627267837524,0.054524123668670654,-0.2704901695251465,0.07338869571685791,-0.3159754276275635,0.08866095542907715,-0.35877177119255066,OPEN_PALM
0.0,0.0,-0.054421424865722656,-0.015177667140960693,-0.10216629505157471,-0.07610583305358887,-0.13716739416122437,-0.13486123085021973,-0.17147532105445862,-0.17107927799224854,-0.07440948486328125,-0.2272595763206482,-0.09092512726783752,-0.32261309027671814,-0.09927037358283997,-0.38371211290359497,-0.10464340448379517,-0.4365449845790863,-0.041626930236816406,-0.25064271688461304,-0.04658752679824829,-0.36275404691696167,-0.04925018548965454,-0.4341195821762085,-0.05127149820327759,-0.49520039558410645,-0.00944584608078003,-0.24875885248184204,-0.006204009056091309,-0.35441282391548157,-0.005322635173797607,-0.42229506373405457,-0.0056005120277404785,-0.4831867814064026,0.02261298894882202,-0.22523626685142517,0.0469135046005249,-0.29625797271728516,0.06388163566589355,-0.34648364782333374,0.0775790810585022,-0.39296621084213257,OPEN_PALM
0.0,0.0,-0.05615374445915222,-0.02496469020843506,-0.1061963438987732,-0.0911681056022644,-0.14625108242034912,-0.14790457487106323,-0.1828528642654419,-0.17746585607528687,-0.07860320806503296,-0.2488832175731659,-0.09369868040084839,-0.3486289083957672,-0.10158878564834595,-0.41289347410202026,-0.10672715306282043,-0.46850472688674927,-0.04555818438529968,-0.2710203528404236,-0.05287161469459534,-0.38516688346862793,-0.05709141492843628,-0.4581625461578369,-0.06048649549484253,-0.5210349261760712,-0.012338042259216309,-0.26811909675598145,-0.010900735855102539,-0.376189649105072,-0.0099714994430542,-0.44746777415275574,-0.010107755661010742,-0.5105532109737396,0.020916521549224854,-0.24485766887664795,0.04136437177658081,-0.3215080797672272,0.05708622932434082,-0.3755718171596527,0.07023125886917114,-0.4246481955051422,OPEN_PALM
0.0,0.0,-0.05838418006896973,-0.0273665189743042,-0.10946166515350342,-0.09290629625320435,-0.15017497539520264,-0.14974790811538696,-0.18633413314819336,-0.17961424589157104,-0.08027815818786621,-0.2608855962753296,-0.09509080648422241,-0.36276787519454956,-0.10268130898475647,-0.4299313426017761,-0.10731455683708191,-0.4863184094429016,-0.04500746726989746,-0.28441470861434937,-0.051836609840393066,-0.40190598368644714,-0.05564388632774353,-0.4760196805000305,-0.058744192123413086,-0.5405332744121552,-0.009935379028320312,-0.28158679604530334,-0.008428454399108887,-0.3931952714920044,-0.007919073104858398,-0.4643818438053131,-0.008498609066009521,-0.5266183614730835,0.02506035566329956,-0.2560286521911621,0.048892855644226074,-0.3328511416912079,0.06645721197128296,-0.38716816902160645,0.08119863271713257,-0.4366302490234375,OPEN_PALM
0.0,0.0,-0.060428738594055176,-0.025866210460662842,-0.11261385679244995,-0.09278011322021484,-0.15642386674880981,-0.15167874097824097,-0.19538328051567078,-0.18418598175048828,-0.08438104391098022,-0.26348644495010376,-0.10006174445152283,-0.3645533323287964,-0.10869479179382324,-0.43170297145843506,-0.11376982927322388,-0.4870088994503021,-0.04975852370262146,-0.28790485858917236,-0.05826583504676819,-0.4055100977420807,-0.06298363208770752,-0.47871702909469604,-0.06679025292396545,-0.5442823469638824,-0.014552712440490723,-0.2864829897880554,-0.015373647212982178,-0.3987904191017151,-0.015439748764038086,-0.4695752263069153,-0.01654362678527832,-0.5318638980388641,0.021474361419677734,-0.2626798152923584,0.04333138465881348,-0.3434872031211853,0.06035500764846802,-0.3993327021598816,0.07492363452911377,-0.4497872292995453,OPEN_PALM
0.0,0.0,-0.060469985008239746,-0.02998596429824829,-0.11499059200286865,-0.1016736626625061,-0.15837329626083374,-0.1622600555419922,-0.19526740908622742,-0.19301307201385498,-0.08551159501075745,-0.2691178321838379,-0.10032156109809875,-0.37271779775619507,-0.10735481977462769,-0.44023555517196655,-0.11153125762939453,-0.49691131711006165,-0.04973703622817993,-0.294024258852005,-0.05665463209152222,-0.4145888090133667,-0.06054109334945679,-0.4895259439945221,-0.06389206647872925,-0.5552834868431091,-0.01374208927154541,-0.29140639305114746,-0.011523783206939697,-0.40712741017341614,-0.010871410369873047,-0.4811476469039917,-0.011288285255432129,-0.5461161732673645,0.023086369037628174,-0.2659148573875427,0.04718250036239624,-0.3472025394439697,0.0653003454208374,-0.40351930260658264,0.08050858974456787,-0.4545878767967224,OPEN_PALM
0.0,0.0,-0.059027254581451416,-0.02876991033554077,-0.11359933018684387,-0.09542310237884521,-0.15616083145141602,-0.15541505813598633,-0.19131767749786377,-0.19317734241485596,-0.08428949117660522,-0.27285847067832947,-0.10017147660255432,-0.37852802872657776,-0.1074502170085907,-0.44589105248451233,-0.11201325058937073,-0.5029856562614441,-0.04866504669189453,-0.296761155128479,-0.056246817111968994,-0.419173002243042,-0.059752464294433594,-0.494166761636734,-0.06270772218704224,-0.5578301846981049,-0.013000667095184326,-0.29275959730148315,-0.011627256870269775,-0.41020533442497253,-0.011261582374572754,-0.4842149615287781,-0.012301862239837646,-0.5491698682308197,0.023762524127960205,-0.26623964309692383,0.047127366065979004,-0.34904614090919495,0.0650109052658081,-0.4052020311355591,0.07992559671401978,-0.4573201835155487,OPEN_PALM
0.0,0.0,-0.05734658241271973,-0.03129082918167114,-0.11223691701889038,-0.10324686765670776,-0.15236377716064453,-0.17295074462890625,-0.18646445870399475,-0.22479242086410522,-0.07858461141586304,-0.2723258435726166,-0.09569728374481201,-0.3788512349128723,-0.10279887914657593,-0.44621026515960693,-0.10652440786361694,-0.5047492682933807,-0.0423700213432312,-0.2946021556854248,-0.04941433668136597,-0.4183211326599121,-0.05168825387954712,-0.4932102560997009,-0.053051769733428955,-0.5567780137062073,-0.006591200828552246,-0.28960561752319336,-0.005779564380645752,-0.408712774515152,-0.0050931572914123535,-0.4812859892845154,-0.005612790584564209,-0.5453872084617615,0.030353665351867676,-0.26253077387809753,0.05261629819869995,-0.3458748161792755,0.06966519355773926,-0.40158483386039734,0.08384573459625244,-0.4534144997596741,OPEN_PALM
0.0,0.0,-0.05699068307876587,-0.03397458791732788,-0.1115313172340393,-0.1101069450378418,-0.15330585837364197,-0.17925918102264404,-0.18851524591445923,-0.22360223531723022,-0.07668763399124146,-0.2738834321498871,-0.09282338619232178,-0.3834102749824524,-0.09990417957305908,-0.4518359303474426,-0.10385525226593018,-0.5110766291618347,-0.04082381725311279,-0.296289324760437,-0.04751688241958618,-0.42162781953811646,-0.04858976602554321,-0.49818217754364014,-0.04858899116516113,-0.5614093542098999,-0.00438457727432251,-0.29166749119758606,-0.004394471645355225,-0.4117962419986725,-0.003336608409881592,-0.4845825433731079,-0.003453671932220459,-0.5465080440044403,0.033420443534851074,-0.2653622627258301,0.05650675296783447,-0.350089967250824,0.0743904709815979,-0.4048914611339569,0.0895569920539856,-0.45407915115356445,OPEN_PALM
0.0,0.0,-0.05651497840881348,-0.03311264514923096,-0.11051487922668457,-0.10830968618392944,-0.15136438608169556,-0.1796017289161682,-0.18586403131484985,-0.22288179397583008,-0.07077103853225708,-0.2687980532646179,-0.08644014596939087,-0.379866361618042,-0.09269750118255615,-0.4488072991371155,-0.09553182125091553,-0.5070866048336029,-0.035104215145111084,-0.28869545459747314,-0.042036473751068115,-0.4158865213394165,-0.04303508996963501,-0.49236154556274414,-0.04210633039474487,-0.5537190437316895,0.0012497901916503906,-0.2817024290561676,0.002194344997406006,-0.4052482545375824,0.0036680102348327637,-0.4783843755722046,0.004342555999755859,-0.5386590659618378,0.03931063413619995,-0.25209328532218933,0.06318151950836182,-0.3328884243965149,0.07969820499420166,-0.3876491189002991,0.09349203109741211,-0.43753668665885925,OPEN_PALM
0.0,0.0,-0.0559086799621582,-0.02711331844329834,-0.11002105474472046,-0.09977948665618896,-0.1500583291053772,-0.17095166444778442,-0.18494194746017456,-0.21705496311187744,-0.07108813524246216,-0.26194530725479126,-0.08847701549530029,-0.3718166947364807,-0.0957675576210022,-0.4412824213504791,-0.09988856315612793,-0.5007003247737885,-0.03592878580093384,-0.2841716706752777,-0.04296743869781494,-0.411271870136261,-0.04371076822280884,-0.4900768995285034,-0.042825937271118164,-0.5558074116706848,-0.00032085180282592773,-0.27812010049819946,0.0005854964256286621,-0.4026988744735718,0.0019845962524414062,-0.4787721037864685,0.002997279167175293,-0.5440788865089417,0.037146031856536865,-0.24868983030319214,0.06618952751159668,-0.3289065957069397,0.08785974979400635,-0.38445430994033813,0.10648703575134277,-0.4360017776489258,OPEN_PALM
0.0,0.0,-0.05118989944458008,-0.042717933654785156,-0.09621191024780273,-0.12706667184829712,-0.1304713487625122,-0.1990026831626892,-0.1632786989212036,-0.24321472644805908,-0.052757441997528076,-0.2703285813331604,-0.06678283214569092,-0.37959539890289307,-0.07578158378601074,-0.4471651017665863,-0.08193933963775635,-0.5070051550865173,-0.018245577812194824,-0.28343331813812256,-0.020475029945373535,-0.41024625301361084,-0.02220076322555542,-0.4891217350959778,-0.024038374423980713,-0.5574312210083008,0.01514291763305664,-0.2699130177497864,0.019756734371185303,-0.3918025493621826,0.019709110260009766,-0.4679085314273834,0.01805567741394043,-0.5356951057910919,0.047569870948791504,-0.23671597242355347,0.07419353723526001,-0.31523942947387695,0.09361386299133301,-0.36998251080513,0.11024349927902222,-0.42273038625717163,OPEN_PALM
0.0,0.0,-0.04665344953536987,-0.052088916301727295,-0.08466172218322754,-0.14358168840408325,-0.11221098899841309,-0.21428585052490234,-0.14005643129348755,-0.26021361351013184,-0.04091477394104004,-0.26965656876564026,-0.05327010154724121,-0.3756214678287506,-0.06228601932525635,-0.4402956962585449,-0.06929314136505127,-0.4973677694797516,-0.009854376316070557,-0.27731853723526,-0.01155918836593628,-0.3997049927711487,-0.014042913913726807,-0.47556376457214355,-0.016773879528045654,-0.5406831800937653,0.02016967535018921,-0.26101261377334595,0.02619725465774536,-0.3793400526046753,0.026965200901031494,-0.4548698365688324,0.026013195514678955,-0.5221372842788696,0.04899859428405762,-0.22565466165542603,0.07683229446411133,-0.2987897992134094,0.09817135334014893,-0.3504864573478699,0.11656790971755981,-0.40025460720062256,OPEN_PALM
0.0,0.0,-0.04531377553939819,-0.05000770092010498,-0.08295750617980957,-0.13745737075805664,-0.11108285188674927,-0.20134902000427246,-0.13874250650405884,-0.24310436844825745,-0.04351431131362915,-0.2543795704841614,-0.060009121894836426,-0.3490423560142517,-0.07138270139694214,-0.40721240639686584,-0.08165234327316284,-0.4583216607570648,-0.012632787227630615,-0.2616954743862152,-0.017545223236083984,-0.37063783407211304,-0.023487329483032227,-0.43872201442718506,-0.03030794858932495,-0.4969192445278168,0.01751929521560669,-0.24392911791801453,0.023492932319641113,-0.3493257761001587,0.024099349975585938,-0.4208318293094635,0.022303223609924316,-0.4844895303249359,0.04537910223007202,-0.2055884599685669,0.07284492254257202,-0.26985085010528564,0.09260237216949463,-0.3157320022583008,0.10836708545684814,-0.35914310812950134,OPEN_PALM
0.0,0.0,-0.042871177196502686,-0.04673069715499878,-0.07789438962936401,-0.12958300113677979,-0.1047791838645935,-0.18740618228912354,-0.1308160424232483,-0.22561368346214294,-0.04370307922363281,-0.2325451374053955,-0.06266367435455322,-0.315059632062912,-0.0774463415145874,-0.36403656005859375,-0.09118914604187012,-0.4059329628944397,-0.015178918838500977,-0.24087834358215332,-0.021245360374450684,-0.3383570909500122,-0.029951095581054688,-0.39850538969039917,-0.0390019416809082,-0.44945764541625977,0.012444674968719482,-0.22465553879737854,0.018558144569396973,-0.31828808784484863,0.01839965581893921,-0.3825569748878479,0.016524791717529297,-0.44008520245552063,0.03714644908905029,-0.18746799230575562,0.06489366292953491,-0.24286189675331116,0.08346867561340332,-0.2844979166984558,0.09851580858230591,-0.32499340176582336,OPEN_PALM
0.0,0.0,-0.040693044662475586,-0.04322159290313721,-0.07220244407653809,-0.1232529878616333,-0.09710419178009033,-0.17925220727920532,-0.1228300929069519,-0.21500247716903687,-0.04231947660446167,-0.2114710807800293,-0.0633699893951416,-0.28371742367744446,-0.08098757266998291,-0.32181864976882935,-0.09950381517410278,-0.35409384965896606,-0.01610100269317627,-0.21700680255889893,-0.024854004383087158,-0.3025978207588196,-0.03828930854797363,-0.3520854115486145,-0.053185343742370605,-0.3931976556777954,0.010179877281188965,-0.19910073280334473,0.011211812496185303,-0.28367218375205994,0.0048882365226745605,-0.33914148807525635,-0.0030083060264587402,-0.3897477388381958,0.03377735614776611,-0.16210132837295532,0.0535617470741272,-0.2129915952682495,0.0660707950592041,-0.25096744298934937,0.07592320442199707,-0.28848379850387573,OPEN_PALM
0.0,0.0,-0.04248768091201782,-0.04100221395492554,-0.07466930150985718,-0.11609899997711182,-0.10098421573638916,-0.17339807748794556,-0.12791234254837036,-0.21003907918930054,-0.042832374572753906,-0.21054542064666748,-0.06150484085083008,-0.28031373023986816,-0.07618904113769531,-0.31830334663391113,-0.09075546264648438,-0.3509793281555176,-0.013650178909301758,-0.22147387266159058,-0.020698189735412598,-0.3043327331542969,-0.029809117317199707,-0.3532700538635254,-0.040151894092559814,-0.3950459361076355,0.014984965324401855,-0.20951247215270996,0.018370449542999268,-0.29056936502456665,0.01619565486907959,-0.3447248041629791,0.012202262878417969,-0.39500442147254944,0.040618300437927246,-0.17784196138381958,0.06261396408081055,-0.22948423027992249,0.07760334014892578,-0.266610711812973,0.08925163745880127,-0.3021210730075836,OPEN_PALM
0.0,0.0,-0.045030951499938965,-0.034108638763427734,-0.07883226871490479,-0.1103087067604065,-0.10358810424804688,-0.17433667182922363,-0.12917602062225342,-0.21437793970108032,-0.0454634428024292,-0.22533243894577026,-0.05393850803375244,-0.30064213275909424,-0.0571058988571167,-0.34737151861190796,-0.058135032653808594,-0.38828837871551514,-0.01332235336303711,-0.23979264497756958,-0.010052502155303955,-0.3364548981189728,-0.006251931190490723,-0.39641135931015015,-0.0032693147659301758,-0.44707608222961426,0.016949176788330078,-0.23026716709136963,0.027367591857910156,-0.32528001070022583,0.0354151725769043,-0.38369908928871155,0.040632426738739014,-0.4365224242210388,0.04498177766799927,-0.20197749137878418,0.0726885199546814,-0.26737114787101746,0.09366011619567871,-0.30810239911079407,0.11029410362243652,-0.3451420068740845,OPEN_PALM
0.0,0.0,-0.04190784692764282,-0.04201382398605347,-0.07305961847305298,-0.1218615174293518,-0.09472829103469849,-0.18764728307724,-0.11626297235488892,-0.23193615674972534,-0.036915481090545654,-0.2467307448387146,-0.03714686632156372,-0.33302685618400574,-0.03202509880065918,-0.3847314119338989,-0.023861229419708252,-0.42803680896759033,-0.003629922866821289,-0.2592291831970215,0.006624102592468262,-0.36532896757125854,0.01791846752166748,-0.42892932891845703,0.0292777419090271,-0.4808879792690277,0.0263826847076416,-0.24696075916290283,0.04369848966598511,-0.34848761558532715,0.05781763792037964,-0.41026443243026733,0.06986409425735474,-0.463487446308136,0.05454373359680176,-0.21373462677001953,0.08603376150131226,-0.2808205485343933,0.10951703786849976,-0.32056793570518494,0.12880957126617432,-0.3568722903728485,OPEN_PALM
0.0,0.0,-0.03852498531341553,-0.05014646053314209,-0.06242859363555908,-0.13848936557769775,-0.07224589586257935,-0.20970988273620605,-0.08744978904724121,-0.2611760199069977,-0.015210866928100586,-0.2573452591896057,-0.006273388862609863,-0.34932035207748413,0.007832348346710205,-0.40237128734588623,0.024517536163330078,-0.44312405586242676,0.017844080924987793,-0.26091840863227844,0.03819018602371216,-0.3686988651752472,0.058268189430236816,-0.4325353503227234,0.07792729139328003,-0.48168063163757324,0.045785605907440186,-0.24178767204284668,0.07226240634918213,-0.3461962044239044,0.09302467107772827,-0.4067070782184601,0.11193686723709106,-0.4570358395576477,0.07137191295623779,-0.20128512382507324,0.11100250482559204,-0.26383429765701294,0.14075011014938354,-0.29988768696784973,0.16661977767944336,-0.3321296274662018,OPEN_PALM
0.0,0.0,-0.03244173526763916,-0.06881392002105713,-0.04276394844055176,-0.16788113117218018,-0.03504180908203125,-0.245175302028656,-0.0359727144241333,-0.30963271856307983,0.02896273136138916,-0.26045462489128113,0.05684751272201538,-0.35366618633270264,0.08162069320678711,-0.40364670753479004,0.1069294810295105,-0.44039714336395264,0.06433999538421631,-0.24283456802368164,0.1061888337135315,-0.3424775004386902,0.13967788219451904,-0.4010470509529114,0.17105674743652344,-0.44567614793777466,0.08913224935531616,-0.20422261953353882,0.13750410079956055,-0.2856578826904297,0.17356592416763306,-0.334933876991272,0.20598864555358887,-0.3759136497974396,0.10669898986816406,-0.14611077308654785,0.1589888334274292,-0.17441415786743164,0.19619601964950562,-0.1916254758834839,0.22945892810821533,-0.2095373272895813,OPEN_PALM
0.0,0.0,-0.025728821754455566,-0.08451491594314575,-0.02342921495437622,-0.1913050413131714,-0.007447779178619385,-0.2682610750198364,-0.005305051803588867,-0.33241748809814453,0.06602174043655396,-0.24627694487571716,0.10925960540771484,-0.3282400369644165,0.14114224910736084,-0.3753432035446167,0.17123281955718994,-0.4124058485031128,0.09898406267166138,-0.21149125695228577,0.15972113609313965,-0.2903177738189697,0.20241737365722656,-0.3350893259048462,0.24105817079544067,-0.37144964933395386,0.11774373054504395,-0.16176515817642212,0.1809573769569397,-0.22199514508247375,0.2243594527244568,-0.2588062286376953,0.26262974739074707,-0.291659951210022,0.12602633237838745,-0.09777796268463135,0.1857447624206543,-0.10612475872039795,0.2266228199005127,-0.10589706897735596,0.2627338171005249,-0.11021053791046143,OPEN_PALM
0.0,0.0,-0.01961439847946167,-0.09296482801437378,-0.010945677757263184,-0.2023608386516571,0.008189022541046143,-0.2877318263053894,0.012916743755340576,-0.36094173789024353,0.08441352844238281,-0.24235081672668457,0.13665521144866943,-0.3198971748352051,0.1722278594970703,-0.3643835484981537,0.20471125841140747,-0.3973044753074646,0.11434394121170044,-0.1994262933731079,0.18250614404678345,-0.2692919075489044,0.2282593846321106,-0.3075296878814697,0.2683475613594055,-0.3356403112411499,0.12939172983169556,-0.14391136169433594,0.19883781671524048,-0.19124752283096313,0.24524545669555664,-0.22030684351921082,0.28551942110061646,-0.24538570642471313,0.13258486986160278,-0.07649028301239014,0.1921510100364685,-0.07148236036300659,0.23297619819641113,-0.06468266248703003,0.26926082372665405,-0.06271827220916748,OPEN_PALM
0.0,0.0,-0.01361316442489624,-0.09796828031539917,0.001030266284942627,-0.20779475569725037,0.02307450771331787,-0.29180485010147095,0.030884981155395508,-0.36492788791656494,0.0964629054069519,-0.22923362255096436,0.15265947580337524,-0.300692617893219,0.19078731536865234,-0.3417443633079529,0.22533339262008667,-0.37256184220314026,0.12428444623947144,-0.182693749666214,0.19454807043075562,-0.24512991309165955,0.2425650954246521,-0.2793874442577362,0.28490233421325684,-0.30484920740127563,0.13693898916244507,-0.12520134449005127,0.20728230476379395,-0.16772568225860596,0.25528043508529663,-0.19095951318740845,0.29679447412490845,-0.21081453561782837,0.13756680488586426,-0.05702739953994751,0.1970539689064026,-0.04566669464111328,0.2373448610305786,-0.03294050693511963,0.2727658748626709,-0.025244414806365967,OPEN_PALM
0.0,0.0,-0.010718464851379395,-0.09948766231536865,0.008055508136749268,-0.20590418577194214,0.03428465127944946,-0.2873319089412689,0.046617746353149414,-0.361244261264801,0.10735398530960083,-0.21830394864082336,0.16731339693069458,-0.28363102674484253,0.20775151252746582,-0.3183228671550751,0.24358081817626953,-0.3423960208892822,0.1327049732208252,-0.1678258776664734,0.2059636116027832,-0.2201130986213684,0.25440412759780884,-0.24845361709594727,0.29664283990859985,-0.26901572942733765,0.1421055793762207,-0.10963195562362671,0.21492832899093628,-0.1437942385673523,0.262203574180603,-0.1611502766609192,0.3031344413757324,-0.17632490396499634,0.13913553953170776,-0.04224425554275513,0.19773191213607788,-0.0255354642868042,0.23695379495620728,-0.010329782962799072,0.27176040410995483,-0.0005242824554443359,OPEN_PALM
0.0,0.0,-0.012214958667755127,-0.09184348583221436,0.0011532902717590332,-0.19657167792320251,0.02375483512878418,-0.2788219451904297,0.03287959098815918,-0.35016363859176636,0.09691762924194336,-0.21748703718185425,0.15393972396850586,-0.2826228141784668,0.19289714097976685,-0.3193567991256714,0.2286900281906128,-0.3457285463809967,0.12411737442016602,-0.17373299598693848,0.19249778985977173,-0.23215341567993164,0.2385055422782898,-0.2641490399837494,0.2799896001815796,-0.28750336170196533,0.13652676343917847,-0.11910814046859741,0.20559006929397583,-0.15839499235153198,0.25031518936157227,-0.18049222230911255,0.2895016074180603,-0.19864743947982788,0.13645684719085693,-0.05472797155380249,0.19301068782806396,-0.04921746253967285,0.23111921548843384,-0.03982335329055786,0.26545703411102295,-0.033337175846099854,OPEN_PALM
0.0,0.0,-0.01630932092666626,-0.09384071826934814,-0.008885502815246582,-0.201625257730484,0.008163809776306152,-0.2838195562362671,0.013015449047088623,-0.35203754901885986,0.08559274673461914,-0.23410633206367493,0.13368374109268188,-0.30947044491767883,0.16667795181274414,-0.35543233156204224,0.19649344682693481,-0.38974320888519287,0.11458957195281982,-0.19508707523345947,0.17805814743041992,-0.2598433494567871,0.22034519910812378,-0.2995372414588928,0.25748175382614136,-0.32913804054260254,0.12967979907989502,-0.14429467916488647,0.19256377220153809,-0.19140025973320007,0.23311865329742432,-0.22457930445671082,0.2684135437011719,-0.2513800263404846,0.1334390640258789,-0.0823020339012146,0.18609124422073364,-0.0837852954864502,0.22234857082366943,-0.08336383104324341,0.2549549341201782,-0.08367002010345459,OPEN_PALM
0.0,0.0,-0.0264132022857666,-0.08436799049377441,-0.02962583303451538,-0.1942576766014099,-0.025398671627044678,-0.27930963039398193,-0.03188002109527588,-0.34205788373947144,0.05030703544616699,-0.2570604085922241,0.08397984504699707,-0.34744808077812195,0.10706079006195068,-0.40117737650871277,0.1290687918663025,-0.44189587235450745,0.08155840635299683,-0.23026585578918457,0.12986880540847778,-0.31903621554374695,0.16261738538742065,-0.37155014276504517,0.19204092025756836,-0.4119774252176285,0.10177308320999146,-0.1874370574951172,0.15442413091659546,-0.26015859842300415,0.18849843740463257,-0.305414080619812,0.21824431419372559,-0.34312522411346436,0.11333000659942627,-0.12991708517074585,0.16375339031219482,-0.15191420912742615,0.19918543100357056,-0.16330033540725708,0.23099803924560547,-0.17440438270568848,OPEN_PALM
0.0,0.0,-0.03439301252365112,-0.07753610610961914,-0.046923816204071045,-0.1815926432609558,-0.05018806457519531,-0.2648565173149109,-0.061370670795440674,-0.326602041721344,0.02694225311279297,-0.2608552873134613,0.05170547962188721,-0.3535979390144348,0.06828439235687256,-0.4112710654735565,0.0846220850944519,-0.4581669569015503,0.060324788093566895,-0.24113956093788147,0.09962970018386841,-0.33589568734169006,0.12617391347885132,-0.39514346420764923,0.14994174242019653,-0.44338880479335785,0.08404356241226196,-0.20349758863449097,0.12763267755508423,-0.2821059823036194,0.15571975708007812,-0.33327579498291016,0.18010848760604858,-0.3786981701850891,0.10022604465484619,-0.15095937252044678,0.14692622423171997,-0.18337932229042053,0.17936015129089355,-0.20351597666740417,0.20822668075561523,-0.2240552008152008,OPEN_PALM
0.0,0.0,-0.04066425561904907,-0.06887048482894897,-0.05875629186630249,-0.17015361785888672,-0.06484195590019226,-0.2535957098007202,-0.07972568273544312,-0.31546542048454285,0.010634779930114746,-0.25876808166503906,0.028206229209899902,-0.3564108610153198,0.04044449329376221,-0.41571253538131714,0.05358779430389404,-0.46549974381923676,0.04416203498840332,-0.24444147944450378,0.07699388265609741,-0.3451352119445801,0.098987877368927,-0.40803857147693634,0.11860483884811401,-0.45963381230831146,0.06855529546737671,-0.2112526297569275,0.1075013279914856,-0.29519835114479065,0.13227975368499756,-0.349545419216156,0.15341997146606445,-0.398699015378952,0.08652842044830322,-0.16287410259246826,0.12852728366851807,-0.20337671041488647,0.15735650062561035,-0.22973394393920898,0.18266195058822632,-0.2562222182750702,OPEN_PALM
0.0,0.0,-0.04143041372299194,-0.06015735864639282,-0.06354480981826782,-0.1572839319705963,-0.07361134886741638,-0.2399892807006836,-0.0897999107837677,-0.30092450976371765,0.0012195110321044922,-0.25716322660446167,0.01446998119354248,-0.3542606234550476,0.024975895881652832,-0.41360044479370117,0.03684079647064209,-0.46351879835128784,0.03465944528579712,-0.24783796072006226,0.06321543455123901,-0.35116878151893616,0.0832146406173706,-0.41495510935783386,0.10103559494018555,-0.4666994661092758,0.06018322706222534,-0.21809694170951843,0.0957421064376831,-0.30468428134918213,0.11872327327728271,-0.36196452379226685,0.1381770372390747,-0.41318272054195404,0.08013045787811279,-0.17198634147644043,0.12242913246154785,-0.21800124645233154,0.15208148956298828,-0.24684855341911316,0.17765963077545166,-0.27528828382492065,OPEN_PALM
0.0,0.0,-0.04610466957092285,-0.05477684736251831,-0.07536587119102478,-0.14604675769805908,-0.09121242165565491,-0.2241932451725006,-0.1109689474105835,-0.2772477865219116,-0.015674471855163574,-0.25522348284721375,-0.009113132953643799,-0.35403770208358765,-0.003549039363861084,-0.4147619605064392,0.00370633602142334,-0.4664599299430847,0.017831385135650635,-0.2516552805900574,0.03856825828552246,-0.3569236397743225,0.053181231021881104,-0.4238184094429016,0.06657510995864868,-0.4798361659049988,0.04449182748794556,-0.22712451219558716,0.07265257835388184,-0.32063955068588257,0.0898592472076416,-0.3819690942764282,0.10430079698562622,-0.4369630366563797,0.06678986549377441,-0.1865016520023346,0.10390251874923706,-0.23902201652526855,0.1296139359474182,-0.27518048882484436,0.15217649936676025,-0.3103080987930298,OPEN_PALM
0.0,0.0,-0.04757195711135864,-0.03992283344268799,-0.0849553644657135,-0.12281394004821777,-0.10814228653907776,-0.19715780019760132,-0.1316741406917572,-0.24503853917121887,-0.03768503665924072,-0.24783459305763245,-0.04190641641616821,-0.3473178744316101,-0.04355263710021973,-0.4090771973133087,-0.04297691583633423,-0.46233417093753815,-0.004994571208953857,-0.25470077991485596,0.004832088947296143,-0.36645013093948364,0.011797308921813965,-0.43655483424663544,0.018099308013916016,-0.4959487020969391,0.023810386657714844,-0.23845136165618896,0.039787471294403076,-0.3440813422203064,0.048088133335113525,-0.4086504131555557,0.05478864908218384,-0.46595755219459534,0.05033367872238159,-0.20420733094215393,0.08139413595199585,-0.2709125876426697,0.10352599620819092,-0.3154226839542389,0.12279462814331055,-0.35786718130111694,OPEN_PALM
0.0,0.0,-0.04929637908935547,-0.02944624423980713,-0.09455102682113647,-0.09959465265274048,-0.12694790959358215,-0.1617477834224701,-0.1557028591632843,-0.20312541723251343,-0.06319564580917358,-0.2365337610244751,-0.07970738410949707,-0.3309757709503174,-0.08892324566841125,-0.38951289653778076,-0.09472382068634033,-0.4410906881093979,-0.0320400595664978,-0.25453585386276245,-0.03694361448287964,-0.3651365637779236,-0.03947710990905762,-0.4354279786348343,-0.041275084018707275,-0.4949081242084503,-0.0014136433601379395,-0.24745532870292664,0.0014439225196838379,-0.35502880811691284,0.0023392438888549805,-0.42095646262168884,0.0021811723709106445,-0.48014283180236816,0.028710246086120605,-0.22184234857559204,0.050459325313568115,-0.29644227027893066,0.06607317924499512,-0.3472856879234314,0.0791856050491333,-0.3955463469028473,OPEN_PALM
0.0,0.0,-0.050173401832580566,-0.014228343963623047,-0.1012653112411499,-0.06844490766525269,-0.13941067457199097,-0.11920726299285889,-0.1729251742362976,-0.14326989650726318,-0.08350753784179688,-0.21360081434249878,-0.10903897881507874,-0.3006046414375305,-0.1236729621887207,-0.3554629683494568,-0.13423609733581543,-0.4047279953956604,-0.05537974834442139,-0.24045556783676147,-0.07242393493652344,-0.34702566266059875,-0.08213680982589722,-0.4137470871210098,-0.08983513712882996,-0.47097840905189514,-0.024193286895751953,-0.24267953634262085,-0.03458201885223389,-0.34770768880844116,-0.0422210693359375,-0.4125946909189224,-0.04936933517456055,-0.4708319306373596,0.009237110614776611,-0.2264481484889984,0.02188718318939209,-0.30573770403862,0.03128093481063843,-0.36037343740463257,0.038842618465423584,-0.41195739805698395,OPEN_PALM
0.0,0.0,-0.049830734729766846,-0.004463493824005127,-0.10435280203819275,-0.046358346939086914,-0.14666631817817688,-0.08715200424194336,-0.18227407336235046,-0.1092347502708435,-0.09775182604789734,-0.19396254420280457,-0.12933680415153503,-0.27608639001846313,-0.14800536632537842,-0.32792752981185913,-0.1623978614807129,-0.3746294379234314,-0.07061010599136353,-0.2274225950241089,-0.09596434235572815,-0.32965749502182007,-0.11137324571609497,-0.39428339898586273,-0.12414845824241638,-0.4497496485710144,-0.03874623775482178,-0.23698440194129944,-0.05561858415603638,-0.33753877878189087,-0.06769698858261108,-0.40229348838329315,-0.07926690578460693,-0.4603126645088196,-0.00372159481048584,-0.22766175866127014,0.0059171319007873535,-0.30747514963150024,0.013354361057281494,-0.3634621202945709,0.01866203546524048,-0.4156818240880966,OPEN_PALM
0.0,0.0,-0.05024242401123047,0.00396883487701416,-0.10661378502845764,-0.0305749773979187,-0.15112453699111938,-0.06501418352127075,-0.18837976455688477,-0.0784604549407959,-0.1088828444480896,-0.1781829297542572,-0.1446053683757782,-0.25434401631355286,-0.1656804382801056,-0.3034696578979492,-0.18195849657058716,-0.348840594291687,-0.08373445272445679,-0.21668744087219238,-0.11402156949043274,-0.31482648849487305,-0.13220539689064026,-0.3770681470632553,-0.1473636031150818,-0.4311275780200958,-0.052444636821746826,-0.23191678524017334,-0.07504606246948242,-0.33095818758010864,-0.09038388729095459,-0.39301154017448425,-0.10473993420600891,-0.44890284538269043,-0.016771376132965088,-0.2287409007549286,-0.011378049850463867,-0.3110981285572052,-0.006364762783050537,-0.3688189387321472,-0.003295421600341797,-0.42233605682849884,OPEN_PALM
0.0,0.0,-0.051178157329559326,0.016182541847229004,-0.1128990650177002,-0.005980551242828369,-0.16254669427871704,-0.028717100620269775,-0.2018161416053772,-0.03157973289489746,-0.12268427014350891,-0.15547502040863037,-0.16451475024223328,-0.2225569784641266,-0.18925195932388306,-0.2670232951641083,-0.20876818895339966,-0.30806392431259155,-0.10014230012893677,-0.1998073160648346,-0.1373302936553955,-0.29049554467201233,-0.16021981835365295,-0.3483525514602661,-0.1798076033592224,-0.3988673537969589,-0.06948089599609375,-0.22206920385360718,-0.09894073009490967,-0.3156629204750061,-0.11871474981307983,-0.37402670085430145,-0.13723993301391602,-0.42617160081863403,-0.03341197967529297,-0.22684872150421143,-0.0345081090927124,-0.3105865716934204,-0.03428339958190918,-0.3692382574081421,-0.03539377450942993,-0.4228708744049072,OPEN_PALM
0.0,0.0,-0.052807629108428955,0.017186641693115234,-0.11485642194747925,-0.004131019115447998,-0.1642044186592102,-0.027251482009887695,-0.20293068885803223,-0.0330500602722168,-0.1251339614391327,-0.1545710265636444,-0.16848954558372498,-0.22295820713043213,-0.19404685497283936,-0.2685897648334503,-0.21445897221565247,-0.3108583688735962,-0.10217303037643433,-0.2007339894771576,-0.1402132213115692,-0.2919100821018219,-0.16390016674995422,-0.3513925075531006,-0.18419790267944336,-0.40312184393405914,-0.07165956497192383,-0.22504881024360657,-0.10201370716094971,-0.31819358468055725,-0.12218180298805237,-0.37738417088985443,-0.1411890983581543,-0.42979124188423157,-0.035347938537597656,-0.23168879747390747,-0.03758949041366577,-0.3160640597343445,-0.03802013397216797,-0.3743467479944229,-0.039934396743774414,-0.42785218358039856,OPEN_PALM
0.0,0.0,-0.05479025840759277,0.014467000961303711,-0.11747103929519653,-0.010539710521697998,-0.16895747184753418,-0.03591322898864746,-0.21016404032707214,-0.04367530345916748,-0.1259731948375702,-0.1702842116355896,-0.16907745599746704,-0.2448345124721527,-0.1944471299648285,-0.2940242290496826,-0.21446222066879272,-0.33989453315734863,-0.10072827339172363,-0.2164497673511505,-0.13723689317703247,-0.31486645340919495,-0.15993943810462952,-0.38005757331848145,-0.17948046326637268,-0.4372093081474304,-0.06836241483688354,-0.23906877636909485,-0.09674537181854248,-0.3390995264053345,-0.11634254455566406,-0.4013272225856781,-0.1350823938846588,-0.45663633942604065,-0.030830442905426025,-0.2430536150932312,-0.03060781955718994,-0.3324556052684784,-0.029808461666107178,-0.39412054419517517,-0.03082263469696045,-0.4507375657558441,OPEN_PALM
0.0,0.0,-0.05906039476394653,0.02224266529083252,-0.12566858530044556,-0.0009506940841674805,-0.17895448207855225,-0.026712000370025635,-0.2200215756893158,-0.029578864574432373,-0.13963952660560608,-0.1697394847869873,-0.18435519933700562,-0.24702119827270508,-0.21344906091690063,-0.29845067858695984,-0.23677998781204224,-0.3458133935928345,-0.11256188154220581,-0.22296717762947083,-0.15314161777496338,-0.32738643884658813,-0.17880335450172424,-0.39571256935596466,-0.2011512815952301,-0.45733168721199036,-0.07713866233825684,-0.24972057342529297,-0.10921066999435425,-0.3579164743423462,-0.1305505931377411,-0.4262803941965103,-0.15068280696868896,-0.48762840032577515,-0.03543442487716675,-0.25560498237609863,-0.035434722900390625,-0.3535226285457611,-0.03401684761047363,-0.42177438735961914,-0.0344926118850708,-0.48389872908592224,OPEN_PALM
0.0,0.0,-0.06104922294616699,0.030270934104919434,-0.12731274962425232,0.021910369396209717,-0.18158751726150513,0.01184612512588501,-0.22332292795181274,0.016143500804901123,-0.16266587376594543,-0.16338276863098145,-0.21712720394134521,-0.23890167474746704,-0.2519606351852417,-0.28558459877967834,-0.28157326579093933,-0.32549840211868286,-0.13566818833351135,-0.22462347149848938,-0.18639621138572693,-0.3345704674720764,-0.21850800514221191,-0.4058067500591278,-0.24722573161125183,-0.46822425723075867,-0.09786295890808105,-0.26017606258392334,-0.1383647918701172,-0.37094026803970337,-0.16606450080871582,-0.4431428611278534,-0.19135135412216187,-0.5072340965270996,-0.05041146278381348,-0.2743338644504547,-0.055213093757629395,-0.3804592490196228,-0.05701875686645508,-0.45482197403907776,-0.06016421318054199,-0.5214576721191406,OPEN_PALM
0.0,0.0,-0.06582725048065186,0.038202106952667236,-0.13748610019683838,0.03789043426513672,-0.2002926468849182,0.0355684757232666,-0.2554117441177368,0.03893578052520752,-0.17415589094161987,-0.16510874032974243,-0.23588895797729492,-0.24367916584014893,-0.27679014205932617,-0.2955577075481415,-0.309190571308136,-0.34359031915664673,-0.14607366919517517,-0.23309367895126343,-0.2015291154384613,-0.3479154109954834,-0.23773223161697388,-0.4277985692024231,-0.2702690660953522,-0.5021830499172211,-0.10718128085136414,-0.2735844850540161,-0.14765533804893494,-0.39205724000930786,-0.17905008792877197,-0.4730701744556427,-0.209783136844635,-0.5470799207687378,-0.05856156349182129,-0.2889645993709564,-0.05814152956008911,-0.40518903732299805,-0.05921584367752075,-0.4881916046142578,-0.06335824728012085,-0.5620572566986084,OPEN_PALM
0.0,0.0,-0.07208281755447388,0.028195858001708984,-0.1501237154006958,0.015918493270874023,-0.21720027923583984,-0.0014910697937011719,-0.274954617023468,-0.0036103129386901855,-0.1726299524307251,-0.2008468210697174,-0.2325756549835205,-0.29692721366882324,-0.271418958902359,-0.35969042778015137,-0.3020058572292328,-0.4201279282569885,-0.13879820704460144,-0.2687961161136627,-0.19063019752502441,-0.40214574337005615,-0.22470465302467346,-0.4928082525730133,-0.254877507686615,-0.5774883031845093,-0.09531840682029724,-0.3044598698616028,-0.1300729513168335,-0.44040238857269287,-0.15795809030532837,-0.5326902270317078,-0.18469715118408203,-0.6181186437606812,-0.043329834938049316,-0.31108957529067993,-0.03374361991882324,-0.4324679970741272,-0.029588758945465088,-0.5198563933372498,-0.029805660247802734,-0.5991836488246918,OPEN_PALM
0.0,0.0,-0.0791875422000885,0.023346304893493652,-0.16072604060173035,-0.011189281940460205,-0.22505155205726624,-0.04840433597564697,-0.2806800901889801,-0.04757899045944214,-0.1676475703716278,-0.2378004789352417,-0.21945258975028992,-0.3483363687992096,-0.25224295258522034,-0.4209691882133484,-0.27807775139808655,-0.48701584339141846,-0.12765055894851685,-0.3004407584667206,-0.1696481704711914,-0.44653379917144775,-0.19862627983093262,-0.5433040261268616,-0.22327107191085815,-0.6294460892677307,-0.08008381724357605,-0.32633596658706665,-0.10684052109718323,-0.4743426442146301,-0.12882041931152344,-0.5711782872676849,-0.14959058165550232,-0.6591937243938446,-0.025663137435913086,-0.3196430504322052,-0.0068808794021606445,-0.43978339433670044,0.004006564617156982,-0.5230686366558075,0.010521769523620605,-0.5998009443283081,OPEN_PALM
0.0,0.0,-0.08033648133277893,-0.007915794849395752,-0.1581939458847046,-0.07895225286483765,-0.2177637815475464,-0.1407669186592102,-0.2715018391609192,-0.16036826372146606,-0.13355696201324463,-0.30407795310020447,-0.17223882675170898,-0.43519386649131775,-0.19665852189064026,-0.5207844227552414,-0.21386092901229858,-0.595795065164566,-0.08486324548721313,-0.34769847989082336,-0.11044657230377197,-0.5082896202802658,-0.12800514698028564,-0.6168458759784698,-0.14135336875915527,-0.7137487828731537,-0.033149898052215576,-0.350115567445755,-0.04133486747741699,-0.5085804909467697,-0.049104660749435425,-0.6129091084003448,-0.056156665086746216,-0.70784130692482,0.021066725254058838,-0.3159555494785309,0.05444002151489258,-0.4276310205459595,0.07443153858184814,-0.5061704367399216,0.09032392501831055,-0.5806882679462433,OPEN_PALM
0.0,0.0,-0.0732729434967041,-0.03362321853637695,-0.1328471601009369,-0.13076376914978027,-0.18365386128425598,-0.21024298667907715,-0.236327663064003,-0.251875638961792,-0.08408930897712708,-0.34109848737716675,-0.10521793365478516,-0.4859387278556824,-0.11864185333251953,-0.5784920156002045,-0.12658065557479858,-0.6607217192649841,-0.030416011810302734,-0.36545032262802124,-0.0308246910572052,-0.5341524183750153,-0.03187990188598633,-0.6445889174938202,-0.030901044607162476,-0.7431163489818573,0.019903361797332764,-0.34635797142982483,0.03716766834259033,-0.5052236914634705,0.04532730579376221,-0.6103121042251587,0.05199730396270752,-0.7075541913509369,0.0667184591293335,-0.290191650390625,0.11770641803741455,-0.382648766040802,0.15122705698013306,-0.44774067401885986,0.17886751890182495,-0.5107077360153198,OPEN_PALM
0.0,0.0,-0.06937217712402344,-0.05089867115020752,-0.12238231301307678,-0.15482652187347412,-0.1684781014919281,-0.23925840854644775,-0.2152300328016281,-0.29310595989227295,-0.059029966592788696,-0.3426620364189148,-0.06843066215515137,-0.4858037233352661,-0.07383045554161072,-0.5777277946472168,-0.07404398918151855,-0.6602573394775391,-0.004274100065231323,-0.3534753620624542,0.010232150554656982,-0.5146350860595703,0.01944825053215027,-0.6219108700752258,0.029643207788467407,-0.7198675274848938,0.04331791400909424,-0.3246348798274994,0.07455632090568542,-0.4679248332977295,0.0923180878162384,-0.5680970847606659,0.10774138569831848,-0.6624155640602112,0.08439138531684875,-0.2626029849052429,0.14222219586372375,-0.33868899941444397,0.18162491917610168,-0.3954557776451111,0.21520891785621643,-0.45334798097610474,OPEN_PALM
0.0,0.0,-0.06489691138267517,-0.04824715852737427,-0.11270937323570251,-0.14192461967468262,-0.14977702498435974,-0.22512346506118774,-0.18894463777542114,-0.28586018085479736,-0.04743519425392151,-0.3035430610179901,-0.05400502681732178,-0.4313003420829773,-0.058492690324783325,-0.5124394297599792,-0.05902627110481262,-0.5869366228580475,0.0015550851821899414,-0.31288713216781616,0.018408358097076416,-0.4612700939178467,0.030977964401245117,-0.5575278401374817,0.04485291242599487,-0.6451476514339447,0.04367399215698242,-0.28721895813941956,0.0743388831615448,-0.41980838775634766,0.09488669037818909,-0.5096595883369446,0.1136452853679657,-0.5949797630310059,0.08068135380744934,-0.23257935047149658,0.13213786482810974,-0.3043680489063263,0.1680111587047577,-0.35658812522888184,0.19901195168495178,-0.40994390845298767,OPEN_PALM
0.0,0.0,-0.06251055002212524,-0.03754812479019165,-0.1048174798488617,-0.1291612982749939,-0.1289997398853302,-0.20788860321044922,-0.16315510869026184,-0.25433945655822754,-0.041677653789520264,-0.26518821716308594,-0.04869234561920166,-0.36686623096466064,-0.052143871784210205,-0.4311292767524719,-0.053900331258773804,-0.49046194553375244,0.002147883176803589,-0.2763465940952301,0.016451209783554077,-0.40261733531951904,0.028182923793792725,-0.4815312325954437,0.04051432013511658,-0.5520179569721222,0.03933402895927429,-0.25468549132347107,0.06685414910316467,-0.36930811405181885,0.08574172854423523,-0.4390936493873596,0.10234788060188293,-0.506260871887207,0.07228514552116394,-0.20745986700057983,0.11684146523475647,-0.26865848898887634,0.14891120791435242,-0.30890536308288574,0.17656639218330383,-0.3512042760848999,OPEN_PALM
0.0,0.0,-0.04853790998458862,-0.03892838954925537,-0.0857965350151062,-0.11069613695144653,-0.11251872777938843,-0.17363381385803223,-0.1415654420852661,-0.21445924043655396,-0.034846752882003784,-0.23096150159835815,-0.03975337743759155,-0.31897681951522827,-0.040102094411849976,-0.3733115792274475,-0.03769847750663757,-0.4231610894203186,0.002308756113052368,-0.23703527450561523,0.01680666208267212,-0.3404494524002075,0.028692245483398438,-0.4035536050796509,0.04068726301193237,-0.4584678113460541,0.033103883266448975,-0.2163774073123932,0.059386610984802246,-0.31031090021133423,0.07707744836807251,-0.3693181574344635,0.09266102313995361,-0.42443618178367615,0.05870634317398071,-0.17557501792907715,0.09762120246887207,-0.22450435161590576,0.12516683340072632,-0.25877755880355835,0.14845293760299683,-0.2935263514518738,OPEN_PALM
0.0,0.0,-0.04265221953392029,-0.043388307094573975,-0.06985533237457275,-0.11978578567504883,-0.08812656998634338,-0.18713396787643433,-0.11309659481048584,-0.22989121079444885,-0.01878032088279724,-0.222782701253891,-0.01789042353630066,-0.3064624071121216,-0.015290617942810059,-0.35948610305786133,-0.010341793298721313,-0.40577447414398193,0.014708995819091797,-0.22362059354782104,0.03215581178665161,-0.3197004497051239,0.044462740421295166,-0.378692090511322,0.05653780698776245,-0.43069763481616974,0.041878581047058105,-0.20300108194351196,0.06771063804626465,-0.28962212800979614,0.0841628909111023,-0.34257739782333374,0.09852331876754761,-0.3917977511882782,0.06371378898620605,-0.1647816300392151,0.10057210922241211,-0.20658180117607117,0.12648123502731323,-0.2359538972377777,0.1483680009841919,-0.26610928773880005,OPEN_PALM
0.0,0.0,-0.04015016555786133,-0.04658854007720947,-0.06594818830490112,-0.12338364124298096,-0.08217677474021912,-0.18951570987701416,-0.10335218906402588,-0.22988665103912354,-0.01181495189666748,-0.2119191288948059,-0.008275330066680908,-0.2929908335208893,-0.003751039505004883,-0.34239643812179565,0.002496480941772461,-0.38605475425720215,0.020016074180603027,-0.20904606580734253,0.03983461856842041,-0.3001566529273987,0.05359894037246704,-0.35603952407836914,0.06673425436019897,-0.4044222831726074,0.045202016830444336,-0.18598544597625732,0.07208383083343506,-0.26882028579711914,0.08952707052230835,-0.31904780864715576,0.10470074415206909,-0.36486735939979553,0.06524151563644409,-0.14683806896209717,0.10122865438461304,-0.18586465716362,0.12605804204940796,-0.21264779567718506,0.14709341526031494,-0.2398720681667328,OPEN_PALM
0.0,0.0,-0.03725069761276245,-0.052802443504333496,-0.05789130926132202,-0.13237863779067993,-0.06947469711303711,-0.2011987864971161,-0.08768412470817566,-0.2496970295906067,-0.0017603039741516113,-0.21200045943260193,0.007902443408966064,-0.294752836227417,0.016166508197784424,-0.34526580572128296,0.025321483612060547,-0.38851553201675415,0.029181361198425293,-0.205175518989563,0.052844107151031494,-0.2943045496940613,0.06875467300415039,-0.3493283987045288,0.0832364559173584,-0.3968157172203064,0.052727341651916504,-0.17949452996253967,0.08278512954711914,-0.25864240527153015,0.10181772708892822,-0.3068482279777527,0.11786741018295288,-0.3510007858276367,0.07049167156219482,-0.1385166049003601,0.10772818326950073,-0.17344388365745544,0.1333053708076477,-0.19764289259910583,0.15498167276382446,-0.22235983610153198,OPEN_PALM
0.0,0.0,-0.03621041774749756,-0.054051995277404785,-0.05974370241165161,-0.13520604372024536,-0.07414722442626953,-0.20485618710517883,-0.09094113111495972,-0.2518687844276428,-0.0021848082542419434,-0.21965819597244263,0.007609128952026367,-0.30327561497688293,0.0162200927734375,-0.3547000586986542,0.025615155696868896,-0.39794278144836426,0.02824234962463379,-0.21474456787109375,0.05226004123687744,-0.305475652217865,0.06898254156112671,-0.3606863021850586,0.0840495228767395,-0.4076713025569916,0.05181771516799927,-0.19073382019996643,0.08170711994171143,-0.2706416845321655,0.10106581449508667,-0.3187485337257385,0.11735594272613525,-0.3621177077293396,0.07041406631469727,-0.1502177119255066,0.10784691572189331,-0.18651077151298523,0.13384395837783813,-0.2105521559715271,0.15589994192123413,-0.23490869998931885,OPEN_PALM
0.0,0.0,-0.037818729877471924,-0.05299502611160278,-0.06267940998077393,-0.1359168291091919,-0.07458311319351196,-0.20534339547157288,-0.09052574634552002,-0.2505973279476166,-0.007107257843017578,-0.22541260719299316,0.0016413331031799316,-0.3109753131866455,0.010189294815063477,-0.36323004961013794,0.019548535346984863,-0.4067535400390625,0.023642301559448242,-0.222237229347229,0.04525810480117798,-0.3161061108112335,0.0612492561340332,-0.37337884306907654,0.07570219039916992,-0.4215945601463318,0.048047542572021484,-0.1994624137878418,0.07525229454040527,-0.28336501121520996,0.09289324283599854,-0.3333757519721985,0.10759234428405762,-0.37711089849472046,0.06794196367263794,-0.1592005491256714,0.10403585433959961,-0.20119836926460266,0.12950384616851807,-0.22823989391326904,0.1511327028274536,-0.25444626808166504,OPEN_PALM
0.0,0.0,-0.03847503662109375,-0.04953736066818237,-0.06575942039489746,-0.12845945358276367,-0.08069199323654175,-0.19866657257080078,-0.0981220006942749,-0.2452617585659027,-0.011516332626342773,-0.22412028908729553,-0.003939926624298096,-0.312706857919693,0.0045130252838134766,-0.36680424213409424,0.014236748218536377,-0.4119182229042053,0.018723130226135254,-0.2242295742034912,0.0388830304145813,-0.3214642405509949,0.05443108081817627,-0.3815104365348816,0.06876438856124878,-0.4315795749425888,0.0428507924079895,-0.2040659487247467,0.06883233785629272,-0.2940185070037842,0.08573007583618164,-0.3492591381072998,0.10020726919174194,-0.39744991064071655,0.06381040811538696,-0.16545361280441284,0.10053825378417969,-0.20981541275978088,0.1267639398574829,-0.23978671431541443,0.14950823783874512,-0.26904013752937317,OPEN_PALM
0.0,0.0,-0.03957265615463257,-0.04482901096343994,-0.06889498233795166,-0.1190226674079895,-0.08507227897644043,-0.187883198261261,-0.10245412588119507,-0.2357308566570282,-0.01758044958114624,-0.22560027241706848,-0.01183098554611206,-0.31485363841056824,-0.004429757595062256,-0.36889803409576416,0.004499316215515137,-0.41467803716659546,0.012904107570648193,-0.22800782322883606,0.030495882034301758,-0.32533687353134155,0.04413729906082153,-0.38537007570266724,0.056739985942840576,-0.4363401234149933,0.03780180215835571,-0.20988428592681885,0.06078362464904785,-0.30073001980781555,0.07541537284851074,-0.3571271002292633,0.08801108598709106,-0.406870037317276,0.05962294340133667,-0.17328250408172607,0.09372168779373169,-0.2231704592704773,0.11823570728302002,-0.25550779700279236,0.13957566022872925,-0.28675487637519836,OPEN_PALM
0.0,0.0,-0.039867520332336426,-0.0412670373916626,-0.06976580619812012,-0.1131131649017334,-0.08605647087097168,-0.18026486039161682,-0.10303938388824463,-0.2285366654396057,-0.020093321800231934,-0.22282925248146057,-0.015462517738342285,-0.31082460284233093,-0.008680284023284912,-0.3645000159740448,1.0728836059570312e-06,-0.41010773181915283,0.010030150413513184,-0.2257329523563385,0.026433885097503662,-0.32326173782348633,0.039108872413635254,-0.3839251399040222,0.051181793212890625,-0.4350835978984833,0.03464376926422119,-0.20815202593803406,0.05644291639328003,-0.2983299493789673,0.0697622299194336,-0.3552247881889343,0.08136230707168579,-0.40575140714645386,0.056552231311798096,-0.17269974946975708,0.08926808834075928,-0.22357502579689026,0.11244362592697144,-0.2576700448989868,0.13259923458099365,-0.2912079393863678,OPEN_PALM
0.0,0.0,-0.04039919376373291,-0.04566758871078491,-0.07081830501556396,-0.1216353178024292,-0.08913660049438477,-0.18479812145233154,-0.10836178064346313,-0.22255346179008484,-0.02272576093673706,-0.22525230050086975,-0.01947230100631714,-0.3108291029930115,-0.013955295085906982,-0.3631657063961029,-0.0066506266593933105,-0.40664106607437134,0.006778240203857422,-0.2296925187110901,0.021458029747009277,-0.3249951899051666,0.03308820724487305,-0.3839040994644165,0.04439270496368408,-0.43253159523010254,0.03165781497955322,-0.21483227610588074,0.05089336633682251,-0.302840918302536,0.06254619359970093,-0.3572947382926941,0.07288801670074463,-0.4033438563346863,0.05411732196807861,-0.18271172046661377,0.08398932218551636,-0.2329844832420349,0.10540962219238281,-0.2659321427345276,0.12431293725967407,-0.29597562551498413,OPEN_PALM
0.0,0.0,-0.04190117120742798,-0.03952610492706299,-0.07632005214691162,-0.10116589069366455,-0.10186833143234253,-0.1576516032218933,-0.12379178404808044,-0.19857943058013916,-0.03561478853225708,-0.22014307975769043,-0.03707003593444824,-0.3042536973953247,-0.035213589668273926,-0.3570248484611511,-0.030971527099609375,-0.4014323949813843,-0.007389485836029053,-0.22824472188949585,0.0036367177963256836,-0.3242136538028717,0.012139558792114258,-0.38274073600769043,0.021035313606262207,-0.431257963180542,0.017676234245300293,-0.21477186679840088,0.03342294692993164,-0.30593013763427734,0.04337620735168457,-0.3621669113636017,0.05209869146347046,-0.41008663177490234,0.04164445400238037,-0.18362873792648315,0.07010674476623535,-0.23880407214164734,0.0897398591041565,-0.27386629581451416,0.10636276006698608,-0.30534833669662476,OPEN_PALM
0.0,0.0,-0.04683840274810791,-0.033755481243133545,-0.08298033475875854,-0.09445250034332275,-0.10790073871612549,-0.14775991439819336,-0.1322271227836609,-0.18226242065429688,-0.043284058570861816,-0.21254071593284607,-0.04803258180618286,-0.2980407178401947,-0.0521487295627594,-0.35095760226249695,-0.05479028820991516,-0.39636915922164917,-0.015072286128997803,-0.2224622666835785,-0.008931338787078857,-0.3201923966407776,-0.004611015319824219,-0.38114306330680847,0.0003046989440917969,-0.4342462420463562,0.011065244674682617,-0.212252676486969,0.021711289882659912,-0.30622953176498413,0.02857494354248047,-0.36172962188720703,0.03456878662109375,-0.41103899478912354,0.03647911548614502,-0.18494856357574463,0.057969748973846436,-0.24840044975280762,0.07312792539596558,-0.28946834802627563,0.08623254299163818,-0.32756057381629944,OPEN_PALM
0.0,0.0,-0.04949682950973511,-0.01595836877822876,-0.09174692630767822,-0.07705390453338623,-0.12098169326782227,-0.133461594581604,-0.14912620186805725,-0.16117340326309204,-0.06594207882881165,-0.20244434475898743,-0.07567068934440613,-0.2889803349971771,-0.08035773038864136,-0.343791127204895,-0.08235275745391846,-0.39022746682167053,-0.036146461963653564,-0.22096595168113708,-0.03536248207092285,-0.32088562846183777,-0.032598674297332764,-0.38407301902770996,-0.02826675772666931,-0.4376963675022125,-0.007819294929504395,-0.21720582246780396,-0.0015555024147033691,-0.31168410181999207,0.0024209022521972656,-0.3694663345813751,0.0060530900955200195,-0.4195994734764099,0.020223021507263184,-0.19574213027954102,0.036430299282073975,-0.2619484066963196,0.04936635494232178,-0.30610647797584534,0.06108403205871582,-0.34643369913101196,OPEN_PALM
0.0,0.0,-0.04722404479980469,-0.024867594242095947,-0.08714517951011658,-0.09066057205200195,-0.11703929305076599,-0.14525365829467773,-0.14501163363456726,-0.1736014485359192,-0.05340614914894104,-0.21389156579971313,-0.06864041090011597,-0.2978351414203644,-0.07774966955184937,-0.3498939275741577,-0.08441457152366638,-0.39540863037109375,-0.024809807538986206,-0.23006215691566467,-0.027491778135299683,-0.3313249945640564,-0.029240548610687256,-0.3942420482635498,-0.030259937047958374,-0.44791004061698914,0.0022594034671783447,-0.2246514856815338,0.005168706178665161,-0.32157599925994873,0.0055151283740997314,-0.3810625672340393,0.005118727684020996,-0.4340556263923645,0.02831372618675232,-0.2030555009841919,0.04418367147445679,-0.27112263441085815,0.055176764726638794,-0.31803059577941895,0.06498491764068604,-0.3631556034088135,OPEN_PALM
0.0,0.0,-0.04812514781951904,-0.023333609104156494,-0.09016841650009155,-0.0907331109046936,-0.11935243010520935,-0.1460919976234436,-0.1472390592098236,-0.17543762922286987,-0.054202884435653687,-0.21529749035835266,-0.0692288875579834,-0.29928210377693176,-0.07846704125404358,-0.35255804657936096,-0.08503031730651855,-0.3991568088531494,-0.024353474378585815,-0.23101884126663208,-0.02551943063735962,-0.3326987028121948,-0.026764482259750366,-0.3976675868034363,-0.027502000331878662,-0.4536564350128174,0.003647446632385254,-0.2239302098751068,0.00908556580543518,-0.31992220878601074,0.010692447423934937,-0.3804646134376526,0.011218994855880737,-0.435599684715271,0.03020569682121277,-0.19958996772766113,0.048995018005371094,-0.2677406668663025,0.06198066473007202,-0.31403809785842896,0.0730447769165039,-0.3587942123413086,OPEN_PALM
0.0,0.0,-0.05048483610153198,-0.022601187229156494,-0.09548947215080261,-0.08967399597167969,-0.12826576828956604,-0.14539045095443726,-0.16011695563793182,-0.17535579204559326,-0.06151169538497925,-0.21704158186912537,-0.08128175139427185,-0.3012022078037262,-0.09391787648200989,-0.35531285405158997,-0.10314765572547913,-0.4032607078552246,-0.031172722578048706,-0.23494532704353333,-0.034477025270462036,-0.3408617675304413,-0.03776276111602783,-0.41031473875045776,-0.03997248411178589,-0.4693422019481659,-0.002522706985473633,-0.2271004319190979,0.0032629668712615967,-0.32552844285964966,0.004979163408279419,-0.39240017533302307,0.005428701639175415,-0.4527764916419983,0.024430662393569946,-0.19952881336212158,0.04762256145477295,-0.26514890789985657,0.06301045417785645,-0.31232255697250366,0.07561391592025757,-0.35690927505493164,OPEN_PALM
0.0,0.0,-0.05175340175628662,-0.027637958526611328,-0.09676060080528259,-0.095600426197052,-0.134263813495636,-0.14582115411758423,-0.16977818310260773,-0.1735987663269043,-0.06875172257423401,-0.203241229057312,-0.09330320358276367,-0.28340673446655273,-0.11047729849815369,-0.3315582871437073,-0.12606436014175415,-0.3757205903530121,-0.03775539994239807,-0.21725451946258545,-0.047368407249450684,-0.31825125217437744,-0.057282477617263794,-0.3840636610984802,-0.06653076410293579,-0.4429486393928528,-0.007541388273239136,-0.20272165536880493,-0.0047085583209991455,-0.30078545212745667,-0.0070483386516571045,-0.3662392497062683,-0.011007994413375854,-0.42916953563690186,0.020756810903549194,-0.16658705472946167,0.045858561992645264,-0.2254347801208496,0.061509937047958374,-0.2700861096382141,0.07358118891716003,-0.3157917261123657,OPEN_PALM
0.0,0.0,-0.05802321434020996,-0.02284109592437744,-0.10461738705635071,-0.09108054637908936,-0.14405173063278198,-0.13947516679763794,-0.18377245962619781,-0.1651948094367981,-0.07652610540390015,-0.18507248163223267,-0.1087331473827362,-0.26292741298675537,-0.1302027702331543,-0.3077812194824219,-0.15229946374893188,-0.3499632477760315,-0.04510733485221863,-0.1977715790271759,-0.05989566445350647,-0.28701460361480713,-0.07626509666442871,-0.34319639205932617,-0.09319010376930237,-0.3953459858894348,-0.013839930295944214,-0.179995596408844,-0.014018267393112183,-0.2618577182292938,-0.021907389163970947,-0.3190830945968628,-0.031382352113723755,-0.37787044048309326,0.014774709939956665,-0.13946259021759033,0.0418776273727417,-0.19007906317710876,0.05805528163909912,-0.22578686475753784,0.07014128565788269,-0.26466649770736694,OPEN_PALM
0.0,0.0,-0.0646757185459137,-0.02017676830291748,-0.11535230278968811,-0.08667939901351929,-0.15735256671905518,-0.13118046522140503,-0.20330996811389923,-0.16052377223968506,-0.08957496285438538,-0.17879390716552734,-0.127305269241333,-0.25237321853637695,-0.15640422701835632,-0.2930912971496582,-0.18562307953834534,-0.3283485472202301,-0.057274967432022095,-0.184746652841568,-0.07401853799819946,-0.2739015817642212,-0.0966850072145462,-0.3242607116699219,-0.11886224150657654,-0.37260544300079346,-0.025327354669570923,-0.1630660593509674,-0.025401026010513306,-0.24752378463745117,-0.04177173972129822,-0.3019576668739319,-0.05907160043716431,-0.3562581539154053,0.005579650402069092,-0.11649131774902344,0.030401259660720825,-0.16827267408370972,0.04390770196914673,-0.2035079300403595,0.054221153259277344,-0.24043846130371094,OPEN_PALM
0.0,0.0,-0.065833181142807,-0.014892220497131348,-0.12019653618335724,-0.08245158195495605,-0.1653336137533188,-0.12560951709747314,-0.21690590679645538,-0.15555265545845032,-0.09281757473945618,-0.17954760789871216,-0.13180209696292877,-0.2556178867816925,-0.1630926877260208,-0.2972283959388733,-0.1942421942949295,-0.3326082229614258,-0.05703595280647278,-0.18437111377716064,-0.07538709044456482,-0.27823299169540405,-0.09875807166099548,-0.33077311515808105,-0.12154228985309601,-0.38765212893486023,-0.022736340761184692,-0.16242748498916626,-0.024283140897750854,-0.24828249216079712,-0.04076853394508362,-0.30792129039764404,-0.056315213441848755,-0.3676114082336426,0.010094642639160156,-0.11509549617767334,0.035363852977752686,-0.16851603984832764,0.05120512843132019,-0.20272603631019592,0.06434357166290283,-0.23926711082458496,OPEN_PALM
0.0,0.0,-0.06573066115379333,-0.027708828449249268,-0.1212116926908493,-0.10812616348266602,-0.16843202710151672,-0.16838622093200684,-0.21389000117778778,-0.20205971598625183,-0.08879989385604858,-0.23136475682258606,-0.12476083636283875,-0.32126954197883606,-0.15169447660446167,-0.3735867440700531,-0.17853820323944092,-0.42284733057022095,-0.0517391562461853,-0.2476309835910797,-0.06554162502288818,-0.3634544312953949,-0.08181685209274292,-0.4409042298793793,-0.09704408049583435,-0.5128650963306427,-0.01564115285873413,-0.2274457812309265,-0.013657569885253906,-0.341482937335968,-0.018304407596588135,-0.4163206219673157,-0.023582518100738525,-0.49129557609558105,0.01826322078704834,-0.17992788553237915,0.04608267545700073,-0.2398795187473297,0.06282764673233032,-0.28255218267440796,0.07593539357185364,-0.3283270299434662,OPEN_PALM
0.0,0.0,-0.06899529695510864,-0.03296387195587158,-0.12535127997398376,-0.12353515625,-0.17074042558670044,-0.1979396939277649,-0.21531488001346588,-0.24097919464111328,-0.09061023592948914,-0.27681198716163635,-0.1212499737739563,-0.3830358684062958,-0.14479988813400269,-0.448100209236145,-0.16735142469406128,-0.5067018568515778,-0.050365597009658813,-0.29827606678009033,-0.06328621506690979,-0.43078723549842834,-0.07718870043754578,-0.5185869932174683,-0.09075963497161865,-0.5970115661621094,-0.010589748620986938,-0.28294163942337036,-0.010183006525039673,-0.4122326970100403,-0.014854967594146729,-0.49809588491916656,-0.021052628755569458,-0.5795162916183472,0.027547091245651245,-0.23922961950302124,0.05101451277732849,-0.31961730122566223,0.06516191363334656,-0.37903282046318054,0.07619747519493103,-0.4387392997741699,OPEN_PALM
0.0,0.0,-0.07228773832321167,-0.03411310911178589,-0.13449493050575256,-0.14618462324142456,-0.17628836631774902,-0.24156826734542847,-0.21805493533611298,-0.29551684856414795,-0.09378105401992798,-0.3145800232887268,-0.1170799732208252,-0.43733900785446167,-0.13364091515541077,-0.5103846788406372,-0.14872321486473083,-0.5741487145423889,-0.050816625356674194,-0.3388713300228119,-0.05943399667739868,-0.48623570799827576,-0.06694614887237549,-0.5762245953083038,-0.07377797365188599,-0.650903970003128,-0.009285688400268555,-0.3292250335216522,-0.007143288850784302,-0.47247225046157837,-0.008589297533035278,-0.5609119832515717,-0.011080384254455566,-0.6386924088001251,0.030796915292739868,-0.2932000160217285,0.05418643355369568,-0.3911519944667816,0.07188031077384949,-0.46003347635269165,0.08754417300224304,-0.5238551795482635,OPEN_PALM
0.0,0.0,-0.09304872155189514,-0.026054203510284424,-0.17525511980056763,-0.12395632266998291,-0.24100050330162048,-0.20375466346740723,-0.301425576210022,-0.2334522008895874,-0.12799394130706787,-0.37929534912109375,-0.1613161563873291,-0.5368671119213104,-0.18391907215118408,-0.6431710422039032,-0.20056957006454468,-0.7411032915115356,-0.07075473666191101,-0.42297691106796265,-0.08073803782463074,-0.6288635730743408,-0.08747944235801697,-0.7752078771591187,-0.09287187457084656,-0.9081791043281555,-0.01536715030670166,-0.41908231377601624,-0.01305079460144043,-0.6008734405040741,-0.013987123966217041,-0.7230541706085205,-0.016075849533081055,-0.835039347410202,0.04136162996292114,-0.37713080644607544,0.07900434732437134,-0.5079858005046844,0.10328954458236694,-0.598044216632843,0.12265580892562866,-0.6846861243247986,OPEN_PALM
0.0,0.0,-0.09103649854660034,-0.02968466281890869,-0.17389008402824402,-0.12885797023773193,-0.24173027276992798,-0.20690619945526123,-0.303256094455719,-0.2380770444869995,-0.12754854559898376,-0.3866356611251831,-0.15902966260910034,-0.5462111830711365,-0.18200922012329102,-0.6517157852649689,-0.19959715008735657,-0.7484104037284851,-0.07082065939903259,-0.4296972155570984,-0.08134874701499939,-0.6383519470691681,-0.08889567852020264,-0.785928875207901,-0.0956062376499176,-0.9194875955581665,-0.014147639274597168,-0.4258202910423279,-0.012817859649658203,-0.6098258197307587,-0.013325929641723633,-0.7350233197212219,-0.015433549880981445,-0.8483946323394775,0.04419595003128052,-0.38414931297302246,0.08090126514434814,-0.5195142328739166,0.1064034104347229,-0.6124382615089417,0.1269962191581726,-0.6994600594043732,OPEN_PALM
0.0,0.0,-0.0929301381111145,-0.02932506799697876,-0.17647436261177063,-0.1320907473564148,-0.24620485305786133,-0.21289914846420288,-0.3091146647930145,-0.2439395785331726,-0.12992900609970093,-0.3937780261039734,-0.16126900911331177,-0.5575358867645264,-0.18262693285942078,-0.6675997078418732,-0.19846805930137634,-0.7677204012870789,-0.07028594613075256,-0.4395240843296051,-0.07831653952598572,-0.6545431315898895,-0.08337163925170898,-0.8056002855300903,-0.08814612030982971,-0.9421951770782471,-0.012014806270599365,-0.4353681206703186,-0.009501159191131592,-0.6249678730964661,-0.009233534336090088,-0.7537891566753387,-0.01047128438949585,-0.8704801797866821,0.047951698303222656,-0.3907768130302429,0.08790230751037598,-0.5288306474685669,0.11511796712875366,-0.6243334114551544,0.13706398010253906,-0.7138870060443878,OPEN_PALM
0.0,0.0,-0.0927104651927948,-0.03314894437789917,-0.17447537183761597,-0.13896578550338745,-0.24446412920951843,-0.22331422567367554,-0.31052643060684204,-0.25863951444625854,-0.12767091393470764,-0.4052731394767761,-0.15683075785636902,-0.5723512768745422,-0.17948848009109497,-0.683486819267273,-0.19799718260765076,-0.7813292145729065,-0.06676620244979858,-0.44757163524627686,-0.07264494895935059,-0.6599555611610413,-0.07599002122879028,-0.8045677840709686,-0.08106905221939087,-0.9372550249099731,-0.007032871246337891,-0.4406033754348755,-0.003929555416107178,-0.6339152753353119,-0.0017780065536499023,-0.7666117250919342,-0.0026692748069763184,-0.8878580927848816,0.05334430932998657,-0.39413952827453613,0.09366583824157715,-0.5360146164894104,0.12143558263778687,-0.6339176297187805,0.14386075735092163,-0.7262626886367798,OPEN_PALM
0.0,0.0,-0.09312909841537476,-0.033159852027893066,-0.1751869022846222,-0.13829421997070312,-0.24424901604652405,-0.22440838813781738,-0.31030410528182983,-0.2612316608428955,-0.12401953339576721,-0.40371620655059814,-0.1519610583782196,-0.572203665971756,-0.1720561385154724,-0.6858059465885162,-0.18843841552734375,-0.7901999056339264,-0.06217151880264282,-0.4472687542438507,-0.06747925281524658,-0.6665313839912415,-0.06933265924453735,-0.8207973539829254,-0.0718427300453186,-0.9616866707801819,-0.0031795501708984375,-0.4368494153022766,0.0012034177780151367,-0.632585883140564,0.0038910508155822754,-0.7625269889831543,0.0037760138511657715,-0.8830859661102295,0.057754337787628174,-0.3874638080596924,0.0991625189781189,-0.5285367369651794,0.12713336944580078,-0.6251137256622314,0.14924770593643188,-0.7184711694717407,OPEN_PALM
0.0,0.0,-0.0897517204284668,-0.034267306327819824,-0.1730397343635559,-0.1380566954612732,-0.23941704630851746,-0.2194913625717163,-0.300627738237381,-0.2569000720977783,-0.11856460571289062,-0.39043283462524414,-0.14706385135650635,-0.551993727684021,-0.16739803552627563,-0.6592587530612946,-0.18346554040908813,-0.7589816749095917,-0.05992799997329712,-0.43027353286743164,-0.06530308723449707,-0.6391516327857971,-0.06751680374145508,-0.7889147996902466,-0.07022368907928467,-0.9271119832992554,-0.004989326000213623,-0.4197691082954407,-0.0002598762512207031,-0.6033780574798584,0.0024175047874450684,-0.7252984046936035,0.0021439194679260254,-0.8379600346088409,0.05158883333206177,-0.37371861934661865,0.08983105421066284,-0.506951093673706,0.11555975675582886,-0.5987927913665771,0.13564306497573853,-0.6873365342617035,OPEN_PALM
0.0,0.0,-0.08873534202575684,-0.030095040798187256,-0.17062705755233765,-0.12604045867919922,-0.23513144254684448,-0.20928692817687988,-0.29505544900894165,-0.2514743208885193,-0.11733859777450562,-0.36992573738098145,-0.1442466676235199,-0.5244311094284058,-0.16452693939208984,-0.6264781355857849,-0.18061921000480652,-0.7213094234466553,-0.0631367564201355,-0.408424973487854,-0.069480299949646,-0.6037715673446655,-0.07419145107269287,-0.7434702515602112,-0.07922852039337158,-0.8726544976234436,-0.012100040912628174,-0.40066489577293396,-0.008301079273223877,-0.5746474862098694,-0.007033348083496094,-0.6886313557624817,-0.008232653141021729,-0.7943084537982941,0.04072624444961548,-0.3599690794944763,0.0762777328491211,-0.48343271017074585,0.10057336091995239,-0.569872260093689,0.1198570728302002,-0.6539874076843262,OPEN_PALM
0.0,0.0,-0.0838550329208374,-0.03646641969680786,-0.1606462001800537,-0.13163280487060547,-0.22127699851989746,-0.20980840921401978,-0.2769157290458679,-0.25159841775894165,-0.11032432317733765,-0.36315488815307617,-0.13583442568778992,-0.5104591250419617,-0.15236061811447144,-0.6079638004302979,-0.16435161232948303,-0.6965530216693878,-0.05967336893081665,-0.39600083231925964,-0.06758838891983032,-0.5718001127243042,-0.07263606786727905,-0.6912176609039307,-0.07716834545135498,-0.7997210025787354,-0.010080218315124512,-0.38826045393943787,-0.006402790546417236,-0.5532043278217316,-0.0058650970458984375,-0.6615505516529083,-0.00803077220916748,-0.7620491683483124,0.03982812166213989,-0.34879598021507263,0.07279497385025024,-0.46680909395217896,0.09670233726501465,-0.5503935217857361,0.1153302788734436,-0.6299265623092651,OPEN_PALM
0.0,0.0,-0.0809258222579956,-0.04186511039733887,-0.15232333540916443,-0.13138031959533691,-0.2075153887271881,-0.20566147565841675,-0.2591390907764435,-0.25383061170578003,-0.10045337677001953,-0.3532077670097351,-0.12398684024810791,-0.4915613830089569,-0.1402101218700409,-0.5819935202598572,-0.15187609195709229,-0.6633533835411072,-0.05295717716217041,-0.3817414939403534,-0.06005901098251343,-0.5492433905601501,-0.0646371841430664,-0.6616081893444061,-0.06821805238723755,-0.7628422975540161,-0.006670236587524414,-0.37278902530670166,-0.0021126866340637207,-0.5293018519878387,-0.0012444257736206055,-0.6323001086711884,-0.002904951572418213,-0.7286413311958313,0.04010695219039917,-0.3337727189064026,0.0727338194847107,-0.4444339871406555,0.09561777114868164,-0.5235939025878906,0.11341559886932373,-0.6000954806804657,OPEN_PALM
0.0,0.0,-0.07743775844573975,-0.047567129135131836,-0.14054140448570251,-0.13958531618118286,-0.18625879287719727,-0.2167128324508667,-0.23297274112701416,-0.2699463963508606,-0.08959376811981201,-0.3435552716255188,-0.11140298843383789,-0.4753519892692566,-0.1268557906150818,-0.5606659054756165,-0.1387007236480713,-0.6400353610515594,-0.04451674222946167,-0.36582687497138977,-0.048664212226867676,-0.5254082083702087,-0.05204367637634277,-0.6327779591083527,-0.05530041456222534,-0.7294259667396545,-0.002300560474395752,-0.3511291742324829,0.005387723445892334,-0.4979727268218994,0.007815062999725342,-0.5985136926174164,0.007500290870666504,-0.6940915286540985,0.03914886713027954,-0.3091484308242798,0.06983315944671631,-0.41486161947250366,0.0911526083946228,-0.49148088693618774,0.10791778564453125,-0.567366361618042,OPEN_PALM
0.0,0.0,-0.07253062725067139,-0.05009329319000244,-0.12690240144729614,-0.14349877834320068,-0.1677546203136444,-0.2200128436088562,-0.2112686038017273,-0.27398204803466797,-0.0823291540145874,-0.33076339960098267,-0.10401225090026855,-0.45639151334762573,-0.12072998285293579,-0.5404455661773682,-0.13311335444450378,-0.618534654378891,-0.04212373495101929,-0.3499246835708618,-0.04671579599380493,-0.5046764016151428,-0.05144786834716797,-0.6114856600761414,-0.05531716346740723,-0.7077053785324097,-0.004121065139770508,-0.334004670381546,0.0018680095672607422,-0.4784078001976013,0.002973496913909912,-0.5755096673965454,0.0025488734245300293,-0.6673406064510345,0.03298157453536987,-0.29180610179901123,0.059718191623687744,-0.3961138427257538,0.0790637731552124,-0.47168463468551636,0.09511476755142212,-0.546257883310318,OPEN_PALM
0.0,0.0,-0.06754612922668457,-0.04483264684677124,-0.11727938055992126,-0.14119064807891846,-0.15126341581344604,-0.2211189866065979,-0.19132649898529053,-0.27409595251083374,-0.07880520820617676,-0.3228977918624878,-0.1003083884716034,-0.4466804265975952,-0.11885511875152588,-0.5248561203479767,-0.1340162754058838,-0.5983318090438843,-0.04243111610412598,-0.34274402260780334,-0.05147051811218262,-0.4939703941345215,-0.06026726961135864,-0.594773679971695,-0.06801450252532959,-0.6842584908008575,-0.007554590702056885,-0.32932302355766296,-0.00421220064163208,-0.4729297161102295,-0.004707157611846924,-0.5691787600517273,-0.006748020648956299,-0.6589175462722778,0.026642262935638428,-0.2909643054008484,0.04808014631271362,-0.39490213990211487,0.06369197368621826,-0.4704919457435608,0.07653331756591797,-0.5459311604499817,OPEN_PALM
0.0,0.0,-0.06510943174362183,-0.04648482799530029,-0.10802185535430908,-0.13871431350708008,-0.13894134759902954,-0.21489191055297852,-0.1779913306236267,-0.2627318501472473,-0.08090567588806152,-0.31654271483421326,-0.10459491610527039,-0.4346456229686737,-0.12435674667358398,-0.5065424144268036,-0.14062419533729553,-0.5752892196178436,-0.049202561378479004,-0.33653944730758667,-0.06484878063201904,-0.4811112582683563,-0.07794642448425293,-0.5770910084247589,-0.08893576264381409,-0.6626575291156769,-0.01813298463821411,-0.3261745572090149,-0.020322322845458984,-0.46938449144363403,-0.02401602268218994,-0.5629775822162628,-0.02815854549407959,-0.6494086682796478,0.01296168565750122,-0.29349538683891296,0.0278814435005188,-0.39783820509910583,0.038166821002960205,-0.47285881638526917,0.04612034559249878,-0.5468267202377319,OPEN_PALM
0.0,0.0,-0.06344801187515259,-0.0463101863861084,-0.10297951102256775,-0.13862907886505127,-0.1300072968006134,-0.21237391233444214,-0.1669236719608307,-0.2527499794960022,-0.08178329467773438,-0.3154022693634033,-0.10489428043365479,-0.4302906394004822,-0.1239386796951294,-0.4994875490665436,-0.14050748944282532,-0.5655700266361237,-0.052342355251312256,-0.33311527967453003,-0.0694156289100647,-0.4737357795238495,-0.08434095978736877,-0.5667834877967834,-0.09753105044364929,-0.6494360268115997,-0.023203670978546143,-0.32120513916015625,-0.02831721305847168,-0.46367791295051575,-0.03432440757751465,-0.5555717647075653,-0.04066365957260132,-0.6413268148899078,0.006570339202880859,-0.28664255142211914,0.01654684543609619,-0.39394715428352356,0.024014055728912354,-0.4699448049068451,0.029555678367614746,-0.5456046462059021,OPEN_PALM
0.0,0.0,-0.06452059745788574,-0.049105286598205566,-0.10276481509208679,-0.1405407190322876,-0.128373384475708,-0.2134925127029419,-0.16404765844345093,-0.2547498345375061,-0.0803290605545044,-0.31465137004852295,-0.1025734543800354,-0.4288385510444641,-0.12114542722702026,-0.49792884290218353,-0.13751983642578125,-0.5636468529701233,-0.05074000358581543,-0.33136507868766785,-0.06730461120605469,-0.4713144898414612,-0.08207881450653076,-0.5646777451038361,-0.09554901719093323,-0.6460421979427338,-0.02194112539291382,-0.3193376660346985,-0.027342796325683594,-0.46025601029396057,-0.034207046031951904,-0.5517876744270325,-0.041302263736724854,-0.6360675394535065,0.007518172264099121,-0.2860247492790222,0.017679154872894287,-0.39277026057243347,0.025439083576202393,-0.46809083223342896,0.031401216983795166,-0.5419273972511292,OPEN_PALM
0.0,0.0,-0.06388908624649048,-0.046594977378845215,-0.10573640465736389,-0.1352325677871704,-0.13560351729393005,-0.20996272563934326,-0.17333254218101501,-0.25499066710472107,-0.0794990062713623,-0.3111793100833893,-0.10124728083610535,-0.42766931653022766,-0.11993342638015747,-0.49863670766353607,-0.13587379455566406,-0.5661744475364685,-0.04724526405334473,-0.33106881380081177,-0.06239563226699829,-0.4729579985141754,-0.07541429996490479,-0.5670537054538727,-0.08732438087463379,-0.6508667469024658,-0.016074538230895996,-0.3213169574737549,-0.020687580108642578,-0.46196800470352173,-0.0264318585395813,-0.5524288713932037,-0.03280156850814819,-0.635448545217514,0.015484035015106201,-0.28950661420822144,0.02909672260284424,-0.39146193861961365,0.03840005397796631,-0.46552443504333496,0.04534870386123657,-0.5381309688091278,OPEN_PALM
0.0,0.0,-0.06879425048828125,-0.044168174266815186,-0.11931079626083374,-0.1350223422050476,-0.15470808744430542,-0.21088528633117676,-0.19570711255073547,-0.2564951479434967,-0.07980269193649292,-0.31986117362976074,-0.10356897115707397,-0.4382982850074768,-0.12291041016578674,-0.5148022323846817,-0.1384623944759369,-0.5871809422969818,-0.04345792531967163,-0.34190893173217773,-0.0555838942527771,-0.48860156536102295,-0.06665515899658203,-0.5860246419906616,-0.07662981748580933,-0.6732429265975952,-0.0077558159828186035,-0.3310258984565735,-0.007359206676483154,-0.4703214168548584,-0.011321544647216797,-0.5643675625324249,-0.016416966915130615,-0.6519699096679688,0.027720332145690918,-0.29535046219825745,0.046955406665802,-0.3993399143218994,0.06059950590133667,-0.4746566414833069,0.07156336307525635,-0.5492829084396362,OPEN_PALM
0.0,0.0,-0.07475769519805908,-0.041044533252716064,-0.1341102421283722,-0.12461686134338379,-0.17726469039916992,-0.19951188564300537,-0.2203974425792694,-0.24443161487579346,-0.08660334348678589,-0.31901225447654724,-0.11145171523094177,-0.4435495436191559,-0.12795990705490112,-0.5255083739757538,-0.14005717635154724,-0.6007689535617828,-0.04500734806060791,-0.34467509388923645,-0.05357635021209717,-0.49518586695194244,-0.06025809049606323,-0.5961143672466278,-0.06615996360778809,-0.6858080923557281,-0.004957973957061768,-0.3347891867160797,-0.002115905284881592,-0.47790101170539856,-0.002473294734954834,-0.5708953738212585,-0.004618585109710693,-0.6571081578731537,0.03505861759185791,-0.2990107834339142,0.05882304906845093,-0.40425026416778564,0.0747063159942627,-0.48039716482162476,0.08730220794677734,-0.5549041628837585,OPEN_PALM
0.0,0.0,-0.07416665554046631,-0.03741919994354248,-0.13873612880706787,-0.12081342935562134,-0.18909478187561035,-0.19042283296585083,-0.2370924949645996,-0.2253636121749878,-0.09447681903839111,-0.3211028575897217,-0.11877894401550293,-0.45134586095809937,-0.13295334577560425,-0.5359504669904709,-0.1429721713066101,-0.6127968430519104,-0.04986226558685303,-0.3511163890361786,-0.05685579776763916,-0.5054584592580795,-0.061655402183532715,-0.6062854528427124,-0.06621825695037842,-0.6960138082504272,-0.006724417209625244,-0.3446899950504303,-0.002287149429321289,-0.48936212062835693,-0.001873612403869629,-0.5842515230178833,-0.00396043062210083,-0.6714183986186981,0.036034226417541504,-0.31071901321411133,0.06199139356613159,-0.4172849655151367,0.07991087436676025,-0.49247999489307404,0.0934908390045166,-0.5646401345729828,OPEN_PALM
0.0,0.0,-0.07354199886322021,-0.03143918514251709,-0.13852816820144653,-0.10643494129180908,-0.19111579656600952,-0.1759471893310547,-0.24252957105636597,-0.2124330997467041,-0.09705901145935059,-0.31909579038619995,-0.11992329359054565,-0.45146116614341736,-0.13275077939033508,-0.540566697716713,-0.14098745584487915,-0.6215281784534454,-0.050830841064453125,-0.3518241345882416,-0.053187429904937744,-0.5125759989023209,-0.05310225486755371,-0.6243602931499481,-0.05225008726119995,-0.7261762619018555,-0.00687253475189209,-0.34717652201652527,-0.002203643321990967,-0.48914311826229095,-0.0003291964530944824,-0.5815829038619995,0.0005320906639099121,-0.6654241681098938,0.03783935308456421,-0.31500244140625,0.06250941753387451,-0.4188007116317749,0.07915443181991577,-0.4903756231069565,0.09252464771270752,-0.558569997549057,OPEN_PALM
0.0,0.0,-0.07311064004898071,-0.026641368865966797,-0.13675272464752197,-0.09097689390182495,-0.18875887989997864,-0.15206843614578247,-0.23940712213516235,-0.18625998497009277,-0.09730684757232666,-0.314093679189682,-0.11683580279350281,-0.4470866918563843,-0.12697714567184448,-0.5377406775951385,-0.1336294412612915,-0.6184070706367493,-0.05188339948654175,-0.3467564582824707,-0.05390048027038574,-0.5040646344423294,-0.054271042346954346,-0.6146667897701263,-0.05387645959854126,-0.7159493565559387,-0.009280145168304443,-0.34325024485588074,-0.005219578742980957,-0.4827560633420944,-0.004090726375579834,-0.573952317237854,-0.00386124849319458,-0.6582674086093903,0.03431200981140137,-0.31236523389816284,0.05702608823776245,-0.4127081036567688,0.07111102342605591,-0.4815704822540283,0.08212953805923462,-0.5494377911090851,OPEN_PALM
0.0,0.0,-0.07179105281829834,-0.02000480890274048,-0.13116884231567383,-0.07326269149780273,-0.1813649833202362,-0.12762916088104248,-0.23199248313903809,-0.14885199069976807,-0.09335041046142578,-0.30627334117889404,-0.11071881651878357,-0.4401285648345947,-0.1193183958530426,-0.5343197584152222,-0.12395918369293213,-0.6148199737071991,-0.049757182598114014,-0.3384174108505249,-0.051791369915008545,-0.5009829550981522,-0.053395986557006836,-0.6139722168445587,-0.05434316396713257,-0.7175488770008087,-0.009215235710144043,-0.33617764711380005,-0.0054070353507995605,-0.4778316766023636,-0.005315542221069336,-0.5689514577388763,-0.00540083646774292,-0.6517262756824493,0.031871497631073,-0.30678847432136536,0.054204463958740234,-0.4083119034767151,0.06701737642288208,-0.4775976836681366,0.07707184553146362,-0.5454894006252289,OPEN_PALM
0.0,0.0,-0.07039004564285278,-0.014033496379852295,-0.12818434834480286,-0.06035792827606201,-0.17762121558189392,-0.10988730192184448,-0.2262575626373291,-0.12719696760177612,-0.0918547511100769,-0.29989343881607056,-0.10888147354125977,-0.43130040168762207,-0.118228018283844,-0.5267657339572906,-0.12304636836051941,-0.6065082848072052,-0.0502360463142395,-0.3326651155948639,-0.054665327072143555,-0.4979592263698578,-0.05776888132095337,-0.6154860556125641,-0.05929785966873169,-0.7237774431705475,-0.011449038982391357,-0.33143821358680725,-0.009971559047698975,-0.4725641459226608,-0.01117253303527832,-0.5624280273914337,-0.011715710163116455,-0.6425203084945679,0.028062045574188232,-0.3043680489063263,0.04814976453781128,-0.40333235263824463,0.05963057279586792,-0.4701363891363144,0.06917983293533325,-0.5357932448387146,OPEN_PALM
0.0,0.0,-0.06627887487411499,-0.006138205528259277,-0.12042558193206787,-0.05109143257141113,-0.16653871536254883,-0.09867119789123535,-0.2163422405719757,-0.11446380615234375,-0.08621519804000854,-0.3003053367137909,-0.10056978464126587,-0.43449667096138,-0.10807469487190247,-0.5320750623941422,-0.11127859354019165,-0.612956166267395,-0.046885013580322266,-0.3323020339012146,-0.049577414989471436,-0.4954626262187958,-0.051657259464263916,-0.6062390506267548,-0.05224764347076416,-0.709353506565094,-0.009680390357971191,-0.3312135934829712,-0.007698953151702881,-0.4721912741661072,-0.0077950358390808105,-0.5629280209541321,-0.007256984710693359,-0.6432843208312988,0.028048038482666016,-0.3039657473564148,0.04795950651168823,-0.40377408266067505,0.06005030870437622,-0.47003963589668274,0.07061874866485596,-0.5351764410734177,OPEN_PALM
0.0,0.0,-0.0665963888168335,-0.011885881423950195,-0.12044081091880798,-0.062497079372406006,-0.16575127840042114,-0.10679209232330322,-0.21376389265060425,-0.11737966537475586,-0.0785260796546936,-0.30413663387298584,-0.09095990657806396,-0.4406825006008148,-0.09643572568893433,-0.5365437865257263,-0.09890592098236084,-0.6213988065719604,-0.039121150970458984,-0.33579131960868835,-0.03938472270965576,-0.49545352160930634,-0.03785896301269531,-0.6003390550613403,-0.035323500633239746,-0.6954823136329651,-0.0021913647651672363,-0.3330063819885254,0.002097487449645996,-0.4775571823120117,0.0034656524658203125,-0.570219486951828,0.004762828350067139,-0.6539672911167145,0.03484845161437988,-0.3038283586502075,0.05684918165206909,-0.40424463152885437,0.07125860452651978,-0.47160905599594116,0.08273923397064209,-0.5376222431659698,OPEN_PALM
0.0,0.0,-0.06693911552429199,-0.04866975545883179,-0.11619335412979126,-0.1254405379295349,-0.15563634037971497,-0.1912338137626648,-0.19862604141235352,-0.2250816822052002,-0.04543250799179077,-0.338218092918396,-0.04443216323852539,-0.4762667417526245,-0.03904241323471069,-0.5690046548843384,-0.03176069259643555,-0.6469804048538208,-0.0005434751510620117,-0.351935476064682,0.015907704830169678,-0.5067665576934814,0.028352320194244385,-0.6059648096561432,0.04075855016708374,-0.6937711238861084,0.03783571720123291,-0.3339558243751526,0.05811512470245361,-0.4759274125099182,0.0702582597732544,-0.564640462398529,0.08060860633850098,-0.6428016722202301,0.07259643077850342,-0.2897312045097351,0.10722190141677856,-0.37855562567710876,0.13052386045455933,-0.43829360604286194,0.14978808164596558,-0.4937945604324341,OPEN_PALM
0.0,0.0,-0.05887484550476074,-0.08412700891494751,-0.0926395058631897,-0.20252829790115356,-0.1178978681564331,-0.3001459836959839,-0.1537894606590271,-0.36398977041244507,0.01358884572982788,-0.3541836738586426,0.036536455154418945,-0.48610568046569824,0.05635428428649902,-0.5719127058982849,0.07685798406600952,-0.6442269086837769,0.06112271547317505,-0.3412628471851349,0.10587871074676514,-0.48295319080352783,0.1371135711669922,-0.5725564062595367,0.16560131311416626,-0.6497099697589874,0.09581667184829712,-0.29916995763778687,0.14483624696731567,-0.4253111183643341,0.17405182123184204,-0.5053014755249023,0.1989349126815796,-0.5779006779193878,0.12210160493850708,-0.23356086015701294,0.17767661809921265,-0.2996605634689331,0.21508842706680298,-0.3453438878059387,0.24704766273498535,-0.3910139203071594,OPEN_PALM
0.0,0.0,-0.049492478370666504,-0.10236614942550659,-0.06895977258682251,-0.23815315961837769,-0.08238327503204346,-0.34785589575767517,-0.10846954584121704,-0.4287281036376953,0.04888617992401123,-0.34951287508010864,0.08622145652770996,-0.4735894799232483,0.11424064636230469,-0.552129715681076,0.1411159634590149,-0.6167450845241547,0.09486109018325806,-0.319091796875,0.1540365219116211,-0.4442841708660126,0.19464850425720215,-0.5221118330955505,0.2311190366744995,-0.5869872272014618,0.12539833784103394,-0.2647426128387451,0.18883836269378662,-0.37207797169685364,0.22731328010559082,-0.4385722279548645,0.2607656717300415,-0.4989410638809204,0.1447204351425171,-0.19067484140396118,0.20742934942245483,-0.23244601488113403,0.2505587935447693,-0.2620692253112793,0.28889405727386475,-0.2935425639152527,OPEN_PALM
0.0,0.0,-0.041112154722213745,-0.11349833011627197,-0.047998011112213135,-0.252450168132782,-0.052000612020492554,-0.36558401584625244,-0.07201951742172241,-0.45360034704208374,0.07544136047363281,-0.3345324993133545,0.12339538335800171,-0.44781941175460815,0.15740108489990234,-0.5185078978538513,0.18905359506607056,-0.5764360129833221,0.11867374181747437,-0.2926673889160156,0.1887962818145752,-0.40256229043006897,0.2360323667526245,-0.47007301449775696,0.27754145860671997,-0.5259498059749603,0.1448606252670288,-0.23121267557144165,0.21689742803573608,-0.3225511312484741,0.2612192630767822,-0.3784372806549072,0.29963546991348267,-0.4296046495437622,0.15910965204238892,-0.1529507040977478,0.22680437564849854,-0.17800313234329224,0.2734459638595581,-0.19320672750473022,0.3149505853652954,-0.21217715740203857,OPEN_PALM
0.0,0.0,-0.033898741006851196,-0.11956930160522461,-0.034621238708496094,-0.261060893535614,-0.035611093044281006,-0.3751463294029236,-0.05369776487350464,-0.4627948999404907,0.0913349986076355,-0.3240281343460083,0.14411354064941406,-0.43254727125167847,0.1808682680130005,-0.49989670515060425,0.2144353985786438,-0.5544266104698181,0.13282835483551025,-0.27585792541503906,0.20777028799057007,-0.3772912919521332,0.25805753469467163,-0.43883568048477173,0.3018338680267334,-0.48881232738494873,0.156683087348938,-0.20998424291610718,0.2328430414199829,-0.29390156269073486,0.2796817421913147,-0.3450908660888672,0.3202519416809082,-0.39170414209365845,0.1677601933479309,-0.12877148389816284,0.23713481426239014,-0.14501124620437622,0.28484225273132324,-0.15446078777313232,0.3272027373313904,-0.16728979349136353,OPEN_PALM
0.0,0.0,-0.030367016792297363,-0.12179046869277954,-0.027307629585266113,-0.2623465657234192,-0.024148225784301758,-0.37644481658935547,-0.03864482045173645,-0.46880388259887695,0.102863609790802,-0.31294023990631104,0.15938997268676758,-0.4159232974052429,0.19811254739761353,-0.48032379150390625,0.23315393924713135,-0.5330024063587189,0.14252078533172607,-0.26040440797805786,0.22117233276367188,-0.3527998626232147,0.27348989248275757,-0.4096071124076843,0.31849485635757446,-0.4558173418045044,0.16381752490997314,-0.19208621978759766,0.24306398630142212,-0.2654215693473816,0.2923644185066223,-0.31178319454193115,0.3351667523384094,-0.354770302772522,0.1714445948600769,-0.10940432548522949,0.2423551082611084,-0.11554872989654541,0.2908894419670105,-0.11779934167861938,0.33425647020339966,-0.12470698356628418,OPEN_PALM
0.0,0.0,-0.03201407194137573,-0.12249130010604858,-0.030142605304718018,-0.26452088356018066,-0.028738200664520264,-0.37952926754951477,-0.04478400945663452,-0.47156891226768494,0.10044461488723755,-0.31821924448013306,0.15628498792648315,-0.4234189987182617,0.19503360986709595,-0.4885234534740448,0.23111915588378906,-0.5422567427158356,0.14104628562927246,-0.26714956760406494,0.21998977661132812,-0.3612401783466339,0.2730189561843872,-0.41899603605270386,0.3194340467453003,-0.46638166904449463,0.16333240270614624,-0.19902664422988892,0.24248206615447998,-0.2732054591178894,0.2924027442932129,-0.3213915228843689,0.3360103964805603,-0.3660414516925812,0.17188769578933716,-0.11518621444702148,0.24370700120925903,-0.1239061951637268,0.29307931661605835,-0.12658977508544922,0.33706551790237427,-0.13401806354522705,OPEN_PALM
0.0,0.0,-0.0402776300907135,-0.11748898029327393,-0.04758346080780029,-0.2644903063774109,-0.05124300718307495,-0.38185974955558777,-0.07143574953079224,-0.4696022868156433,0.08098512887954712,-0.33793431520462036,0.1325240135192871,-0.45211827754974365,0.16900593042373657,-0.5218614935874939,0.20312893390655518,-0.5799630880355835,0.12440788745880127,-0.29257911443710327,0.19914919137954712,-0.3986566662788391,0.2492525577545166,-0.4642865061759949,0.292837917804718,-0.5179442167282104,0.15005433559417725,-0.22777879238128662,0.2262934446334839,-0.313779354095459,0.27396702766418457,-0.3706781566143036,0.3154163360595703,-0.4220053553581238,0.16296404600143433,-0.1452135443687439,0.23452824354171753,-0.16455096006393433,0.2838495373725891,-0.1752069592475891,0.32758986949920654,-0.1890844702720642,OPEN_PALM
0.0,0.0,-0.04572474956512451,-0.11221098899841309,-0.05834674835205078,-0.25745689868927,-0.06479597091674805,-0.3741764426231384,-0.08850964903831482,-0.45909690856933594,0.06799840927124023,-0.3461053967475891,0.11420494318008423,-0.4670366048812866,0.1474524736404419,-0.5417112708091736,0.17885947227478027,-0.604038804769516,0.11372071504592896,-0.3059014081954956,0.18508851528167725,-0.42078644037246704,0.23353469371795654,-0.4913548231124878,0.2758004665374756,-0.5489513874053955,0.14169716835021973,-0.24404221773147583,0.21550387144088745,-0.3387565016746521,0.2614084482192993,-0.3998478949069977,0.30138492584228516,-0.45455920696258545,0.15771949291229248,-0.16280704736709595,0.2285974621772766,-0.18910402059555054,0.2775304317474365,-0.20561248064041138,0.32096946239471436,-0.22498178482055664,OPEN_PALM
0.0,0.0,-0.05174735188484192,-0.10460138320922852,-0.07003089785575867,-0.2472764253616333,-0.07918667793273926,-0.36071905493736267,-0.10361629724502563,-0.4414360821247101,0.052415668964385986,-0.35567808151245117,0.09338051080703735,-0.480837881565094,0.12383121252059937,-0.5575252175331116,0.15289318561553955,-0.6220176517963409,0.09949928522109985,-0.32120078802108765,0.16481482982635498,-0.44429898262023926,0.20889604091644287,-0.5212908983230591,0.24713081121444702,-0.5853305459022522,0.1298227310180664,-0.2637357711791992,0.19811707735061646,-0.3681463599205017,0.23993408679962158,-0.4361703395843506,0.276223361492157,-0.49770310521125793,0.14886420965194702,-0.1858115792274475,0.2173345685005188,-0.22282814979553223,0.264640212059021,-0.24656695127487183,0.30654752254486084,-0.272688627243042,OPEN_PALM
0.0,0.0,-0.05676472187042236,-0.09434974193572998,-0.08500850200653076,-0.23474031686782837,-0.10661298036575317,-0.3440675735473633,-0.14144602417945862,-0.41061580181121826,0.029072701930999756,-0.3652210235595703,0.059516072273254395,-0.5000803172588348,0.08351767063140869,-0.5833354592323303,0.10704272985458374,-0.6532599925994873,0.07690101861953735,-0.3418809771537781,0.13146167993545532,-0.4775974154472351,0.16948676109313965,-0.5640721321105957,0.2027316689491272,-0.6347102224826813,0.11052525043487549,-0.2909415364265442,0.17086666822433472,-0.40932074189186096,0.20638763904571533,-0.4857373833656311,0.2373490333557129,-0.5533419847488403,0.1342727541923523,-0.21767646074295044,0.19939303398132324,-0.26874566078186035,0.24447280168533325,-0.3044494390487671,0.28468137979507446,-0.34029367566108704,OPEN_PALM
0.0,0.0,-0.06507140398025513,-0.08082008361816406,-0.10557892918586731,-0.21393662691116333,-0.1352139115333557,-0.31807753443717957,-0.1741340160369873,-0.3812042772769928,-0.003654956817626953,-0.37243711948394775,0.015587091445922852,-0.5117025375366211,0.033069610595703125,-0.5991590023040771,0.05164515972137451,-0.6745846271514893,0.04684334993362427,-0.36197659373283386,0.09011143445968628,-0.5095877647399902,0.12095600366592407,-0.6041117310523987,0.14896893501281738,-0.6839298903942108,0.08523440361022949,-0.31993988156318665,0.13513261079788208,-0.4497211277484894,0.1650978922843933,-0.5340064764022827,0.19128382205963135,-0.6105062663555145,0.11548036336898804,-0.25250279903411865,0.17612266540527344,-0.31739336252212524,0.21847021579742432,-0.36129990220069885,0.2555168867111206,-0.4054661989212036,OPEN_PALM
0.0,0.0,-0.06995391845703125,-0.06811493635177612,-0.12033668160438538,-0.18774276971817017,-0.15845295786857605,-0.2820515036582947,-0.20151245594024658,-0.33855122327804565,-0.027920782566070557,-0.3669176399707794,-0.021030783653259277,-0.508552610874176,-0.011427581310272217,-0.5992760360240936,0.0006165504455566406,-0.677964448928833,0.02186441421508789,-0.3677835166454315,0.052583515644073486,-0.5224113464355469,0.07498836517333984,-0.6221849918365479,0.09645950794219971,-0.7078977227210999,0.062032103538513184,-0.33493953943252563,0.1007189154624939,-0.4715227484703064,0.12341344356536865,-0.5619593262672424,0.14345651865005493,-0.6440954804420471,0.09561902284622192,-0.2745707631111145,0.14863044023513794,-0.35105249285697937,0.1862887144088745,-0.40293246507644653,0.2189987301826477,-0.4541010856628418,OPEN_PALM
0.0,0.0,-0.07598179578781128,-0.052793145179748535,-0.13229793310165405,-0.15400707721710205,-0.1737833023071289,-0.24164682626724243,-0.21848174929618835,-0.2904316782951355,-0.055602312088012695,-0.35207319259643555,-0.05899757146835327,-0.4940093159675598,-0.058086395263671875,-0.584299623966217,-0.054122745990753174,-0.6627499759197235,-0.00697857141494751,-0.3618345260620117,0.010085642337799072,-0.52093406021595,0.022422969341278076,-0.6232241094112396,0.03469926118850708,-0.7119865119457245,0.034661293029785156,-0.3380173444747925,0.062284886837005615,-0.48048269748687744,0.07772892713546753,-0.5752540826797485,0.09090733528137207,-0.6607091128826141,0.0722043514251709,-0.2870831787586212,0.11921066045761108,-0.37398308515548706,0.15218883752822876,-0.43370139598846436,0.18033331632614136,-0.49064940214157104,OPEN_PALM
0.0,0.0,-0.07500109076499939,-0.04359269142150879,-0.13453447818756104,-0.1361861228942871,-0.17785051465034485,-0.21495234966278076,-0.22025668621063232,-0.265988826751709,-0.06969821453094482,-0.3328869342803955,-0.07929137349128723,-0.4704267680644989,-0.08413389325141907,-0.5592112243175507,-0.0859639048576355,-0.6372939646244049,-0.023799419403076172,-0.34887006878852844,-0.014866530895233154,-0.5073313117027283,-0.009663403034210205,-0.6110160648822784,-0.004480600357055664,-0.7016483247280121,0.017107784748077393,-0.33091622591018677,0.0373990535736084,-0.47493886947631836,0.047971367835998535,-0.5728884041309357,0.05647552013397217,-0.6624152958393097,0.055275917053222656,-0.2853984236717224,0.09910422563552856,-0.37700170278549194,0.13053268194198608,-0.4425942301750183,0.15717989206314087,-0.5048901289701462,OPEN_PALM
0.0,0.0,-0.07056963443756104,-0.04700446128845215,-0.12598341703414917,-0.13840550184249878,-0.16586792469024658,-0.2150542140007019,-0.2066943347454071,-0.26274558901786804,-0.06712761521339417,-0.3258879482746124,-0.07878026366233826,-0.45732581615448,-0.08675307035446167,-0.5433972775936127,-0.09158158302307129,-0.6195739209651947,-0.024739623069763184,-0.34158414602279663,-0.018412888050079346,-0.49432460963726044,-0.015375196933746338,-0.5964193642139435,-0.012233614921569824,-0.683955579996109,0.013680636882781982,-0.32340964674949646,0.03290063142776489,-0.4624020457267761,0.04314166307449341,-0.5582505762577057,0.051147639751434326,-0.645130455493927,0.04955565929412842,-0.2778894603252411,0.09177309274673462,-0.36690372228622437,0.12204426527023315,-0.4322114586830139,0.1477268934249878,-0.4936719089746475,OPEN_PALM
0.0,0.0,-0.06701481342315674,-0.049343228340148926,-0.11771249771118164,-0.1388002634048462,-0.15415319800376892,-0.21329116821289062,-0.19253939390182495,-0.26167863607406616,-0.06405100226402283,-0.3173036575317383,-0.07637184858322144,-0.43935418128967285,-0.085635244846344,-0.5215214788913727,-0.0916740894317627,-0.5950884222984314,-0.02585846185684204,-0.3326897621154785,-0.023671090602874756,-0.4791175127029419,-0.024216890335083008,-0.5788492858409882,-0.02416396141052246,-0.6639761030673981,0.009241998195648193,-0.3154992163181305,0.02365744113922119,-0.44902947545051575,0.02975374460220337,-0.5414446890354156,0.034317851066589355,-0.6250526309013367,0.04232746362686157,-0.27172669768333435,0.08022868633270264,-0.35811060667037964,0.10740458965301514,-0.42304742336273193,0.13068562746047974,-0.4844965636730194,OPEN_PALM
0.0,0.0,-0.05958572030067444,-0.04432857036590576,-0.10381084680557251,-0.1370282769203186,-0.13348326086997986,-0.21521466970443726,-0.17019885778427124,-0.2645045518875122,-0.06221398711204529,-0.31035736203193665,-0.0769423246383667,-0.43105852603912354,-0.08975130319595337,-0.5086663514375687,-0.09972235560417175,-0.5788326561450958,-0.028552472591400146,-0.32401660084724426,-0.03263181447982788,-0.4679369777441025,-0.03737908601760864,-0.5640588104724884,-0.04151803255081177,-0.6464655697345734,0.0033897757530212402,-0.3074953854084015,0.013425230979919434,-0.44236403703689575,0.01731693744659424,-0.5349920690059662,0.0190887451171875,-0.6198529601097107,0.03381383419036865,-0.26593735814094543,0.06672334671020508,-0.35393428802490234,0.09090578556060791,-0.4183756113052368,0.11150604486465454,-0.4811720699071884,OPEN_PALM
0.0,0.0,-0.05868244171142578,-0.04304075241088867,-0.09966528415679932,-0.13537943363189697,-0.12486374378204346,-0.2150391936302185,-0.15948104858398438,-0.26475846767425537,-0.062254905700683594,-0.30991560220718384,-0.07747742533683777,-0.4297695755958557,-0.09237450361251831,-0.5051877051591873,-0.10469189286231995,-0.5741900205612183,-0.03040093183517456,-0.32416170835494995,-0.036578357219696045,-0.46857021749019623,-0.044570744037628174,-0.5635306239128113,-0.05186516046524048,-0.6455323398113251,-0.00022518634796142578,-0.3092719316482544,0.007803499698638916,-0.4463396668434143,0.008745372295379639,-0.5375753343105316,0.008192300796508789,-0.6206830441951752,0.029004931449890137,-0.2700376510620117,0.058052778244018555,-0.3612399101257324,0.07957011461257935,-0.4269636273384094,0.0982101559638977,-0.490594819188118,OPEN_PALM
0.0,0.0,-0.06029707193374634,-0.04270285367965698,-0.10373201966285706,-0.14244335889816284,-0.1303258240222931,-0.2247515320777893,-0.16575941443443298,-0.27568668127059937,-0.06530600786209106,-0.31938910484313965,-0.08278906345367432,-0.4431976079940796,-0.09821838140487671,-0.5209873467683792,-0.1106620728969574,-0.591013491153717,-0.03247702121734619,-0.334639310836792,-0.041218578815460205,-0.4838223159313202,-0.05006051063537598,-0.5818423330783844,-0.05789339542388916,-0.6666961014270782,-0.00011563301086425781,-0.319385826587677,0.005843758583068848,-0.46228647232055664,0.006363034248352051,-0.5571841299533844,0.005515992641448975,-0.6437889933586121,0.031366944313049316,-0.2790973484516144,0.060721755027770996,-0.37535661458969116,0.08329170942306519,-0.443891704082489,0.10286808013916016,-0.5102605074644089,OPEN_PALM
0.0,0.0,-0.06355571746826172,-0.042547643184661865,-0.11120396852493286,-0.1451074481010437,-0.14208418130874634,-0.22995465993881226,-0.17994898557662964,-0.2848427891731262,-0.07211822271347046,-0.33544328808784485,-0.09012162685394287,-0.4626040458679199,-0.1058233380317688,-0.5434720814228058,-0.11892294883728027,-0.617679238319397,-0.035652339458465576,-0.35296785831451416,-0.044581592082977295,-0.5075949877500534,-0.053677260875701904,-0.6098334491252899,-0.06269329786300659,-0.6986932456493378,-0.0002282261848449707,-0.33649832010269165,0.006256282329559326,-0.48441535234451294,0.00670778751373291,-0.5836856663227081,0.004193603992462158,-0.6752898693084717,0.03379082679748535,-0.29235705733299255,0.06629186868667603,-0.3926040232181549,0.09135699272155762,-0.4645388126373291,0.11205625534057617,-0.5339042842388153,OPEN_PALM
0.0,0.0,-0.0692090392112732,-0.04762005805969238,-0.12086653709411621,-0.1545088291168213,-0.15499451756477356,-0.24162781238555908,-0.19321775436401367,-0.3021082282066345,-0.07211422920227051,-0.35154858231544495,-0.09134554862976074,-0.4818131923675537,-0.10698974132537842,-0.566437155008316,-0.11981719732284546,-0.6441986262798309,-0.033575475215911865,-0.3689851462841034,-0.04078549146652222,-0.5298555642366409,-0.04828178882598877,-0.6372134685516357,-0.0558929443359375,-0.7312527000904083,0.003005087375640869,-0.3507758378982544,0.011705458164215088,-0.5038799345493317,0.014133691787719727,-0.6088666617870331,0.013720691204071045,-0.707129031419754,0.03779566287994385,-0.30389538407325745,0.07519811391830444,-0.4059765338897705,0.10341149568557739,-0.48143714666366577,0.12703710794448853,-0.5560258477926254,OPEN_PALM
0.0,0.0,-0.07285052537918091,-0.04757559299468994,-0.13104528188705444,-0.15928709506988525,-0.16720527410507202,-0.24843859672546387,-0.20854109525680542,-0.3031308352947235,-0.07806950807571411,-0.3591705560684204,-0.09657716751098633,-0.4933673143386841,-0.11191487312316895,-0.5805763304233551,-0.12489908933639526,-0.6600137948989868,-0.03500491380691528,-0.37817105650901794,-0.04016315937042236,-0.5432785451412201,-0.04627186059951782,-0.6546498239040375,-0.05257093906402588,-0.7516224682331085,0.005808591842651367,-0.3602191209793091,0.01550137996673584,-0.5148464441299438,0.01882326602935791,-0.6241344809532166,0.019605576992034912,-0.7253648340702057,0.044549405574798584,-0.312017023563385,0.0853356122970581,-0.4172230064868927,0.11603313684463501,-0.4927642345428467,0.14226269721984863,-0.5660153925418854,OPEN_PALM
0.0,0.0,-0.08215177059173584,-0.04414379596710205,-0.14564073085784912,-0.15058386325836182,-0.18789011240005493,-0.23610597848892212,-0.2318553924560547,-0.2810356020927429,-0.08962786197662354,-0.3506990671157837,-0.10792255401611328,-0.48842036724090576,-0.12112325429916382,-0.5792534649372101,-0.1309857964515686,-0.6617271602153778,-0.0423356294631958,-0.37427860498428345,-0.04445159435272217,-0.5445235222578049,-0.046791255474090576,-0.6598214507102966,-0.04880410432815552,-0.7611600458621979,0.0024246573448181152,-0.36008918285369873,0.01479029655456543,-0.5170167088508606,0.020146548748016357,-0.6254258453845978,0.02362304925918579,-0.7257537841796875,0.0467069149017334,-0.3145218789577484,0.0892978310585022,-0.4222260117530823,0.11955291032791138,-0.49865415692329407,0.14524918794631958,-0.5726087391376495,OPEN_PALM
0.0,0.0,-0.0818629264831543,-0.036784589290618896,-0.14917680621147156,-0.1487833857536316,-0.1965477466583252,-0.23172569274902344,-0.2440185546875,-0.2669408321380615,-0.09281617403030396,-0.35781192779541016,-0.11003381013870239,-0.4980025887489319,-0.12094762921333313,-0.5923795700073242,-0.127386212348938,-0.6756040751934052,-0.04274863004684448,-0.38281938433647156,-0.04329049587249756,-0.5522356480360031,-0.044129133224487305,-0.6665359437465668,-0.04415249824523926,-0.7664027512073517,0.005138516426086426,-0.3708794116973877,0.01853114366531372,-0.5257200598716736,0.025499999523162842,-0.6333935856819153,0.03052753210067749,-0.731526792049408,0.05218416452407837,-0.32690560817718506,0.09495675563812256,-0.4323136806488037,0.12469011545181274,-0.5091142952442169,0.14929574728012085,-0.5833141207695007,OPEN_PALM
0.0,0.0,-0.08061981201171875,-0.03177434206008911,-0.1533665955066681,-0.1290147304534912,-0.20705825090408325,-0.20206880569458008,-0.25737714767456055,-0.2341141700744629,-0.09513440728187561,-0.3460265100002289,-0.11901652812957764,-0.4857024550437927,-0.13469523191452026,-0.5801361203193665,-0.1454179584980011,-0.6633413732051849,-0.04647350311279297,-0.374828964471817,-0.05122953653335571,-0.5464870929718018,-0.052888333797454834,-0.6628051102161407,-0.052098751068115234,-0.7622445821762085,0.00039714574813842773,-0.36642277240753174,0.00969475507736206,-0.5230056941509247,0.012331902980804443,-0.6296473145484924,0.014193356037139893,-0.7265087962150574,0.04639697074890137,-0.3278965651988983,0.08587878942489624,-0.436342716217041,0.11353904008865356,-0.5142662525177002,0.13646835088729858,-0.5883796811103821,OPEN_PALM
0.0,0.0,-0.0819338858127594,-0.02138453722000122,-0.1591643989086151,-0.11454379558563232,-0.21624082326889038,-0.18387430906295776,-0.2689446806907654,-0.2085208296775818,-0.11099505424499512,-0.3424050509929657,-0.1367279589176178,-0.48538652062416077,-0.15409618616104126,-0.5760898888111115,-0.16815274953842163,-0.6554434597492218,-0.06244906783103943,-0.37676310539245605,-0.0698542594909668,-0.5459497570991516,-0.0738714337348938,-0.6566465497016907,-0.07592597603797913,-0.7522551119327545,-0.015370070934295654,-0.37065842747688293,-0.008439898490905762,-0.5300818085670471,-0.006418168544769287,-0.6358769536018372,-0.005927979946136475,-0.7323161363601685,0.03157961368560791,-0.3313567340373993,0.06983238458633423,-0.43534499406814575,0.09548205137252808,-0.5129395127296448,0.11624902486801147,-0.589952290058136,OPEN_PALM
0.0,0.0,-0.08423161506652832,-0.015177726745605469,-0.16042757034301758,-0.09499633312225342,-0.21760320663452148,-0.1605844497680664,-0.27115288376808167,-0.18455982208251953,-0.11529365181922913,-0.3220904767513275,-0.14543181657791138,-0.46031755208969116,-0.16683194041252136,-0.5504964590072632,-0.1841522455215454,-0.632045179605484,-0.06756195425987244,-0.36057397723197937,-0.07578474283218384,-0.5317224264144897,-0.083656907081604,-0.6427463889122009,-0.0895974338054657,-0.7378199398517609,-0.0213392972946167,-0.35923364758491516,-0.01330554485321045,-0.5155744850635529,-0.014419496059417725,-0.6201016008853912,-0.01680353283882141,-0.7133005559444427,0.024671077728271484,-0.3247828781604767,0.06334823369979858,-0.4305417835712433,0.086040198802948,-0.5102499723434448,0.10379242897033691,-0.5864464044570923,OPEN_PALM
0.0,0.0,-0.08286988735198975,-0.013638138771057129,-0.16104674339294434,-0.09109020233154297,-0.2205127477645874,-0.15202045440673828,-0.2744269371032715,-0.17042958736419678,-0.12123164534568787,-0.31426429748535156,-0.15274304151535034,-0.449438214302063,-0.17248281836509705,-0.5378655791282654,-0.1879839301109314,-0.6182858645915985,-0.07294121384620667,-0.3557102680206299,-0.08406814932823181,-0.5223060548305511,-0.09217414259910583,-0.6300032436847687,-0.09848564863204956,-0.7240041196346283,-0.025781989097595215,-0.35660305619239807,-0.01867428421974182,-0.5130685567855835,-0.019719243049621582,-0.6148052215576172,-0.02252376079559326,-0.7065761685371399,0.020993411540985107,-0.32420051097869873,0.059073448181152344,-0.43240416049957275,0.08311253786087036,-0.5114961266517639,0.10135889053344727,-0.5874831974506378,OPEN_PALM
0.0,0.0,-0.08158338069915771,-0.010497510433197021,-0.16143471002578735,-0.08297598361968994,-0.22537994384765625,-0.13463973999023438,-0.2819168418645859,-0.14475083351135254,-0.1265004277229309,-0.30209189653396606,-0.1612876057624817,-0.43552660942077637,-0.18518421053886414,-0.5224089622497559,-0.20378831028938293,-0.6021178364753723,-0.08158957958221436,-0.3438838720321655,-0.100505530834198,-0.5068861544132233,-0.1119738519191742,-0.6167632937431335,-0.1196749210357666,-0.7129014432430267,-0.03455522656440735,-0.34781762957572937,-0.03473404049873352,-0.5032235383987427,-0.038131535053253174,-0.6061133742332458,-0.04289284348487854,-0.6994913220405579,0.014101266860961914,-0.32130980491638184,0.04653728008270264,-0.4335445165634155,0.06718546152114868,-0.5171890556812286,0.0826377272605896,-0.5970388352870941,OPEN_PALM
0.0,0.0,-0.0820130705833435,-0.004221737384796143,-0.16454094648361206,-0.07397133111953735,-0.2275875061750412,-0.1251404881477356,-0.2832084000110626,-0.13062429428100586,-0.13511639833450317,-0.292959988117218,-0.17286071181297302,-0.42185842990875244,-0.19808876514434814,-0.5076402425765991,-0.21852193772792816,-0.5851764380931854,-0.09169179201126099,-0.33885353803634644,-0.1099691390991211,-0.49766141176223755,-0.12116491794586182,-0.6064324975013733,-0.1299208402633667,-0.7003143131732941,-0.04635787010192871,-0.3447744846343994,-0.04845896363258362,-0.4938369393348694,-0.053278446197509766,-0.593103677034378,-0.05966910719871521,-0.6839675903320312,0.0015662908554077148,-0.3194202184677124,0.03493165969848633,-0.42526477575302124,0.05485391616821289,-0.5063264966011047,0.06897199153900146,-0.5856346189975739,OPEN_PALM
0.0,0.0,-0.08533784747123718,-0.0009516477584838867,-0.17094096541404724,-0.06569695472717285,-0.23989900946617126,-0.11445260047912598,-0.2996041923761368,-0.11962699890136719,-0.14073485136032104,-0.29661625623703003,-0.18207959830760956,-0.4278442859649658,-0.20905762910842896,-0.5161596536636353,-0.23073947429656982,-0.5970638692378998,-0.09509164094924927,-0.3433023691177368,-0.11302614212036133,-0.5071602761745453,-0.12459012866020203,-0.6183939576148987,-0.13406172394752502,-0.7157413959503174,-0.04821404814720154,-0.3497794270515442,-0.052187949419021606,-0.5018913149833679,-0.05925065279006958,-0.6022809743881226,-0.06728056073188782,-0.6942555904388428,0.0009733438491821289,-0.32416266202926636,0.034976422786712646,-0.4366353154182434,0.056513309478759766,-0.5182116031646729,0.07244181632995605,-0.5961596369743347,OPEN_PALM
0.0,0.0,-0.08863529562950134,0.00037598609924316406,-0.17794227600097656,-0.06174874305725098,-0.25077585875988007,-0.10516399145126343,-0.31257463991642,-0.11106264591217041,-0.15177932381629944,-0.30466127395629883,-0.19739022850990295,-0.4393843412399292,-0.226779043674469,-0.5292025804519653,-0.25080426037311554,-0.6123562753200531,-0.10436925292015076,-0.3539835214614868,-0.12474620342254639,-0.5218887329101562,-0.1371694803237915,-0.634967565536499,-0.14772135019302368,-0.7368251979351044,-0.05549359321594238,-0.36024945974349976,-0.06167334318161011,-0.5189182758331299,-0.06938439607620239,-0.6233278214931488,-0.07897219061851501,-0.7217790484428406,-0.004618316888809204,-0.3335726857185364,0.027539610862731934,-0.4521210491657257,0.048060834407806396,-0.5364142656326294,0.06272679567337036,-0.6183365285396576,OPEN_PALM
0.0,0.0,-0.08876186609268188,-0.00012004375457763672,-0.17743799090385437,-0.06144148111343384,-0.24861690402030945,-0.10841125249862671,-0.31022535264492035,-0.12233299016952515,-0.15531767904758453,-0.3030241131782532,-0.20654645562171936,-0.433341383934021,-0.24007438123226166,-0.5191218554973602,-0.26699942350387573,-0.5996060073375702,-0.10938775539398193,-0.35737860202789307,-0.13568881154060364,-0.522577315568924,-0.15122464299201965,-0.6373730301856995,-0.16307146847248077,-0.7395370006561279,-0.05989930033683777,-0.36826300621032715,-0.06928333640098572,-0.5275053977966309,-0.07666108012199402,-0.6297453939914703,-0.08538126945495605,-0.7258828282356262,-0.007757753133773804,-0.34455353021621704,0.02265903353691101,-0.461966335773468,0.04111754894256592,-0.5500259101390839,0.054578691720962524,-0.6360664367675781,OPEN_PALM
0.0,0.0,-0.08502382040023804,0.0010956525802612305,-0.17102929949760437,-0.06424129009246826,-0.2383982241153717,-0.11745947599411011,-0.29644718766212463,-0.13801568746566772,-0.15463820099830627,-0.3125103712081909,-0.2060306966304779,-0.4435839056968689,-0.24286364018917084,-0.5264565944671631,-0.2734265774488449,-0.6010889112949371,-0.11049988865852356,-0.3632533550262451,-0.1394130289554596,-0.5297865271568298,-0.15890930593013763,-0.6446320116519928,-0.17455217242240906,-0.7430980205535889,-0.0623089075088501,-0.37370336055755615,-0.07234901189804077,-0.5354437530040741,-0.08124157786369324,-0.6444983780384064,-0.09149569272994995,-0.7435618937015533,-0.01101762056350708,-0.35232067108154297,0.018360406160354614,-0.4800094962120056,0.0370635986328125,-0.5713707804679871,0.0509454607963562,-0.6571673452854156,OPEN_PALM
0.0,0.0,-0.08424431085586548,-0.004242420196533203,-0.16862845420837402,-0.08196800947189331,-0.23344549536705017,-0.1426801085472107,-0.2909186780452728,-0.16615283489227295,-0.15894845128059387,-0.3306659460067749,-0.21536767482757568,-0.4591766595840454,-0.2555274963378906,-0.5404760241508484,-0.2891189008951187,-0.6149394810199738,-0.11887660622596741,-0.3798120617866516,-0.15551027655601501,-0.5489968359470367,-0.18176928162574768,-0.6656709015369415,-0.2036072462797165,-0.7659550905227661,-0.07402414083480835,-0.38975828886032104,-0.09303593635559082,-0.5532273948192596,-0.10998949408531189,-0.6634159982204437,-0.12730589509010315,-0.7636089324951172,-0.026529520750045776,-0.36911240220069885,-0.007660388946533203,-0.5018843412399292,0.0049176812171936035,-0.5997048020362854,0.014479964971542358,-0.6936629712581635,OPEN_PALM
0.0,0.0,-0.08628350496292114,-0.011856377124786377,-0.1653345227241516,-0.1065639853477478,-0.2203570306301117,-0.17529195547103882,-0.27439044415950775,-0.20461565256118774,-0.15808114409446716,-0.3501681685447693,-0.21584784984588623,-0.4768112301826477,-0.25995589792728424,-0.5537548065185547,-0.29857179522514343,-0.6253134310245514,-0.12260597944259644,-0.3948216736316681,-0.16375412046909332,-0.5692607164382935,-0.19711050391197205,-0.6845897436141968,-0.2267458140850067,-0.7836757600307465,-0.08188179135322571,-0.3999902307987213,-0.10125195980072021,-0.5782330930233002,-0.12271133065223694,-0.694876104593277,-0.14528316259384155,-0.7998484373092651,-0.03867033123970032,-0.37221473455429077,-0.022126108407974243,-0.5163594782352448,-0.0139407217502594,-0.6217903792858124,-0.009040147066116333,-0.7226324081420898,OPEN_PALM
0.0,0.0,-0.08430111408233643,-0.017792224884033203,-0.16370895504951477,-0.12148332595825195,-0.2171616554260254,-0.19552016258239746,-0.2703963667154312,-0.2235555648803711,-0.15574383735656738,-0.34412479400634766,-0.2154257893562317,-0.4683360457420349,-0.2587612122297287,-0.5468997955322266,-0.29491761326789856,-0.6205020248889923,-0.11918389797210693,-0.390055775642395,-0.1623740792274475,-0.5632956624031067,-0.19330598413944244,-0.6796916425228119,-0.21973535418510437,-0.7819325029850006,-0.07631924748420715,-0.39483165740966797,-0.09769344329833984,-0.5699805319309235,-0.11609935760498047,-0.685892641544342,-0.13568788766860962,-0.7925612032413483,-0.029949218034744263,-0.36584997177124023,-0.011078238487243652,-0.5045907497406006,0.0008650124073028564,-0.6055258512496948,0.00853872299194336,-0.7027033865451813,OPEN_PALM
0.0,0.0,-0.08230704069137573,-0.013271689414978027,-0.15952876210212708,-0.09963202476501465,-0.2127077579498291,-0.16059350967407227,-0.26525141298770905,-0.18148094415664673,-0.14480742812156677,-0.30771899223327637,-0.19983631372451782,-0.42221319675445557,-0.24174796044826508,-0.49406924843788147,-0.2795712649822235,-0.5601946115493774,-0.10652989149093628,-0.35071003437042236,-0.14087241888046265,-0.5128781497478485,-0.16787996888160706,-0.6212662160396576,-0.19261181354522705,-0.7161328792572021,-0.06403863430023193,-0.35500556230545044,-0.08100554347038269,-0.5135093331336975,-0.0985560417175293,-0.6231684982776642,-0.11802884936332703,-0.7247902452945709,-0.018265604972839355,-0.3281794786453247,0.004055529832839966,-0.45132654905319214,0.020130038261413574,-0.5408147573471069,0.031072229146957397,-0.6258251070976257,OPEN_PALM
0.0,0.0,-0.07447165250778198,-0.013343274593353271,-0.14460253715515137,-0.08351963758468628,-0.1950800120830536,-0.13523095846176147,-0.24247746169567108,-0.1571478247642517,-0.12708711624145508,-0.2669420838356018,-0.16912585496902466,-0.3730643689632416,-0.20074549317359924,-0.4395780861377716,-0.2294064611196518,-0.5002875924110413,-0.09197881817817688,-0.3055562973022461,-0.11816087365150452,-0.44689610600471497,-0.13806062936782837,-0.5434193909168243,-0.15598049759864807,-0.6286253929138184,-0.05310046672821045,-0.3084341287612915,-0.06265094876289368,-0.4477744698524475,-0.07342943549156189,-0.5435591638088226,-0.08643800020217896,-0.632628470659256,-0.011065393686294556,-0.2830052971839905,0.013486683368682861,-0.3866031765937805,0.028314650058746338,-0.4639476537704468,0.03798627853393555,-0.5389541983604431,OPEN_PALM
0.0,0.0,-0.06432497501373291,-0.009550631046295166,-0.1293393075466156,-0.07304418087005615,-0.17950177192687988,-0.1159522533416748,-0.22364291548728943,-0.1190308928489685,-0.11152347922325134,-0.23892593383789062,-0.14798244833946228,-0.3305240273475647,-0.17506280541419983,-0.387777179479599,-0.1998993456363678,-0.43954962491989136,-0.08006954193115234,-0.27486521005630493,-0.10143476724624634,-0.3967711925506592,-0.11857503652572632,-0.47680777311325073,-0.13503336906433105,-0.5465412139892578,-0.044748455286026,-0.27936795353889465,-0.052592188119888306,-0.40296655893325806,-0.061217159032821655,-0.48654794692993164,-0.07259872555732727,-0.5636619031429291,-0.007350414991378784,-0.25886374711990356,0.015396088361740112,-0.3540043234825134,0.029265135526657104,-0.4237188696861267,0.037901848554611206,-0.490466445684433,OPEN_PALM
0.0,0.0,-0.06062838435173035,-0.001883864402770996,-0.12257856130599976,-0.05671721696853638,-0.1690046489238739,-0.09559458494186401,-0.2085462510585785,-0.0973857045173645,-0.10552743077278137,-0.21610188484191895,-0.13962066173553467,-0.30038532614707947,-0.16318359971046448,-0.35519081354141235,-0.1842295229434967,-0.40465790033340454,-0.07633739709854126,-0.2522624135017395,-0.09526699781417847,-0.3657098412513733,-0.11005723476409912,-0.43959173560142517,-0.12413465976715088,-0.5028276443481445,-0.043605923652648926,-0.25819826126098633,-0.050337910652160645,-0.37333500385284424,-0.058487772941589355,-0.44954466819763184,-0.06893736124038696,-0.519382506608963,-0.008997470140457153,-0.24018824100494385,0.01175341010093689,-0.32736170291900635,0.023969024419784546,-0.39134520292282104,0.03157207369804382,-0.4527657628059387,OPEN_PALM
0.0,0.0,-0.05558404326438904,0.00028651952743530273,-0.11062318086624146,-0.04758739471435547,-0.14967715740203857,-0.08630049228668213,-0.18167585134506226,-0.0956188440322876,-0.095069020986557,-0.19742006063461304,-0.12546032667160034,-0.2750636041164398,-0.14591500163078308,-0.32605603337287903,-0.1625584363937378,-0.37208011746406555,-0.06833672523498535,-0.23104003071784973,-0.0856209397315979,-0.33774620294570923,-0.09806481003761292,-0.4071844220161438,-0.10861793160438538,-0.46608272194862366,-0.03902238607406616,-0.2385345697402954,-0.04513433575630188,-0.3437792658805847,-0.052388906478881836,-0.4117164611816406,-0.060365885496139526,-0.47220975160598755,-0.007860422134399414,-0.2254224419593811,0.010515213012695312,-0.3058297634124756,0.02189427614212036,-0.3644615709781647,0.030194520950317383,-0.42020007967948914,OPEN_PALM
0.0,0.0,-0.05304226279258728,-0.007202565670013428,-0.10259586572647095,-0.057014286518096924,-0.13741332292556763,-0.09813684225082397,-0.16766393184661865,-0.11005020141601562,-0.08284109830856323,-0.19633162021636963,-0.11007285118103027,-0.27290838956832886,-0.1277371346950531,-0.3216035068035126,-0.14165210723876953,-0.3658409118652344,-0.05605795979499817,-0.22624754905700684,-0.07101398706436157,-0.3240589499473572,-0.0807686448097229,-0.3870237469673157,-0.08827897906303406,-0.4410787522792816,-0.02834358811378479,-0.2327512502670288,-0.030965209007263184,-0.3291490077972412,-0.03455132246017456,-0.39140233397483826,-0.03873324394226074,-0.4462398290634155,-0.00030285120010375977,-0.22087332606315613,0.0158727765083313,-0.29217132925987244,0.026944220066070557,-0.34436851739883423,0.035744309425354004,-0.39326730370521545,OPEN_PALM
0.0,0.0,-0.04758036136627197,-0.01101994514465332,-0.09434503316879272,-0.06152915954589844,-0.1279931664466858,-0.10183405876159668,-0.15799003839492798,-0.11335247755050659,-0.0737745463848114,-0.19003283977508545,-0.09741756319999695,-0.26457637548446655,-0.11263558268547058,-0.3128644824028015,-0.12469920516014099,-0.3567296266555786,-0.04718512296676636,-0.21649283170700073,-0.05868399143218994,-0.3106178641319275,-0.06599447131156921,-0.37158888578414917,-0.07201164960861206,-0.4253504276275635,-0.02000725269317627,-0.21892079710960388,-0.020976364612579346,-0.3139459788799286,-0.024420499801635742,-0.3745579421520233,-0.029171079397201538,-0.4306847155094147,0.007413923740386963,-0.20204922556877136,0.02636009454727173,-0.26970818638801575,0.03893721103668213,-0.3206771910190582,0.04836630821228027,-0.3713723421096802,OPEN_PALM
0.0,0.0,-0.04669910669326782,-0.012529194355010986,-0.09174871444702148,-0.06510668992996216,-0.12500885128974915,-0.10748046636581421,-0.15443846583366394,-0.1199292540550232,-0.06897667050361633,-0.19281014800071716,-0.08940935134887695,-0.2678338587284088,-0.10277250409126282,-0.3154944181442261,-0.11309671401977539,-0.35769206285476685,-0.04416859149932861,-0.2161005735397339,-0.055232226848602295,-0.3092622458934784,-0.0606745183467865,-0.36859115958213806,-0.06397539377212524,-0.417982816696167,-0.017486929893493652,-0.21801206469535828,-0.018022596836090088,-0.30645909905433655,-0.019531726837158203,-0.3632963299751282,-0.021714746952056885,-0.41301602125167847,0.009959220886230469,-0.20215165615081787,0.028812825679779053,-0.2652833163738251,0.04199254512786865,-0.31211209297180176,0.05284363031387329,-0.35623878240585327,OPEN_PALM
0.0,0.0,-0.04499697685241699,-0.011755943298339844,-0.0868944525718689,-0.06981104612350464,-0.11692506074905396,-0.11624187231063843,-0.14699846506118774,-0.13484865427017212,-0.06327158212661743,-0.19913935661315918,-0.08095893263816833,-0.27378982305526733,-0.09261578321456909,-0.32239893078804016,-0.10210803151130676,-0.3656972646713257,-0.03679400682449341,-0.22013017535209656,-0.04233795404434204,-0.3124896287918091,-0.046904921531677246,-0.3710423409938812,-0.051429569721221924,-0.42141711711883545,-0.010043203830718994,-0.21912336349487305,-0.008255720138549805,-0.30802109837532043,-0.0083656907081604,-0.3655106723308563,-0.010536670684814453,-0.41976118087768555,0.01715773344039917,-0.19860035181045532,0.03509724140167236,-0.26235654950141907,0.04825413227081299,-0.3074026107788086,0.05793362855911255,-0.3518373966217041,OPEN_PALM
0.0,0.0,-0.05040866136550903,-0.011317074298858643,-0.09406334161758423,-0.06044191122055054,-0.12230601906776428,-0.10995727777481079,-0.1528136134147644,-0.13106024265289307,-0.061743199825286865,-0.19868025183677673,-0.07938247919082642,-0.275176078081131,-0.09131476283073425,-0.32500022649765015,-0.10045886039733887,-0.3711566925048828,-0.034517765045166016,-0.2183130383491516,-0.040723979473114014,-0.3115990161895752,-0.04438287019729614,-0.37235167622566223,-0.04686182737350464,-0.42633096873760223,-0.0073250532150268555,-0.21645724773406982,-0.006028175354003906,-0.30160677433013916,-0.00614553689956665,-0.3568015694618225,-0.007100939750671387,-0.40868115425109863,0.01987355947494507,-0.19892212748527527,0.033903658390045166,-0.26456984877586365,0.04569387435913086,-0.30688488483428955,0.055598437786102295,-0.3471851050853729,OPEN_PALM
0.0,0.0,-0.04957050085067749,-0.015441596508026123,-0.09264642000198364,-0.05790477991104126,-0.12390711903572083,-0.10238522291183472,-0.15259593725204468,-0.13165342807769775,-0.06166893243789673,-0.1931886076927185,-0.08078932762145996,-0.2717273235321045,-0.09268206357955933,-0.3220079243183136,-0.10163480043411255,-0.3674231469631195,-0.035056352615356445,-0.21287980675697327,-0.041095614433288574,-0.30635684728622437,-0.04444164037704468,-0.36550989747047424,-0.046924710273742676,-0.4194526970386505,-0.008927345275878906,-0.21215826272964478,-0.008776664733886719,-0.2995414733886719,-0.008142828941345215,-0.35505396127700806,-0.008219301700592041,-0.40712305903434753,0.0177609920501709,-0.19539445638656616,0.03468918800354004,-0.2570131719112396,0.04758453369140625,-0.2997044622898102,0.05825483798980713,-0.3402822017669678,OPEN_PALM
0.0,0.0,-0.048306405544281006,-0.020373404026031494,-0.08968281745910645,-0.06901055574417114,-0.12158358097076416,-0.11630439758300781,-0.15282991528511047,-0.14098775386810303,-0.05923980474472046,-0.19952818751335144,-0.0738028883934021,-0.2819095551967621,-0.08325093984603882,-0.33654987812042236,-0.09021866321563721,-0.38555681705474854,-0.031446874141693115,-0.21792200207710266,-0.035308778285980225,-0.31316831707954407,-0.03723716735839844,-0.374794602394104,-0.03869295120239258,-0.4314955472946167,-0.004662692546844482,-0.21532994508743286,-0.0025202035903930664,-0.30378258228302,-0.0007505416870117188,-0.35972344875335693,0.00010353326797485352,-0.41009241342544556,0.021737635135650635,-0.1953020989894867,0.038581252098083496,-0.25590980052948,0.050880491733551025,-0.29781824350357056,0.06108957529067993,-0.33692169189453125,OPEN_PALM
0.0,0.0,-0.047731995582580566,-0.02253735065460205,-0.0891616940498352,-0.0788031816482544,-0.12002044916152954,-0.1297835111618042,-0.15072035789489746,-0.15411758422851562,-0.0587884783744812,-0.2056482434272766,-0.07389777898788452,-0.2904316186904907,-0.08212274312973022,-0.34510916471481323,-0.0870770812034607,-0.3931903839111328,-0.029719233512878418,-0.22313281893730164,-0.03131699562072754,-0.32050013542175293,-0.03122001886367798,-0.38346391916275024,-0.03048872947692871,-0.43830975890159607,-0.0018725395202636719,-0.21920731663703918,0.003115236759185791,-0.3087007701396942,0.006163477897644043,-0.3649398386478424,0.008009374141693115,-0.41491785645484924,0.025015950202941895,-0.1986904740333557,0.0443609356880188,-0.259714275598526,0.058315932750701904,-0.3017522096633911,0.06973403692245483,-0.3404514193534851,OPEN_PALM
0.0,0.0,-0.04965198040008545,-0.021908998489379883,-0.0920705795288086,-0.08367526531219482,-0.12341874837875366,-0.13764959573745728,-0.15367215871810913,-0.15974408388137817,-0.05775809288024902,-0.2111799120903015,-0.07191413640975952,-0.2934509515762329,-0.07791244983673096,-0.34780406951904297,-0.08070796728134155,-0.3962583839893341,-0.028360962867736816,-0.22934827208518982,-0.030479490756988525,-0.32752764225006104,-0.03088623285293579,-0.39164119958877563,-0.030197501182556152,-0.44785913825035095,-0.0001620650291442871,-0.2251061201095581,0.004231870174407959,-0.3160681426525116,0.006539762020111084,-0.37390464544296265,0.008047282695770264,-0.42501020431518555,0.027350425720214844,-0.2038186490535736,0.04630875587463379,-0.2670525312423706,0.06010013818740845,-0.31018269062042236,0.07162278890609741,-0.34972238540649414,OPEN_PALM
0.0,0.0,-0.051684677600860596,-0.026001691818237305,-0.09541702270507812,-0.09280979633331299,-0.12669456005096436,-0.15065932273864746,-0.15647214651107788,-0.17684108018875122,-0.0587846040725708,-0.22319990396499634,-0.07263636589050293,-0.3093026280403137,-0.0792352557182312,-0.36405816674232483,-0.08296257257461548,-0.4138607978820801,-0.027611196041107178,-0.2412230372428894,-0.02866053581237793,-0.3422888517379761,-0.02849966287612915,-0.4090646803379059,-0.02753692865371704,-0.4669969975948334,0.0013880729675292969,-0.23553311824798584,0.007423877716064453,-0.3281751275062561,0.010415196418762207,-0.3872603476047516,0.012139856815338135,-0.44017165899276733,0.02905219793319702,-0.211722731590271,0.05043351650238037,-0.2770695090293884,0.06577432155609131,-0.32172614336013794,0.07855921983718872,-0.3641121983528137,OPEN_PALM
0.0,0.0,-0.05239212512969971,-0.026897072792053223,-0.09603309631347656,-0.09869658946990967,-0.12678462266921997,-0.15968233346939087,-0.1576884388923645,-0.1892169713973999,-0.05696612596511841,-0.23418259620666504,-0.07152646780014038,-0.3235194683074951,-0.07945537567138672,-0.3803982734680176,-0.08432954549789429,-0.4325195848941803,-0.024667024612426758,-0.25214263796806335,-0.02469813823699951,-0.3595225214958191,-0.023859143257141113,-0.42966771125793457,-0.02229177951812744,-0.4897310137748718,0.005246460437774658,-0.24476832151412964,0.013161718845367432,-0.3427954316139221,0.01712214946746826,-0.4064461588859558,0.019529759883880615,-0.4641132652759552,0.03353285789489746,-0.21840131282806396,0.05630326271057129,-0.2878168821334839,0.07298684120178223,-0.3351123332977295,0.08696186542510986,-0.38018643856048584,OPEN_PALM
0.0,0.0,-0.05845993757247925,-0.030290961265563965,-0.10693269968032837,-0.1115037202835083,-0.1402071714401245,-0.1803112030029297,-0.1733761429786682,-0.2164197564125061,-0.06342095136642456,-0.25681084394454956,-0.08095282316207886,-0.35180866718292236,-0.09096646308898926,-0.4120780825614929,-0.09778708219528198,-0.4675323963165283,-0.030021250247955322,-0.2786921262741089,-0.0329928994178772,-0.3959974944591522,-0.03423774242401123,-0.4732744097709656,-0.034274935722351074,-0.5377691388130188,0.0014513731002807617,-0.27233800292015076,0.007249712944030762,-0.3786000609397888,0.00999230146408081,-0.4486014246940613,0.011674702167510986,-0.5116614997386932,0.03162705898284912,-0.24554413557052612,0.054327547550201416,-0.3227280080318451,0.07157546281814575,-0.37492579221725464,0.08642476797103882,-0.4250952899456024,OPEN_PALM
0.0,0.0,-0.060362815856933594,-0.035027146339416504,-0.1103166937828064,-0.12574338912963867,-0.1451776623725891,-0.20154136419296265,-0.18046873807907104,-0.24233615398406982,-0.06745326519012451,-0.27974873781204224,-0.08686262369155884,-0.38078397512435913,-0.10006469488143921,-0.4450255036354065,-0.11039566993713379,-0.5050630867481232,-0.03286975622177124,-0.3035699129104614,-0.03776741027832031,-0.42907148599624634,-0.04159003496170044,-0.512222558259964,-0.044837355613708496,-0.5823238790035248,0.00044590234756469727,-0.2972331643104553,0.00417715311050415,-0.4147104322910309,0.004482090473175049,-0.4903643727302551,0.003268718719482422,-0.5587657988071442,0.032662808895111084,-0.2684481739997864,0.055577754974365234,-0.35570472478866577,0.07269811630249023,-0.4152679443359375,0.08701694011688232,-0.47197410464286804,OPEN_PALM
0.0,0.0,-0.06012171506881714,-0.04548990726470947,-0.10785096883773804,-0.14602923393249512,-0.1405656337738037,-0.22577250003814697,-0.1750791370868683,-0.270804762840271,-0.06206023693084717,-0.29793092608451843,-0.08185684680938721,-0.4039781093597412,-0.09578472375869751,-0.4704822301864624,-0.10611081123352051,-0.532906711101532,-0.027177274227142334,-0.3183000385761261,-0.03208357095718384,-0.4495948553085327,-0.036155879497528076,-0.5367149412631989,-0.0396236777305603,-0.6110388338565826,0.006062686443328857,-0.3076203465461731,0.012710630893707275,-0.4325382709503174,0.015355110168457031,-0.5153455436229706,0.01619863510131836,-0.5902982950210571,0.03762078285217285,-0.2756003141403198,0.06273210048675537,-0.36764347553253174,0.08176374435424805,-0.4320020377635956,0.09827691316604614,-0.49305135011672974,OPEN_PALM
0.0,0.0,-0.05695664882659912,-0.04870295524597168,-0.10095113515853882,-0.15703356266021729,-0.12972795963287354,-0.2401059865951538,-0.16265177726745605,-0.2847903072834015,-0.054728567600250244,-0.3107570707798004,-0.07549881935119629,-0.4189243018627167,-0.09036117792129517,-0.48780685663223267,-0.10070550441741943,-0.5518930852413177,-0.020257413387298584,-0.328563392162323,-0.024278223514556885,-0.4634193181991577,-0.029070019721984863,-0.553447961807251,-0.0338059663772583,-0.6309873163700104,0.011800408363342285,-0.3160187005996704,0.019924163818359375,-0.4449027478694916,0.021971285343170166,-0.5331805944442749,0.021919667720794678,-0.6136465668678284,0.04157954454421997,-0.2820790410041809,0.06750500202178955,-0.37673208117485046,0.08649629354476929,-0.4448319673538208,0.10229820013046265,-0.5107072591781616,OPEN_PALM
0.0,0.0,-0.06057417392730713,-0.056890010833740234,-0.10136783123016357,-0.1736232042312622,-0.12740260362625122,-0.2643921375274658,-0.16298744082450867,-0.3096749186515808,-0.05609828233718872,-0.33328598737716675,-0.07700133323669434,-0.4476228952407837,-0.09377545118331909,-0.5180902481079102,-0.10730952024459839,-0.5844877362251282,-0.020771503448486328,-0.3495232164859772,-0.026519179344177246,-0.4900883138179779,-0.03379058837890625,-0.5839829444885254,-0.041322290897369385,-0.665968120098114,0.011537671089172363,-0.33507564663887024,0.01849609613418579,-0.47054988145828247,0.018597185611724854,-0.5639834403991699,0.01659083366394043,-0.6487473249435425,0.040909767150878906,-0.29912951588630676,0.0639418363571167,-0.40096229314804077,0.08010560274124146,-0.47418248653411865,0.09356337785720825,-0.5448198616504669,OPEN_PALM
0.0,0.0,-0.06835782527923584,-0.06305897235870361,-0.11249476671218872,-0.18721717596054077,-0.14141112565994263,-0.28457146883010864,-0.1815568208694458,-0.33653783798217773,-0.06598484516143799,-0.3589909076690674,-0.08792251348495483,-0.4846770763397217,-0.10717427730560303,-0.5601514577865601,-0.12326705455780029,-0.631433516740799,-0.02727144956588745,-0.37690943479537964,-0.03560638427734375,-0.5296250581741333,-0.0455966591835022,-0.6323142647743225,-0.0556451678276062,-0.7236214578151703,0.008777379989624023,-0.36100709438323975,0.015053153038024902,-0.5098301768302917,0.013645529747009277,-0.6125226616859436,0.010170280933380127,-0.7065241634845734,0.04185628890991211,-0.321580708026886,0.06599485874176025,-0.4348904490470886,0.08283829689025879,-0.5163709223270416,0.09688037633895874,-0.5960525870323181,OPEN_PALM
0.0,0.0,-0.08157390356063843,-0.07925081253051758,-0.13188642263412476,-0.2066953182220459,-0.17012092471122742,-0.30702853202819824,-0.21622031927108765,-0.36938947439193726,-0.07919669151306152,-0.3945971131324768,-0.10652226209640503,-0.5316578149795532,-0.1287693977355957,-0.6136933863162994,-0.14708906412124634,-0.6923599243164062,-0.03600090742111206,-0.41324353218078613,-0.04923826456069946,-0.5832464098930359,-0.062153637409210205,-0.6957127153873444,-0.0750855803489685,-0.7947390973567963,0.004109323024749756,-0.39594703912734985,0.005806446075439453,-0.5627492666244507,0.0025838613510131836,-0.6746277213096619,-0.0022369027137756348,-0.7774046063423157,0.04225945472717285,-0.3562157154083252,0.06283777952194214,-0.48820531368255615,0.07867270708084106,-0.5778352618217468,0.09292131662368774,-0.6651709973812103,OPEN_PALM
0.0,0.0,-0.08087676763534546,-0.07104378938674927,-0.1442224383354187,-0.20701825618743896,-0.19141265749931335,-0.31315505504608154,-0.23737752437591553,-0.3885002136230469,-0.08253765106201172,-0.4233626127243042,-0.10956209897994995,-0.5738451480865479,-0.12945663928985596,-0.6722647249698639,-0.14399978518486023,-0.7636328935623169,-0.0305025577545166,-0.44905179738998413,-0.03695493936538696,-0.6401250958442688,-0.04389137029647827,-0.7678149342536926,-0.050950467586517334,-0.8800165951251984,0.019442737102508545,-0.42907220125198364,0.028880417346954346,-0.6129559278488159,0.03201735019683838,-0.7361692786216736,0.03216719627380371,-0.8508654832839966,0.06804686784744263,-0.3757363557815552,0.10445380210876465,-0.5097954869270325,0.1307089924812317,-0.6051084399223328,0.1525019407272339,-0.6971349716186523,OPEN_PALM
0.0,0.0,-0.08572036027908325,-0.05713927745819092,-0.15599578619003296,-0.19220364093780518,-0.21065977215766907,-0.3022311329841614,-0.26575136184692383,-0.3686063289642334,-0.08554160594940186,-0.4300451874732971,-0.10590749979019165,-0.5961614847183228,-0.11909705400466919,-0.7065255343914032,-0.12640470266342163,-0.8084092438220978,-0.024704456329345703,-0.45740067958831787,-0.021488189697265625,-0.6644274890422821,-0.016946136951446533,-0.8036036193370819,-0.012415945529937744,-0.9269952774047852,0.03191947937011719,-0.43497025966644287,0.049505531787872314,-0.6269798278808594,0.05907797813415527,-0.7537326514720917,0.0654517412185669,-0.8726127743721008,0.086495041847229,-0.37726885080337524,0.1331101655960083,-0.5130871534347534,0.16659969091415405,-0.6091626584529877,0.1945333480834961,-0.7029597163200378,OPEN_PALM
0.0,0.0,-0.09099924564361572,-0.05618321895599365,-0.16598165035247803,-0.18790042400360107,-0.22832509875297546,-0.30070650577545166,-0.29246434569358826,-0.36834824085235596,-0.08773350715637207,-0.4543081521987915,-0.10384738445281982,-0.6346162557601929,-0.11537352204322815,-0.7555425763130188,-0.12314540147781372,-0.8622079789638519,-0.024565517902374268,-0.4781707227230072,-0.012876689434051514,-0.6973163187503815,-0.0026993751525878906,-0.8463203012943268,0.006445407867431641,-0.9768892526626587,0.03221738338470459,-0.4530021548271179,0.05328875780105591,-0.6510555148124695,0.06714850664138794,-0.7818665206432343,0.07783252000808716,-0.9044262170791626,0.08761835098266602,-0.3907296657562256,0.13846319913864136,-0.5266180336475372,0.1742868423461914,-0.6199671030044556,0.20457541942596436,-0.7111846804618835,OPEN_PALM
0.0,0.0,-0.09527140855789185,-0.0482332706451416,-0.17012715339660645,-0.17164647579193115,-0.23225954174995422,-0.2836822271347046,-0.2992265820503235,-0.34937381744384766,-0.08829569816589355,-0.44595152139663696,-0.09833186864852905,-0.6336409449577332,-0.10382452607154846,-0.7637095749378204,-0.10445833206176758,-0.8791592121124268,-0.02260488271713257,-0.4718882739543915,-0.005073428153991699,-0.695647656917572,0.00910484790802002,-0.8495999574661255,0.023923039436340332,-0.9892595410346985,0.03505146503448486,-0.447642058134079,0.06288880109786987,-0.6485449075698853,0.08046334981918335,-0.7845862805843353,0.09530854225158691,-0.9111893177032471,0.09035485982894897,-0.3844042420387268,0.1480402946472168,-0.5150035619735718,0.18854093551635742,-0.6043862402439117,0.22252941131591797,-0.6918829083442688,OPEN_PALM
0.0,0.0,-0.09340494871139526,-0.05168348550796509,-0.16478100419044495,-0.17047268152236938,-0.23001980781555176,-0.276284396648407,-0.3018900156021118,-0.33074939250946045,-0.07462987303733826,-0.4482901692390442,-0.07136881351470947,-0.6446560025215149,-0.0644567608833313,-0.7782813906669617,-0.05276164412498474,-0.8940027058124542,-0.007426559925079346,-0.4697650969028473,0.01830422878265381,-0.6848157048225403,0.03959685564041138,-0.8287417888641357,0.0627475380897522,-0.9609188437461853,0.05084329843521118,-0.44316530227661133,0.08732712268829346,-0.6410374641418457,0.11119061708450317,-0.776683896780014,0.13313668966293335,-0.9001181721687317,0.10415691137313843,-0.37640976905822754,0.16826385259628296,-0.4909502863883972,0.21111845970153809,-0.5729109942913055,0.24864482879638672,-0.6525686681270599,OPEN_PALM
0.0,0.0,-0.08884724974632263,-0.05751919746398926,-0.15862387418746948,-0.17370378971099854,-0.22317969799041748,-0.2732962965965271,-0.29591065645217896,-0.316036581993103,-0.051953017711639404,-0.45919540524482727,-0.04072737693786621,-0.6686717569828033,-0.02500283718109131,-0.8105757236480713,-0.0065498948097229,-0.9327687621116638,0.017012596130371094,-0.4696574807167053,0.05547839403152466,-0.6826056838035583,0.08832448720932007,-0.8236491680145264,0.12132352590560913,-0.9538677930831909,0.07302415370941162,-0.43329742550849915,0.11669069528579712,-0.6266962289810181,0.1448994278907776,-0.7519672513008118,0.1707485318183899,-0.8660978674888611,0.12241947650909424,-0.3584296703338623,0.18981456756591797,-0.46242257952690125,0.23571091890335083,-0.5326792299747467,0.2762299180030823,-0.6041560769081116,OPEN_PALM
0.0,0.0,-0.0845714807510376,-0.04918152093887329,-0.14972984790802002,-0.14828705787658691,-0.2116866111755371,-0.23955857753753662,-0.2837983965873718,-0.2909576892852783,-0.042222023010253906,-0.4484630227088928,-0.02777668833732605,-0.6565675735473633,-0.010943830013275146,-0.8007778227329254,0.006514549255371094,-0.9226158857345581,0.025608539581298828,-0.4620588719844818,0.06247520446777344,-0.6856952905654907,0.09051716327667236,-0.8380621671676636,0.11673891544342041,-0.9793728590011597,0.08025825023651123,-0.42754387855529785,0.12303805351257324,-0.625016987323761,0.15047645568847656,-0.7498238980770111,0.1746610403060913,-0.8616295158863068,0.12743401527404785,-0.3524947166442871,0.19386518001556396,-0.4528357982635498,0.23770129680633545,-0.5215500593185425,0.2766852378845215,-0.590934693813324,OPEN_PALM
0.0,0.0,-0.0826641321182251,-0.048930466175079346,-0.14875954389572144,-0.13866448402404785,-0.2120300531387329,-0.21865087747573853,-0.28448742628097534,-0.2646569013595581,-0.023642420768737793,-0.42602428793907166,-0.002078533172607422,-0.6258886456489563,0.020591318607330322,-0.7624655067920685,0.04457741975784302,-0.8841525614261627,0.04856604337692261,-0.4345901608467102,0.09659820795059204,-0.653245598077774,0.13429325819015503,-0.8034040927886963,0.17093628644943237,-0.9463324546813965,0.10334378480911255,-0.3906075358390808,0.15776938199996948,-0.5868366360664368,0.1950778365135193,-0.7117582261562347,0.2291731834411621,-0.8268918097019196,0.1483745574951172,-0.30587083101272583,0.22506952285766602,-0.4003690481185913,0.2786697745323181,-0.46406489610671997,0.3272474408149719,-0.5311853885650635,OPEN_PALM
0.0,0.0,-0.08630281686782837,-0.016050398349761963,-0.15402507781982422,-0.09906214475631714,-0.20599576830863953,-0.17774778604507446,-0.274443119764328,-0.23858660459518433,-0.020945250988006592,-0.3361353576183319,0.009045004844665527,-0.52928227186203,0.03698760271072388,-0.6589785516262054,0.06615573167800903,-0.7759969234466553,0.056826114654541016,-0.33611026406288147,0.11831742525100708,-0.5467830896377563,0.16855263710021973,-0.6741816997528076,0.21837365627288818,-0.803507000207901,0.11151593923568726,-0.2916465401649475,0.18180233240127563,-0.47450727224349976,0.2340238094329834,-0.598566472530365,0.28064966201782227,-0.7109988033771515,0.15399420261383057,-0.20898330211639404,0.23977571725845337,-0.2942313253879547,0.3007807731628418,-0.3469451665878296,0.3537980318069458,-0.401841938495636,OPEN_PALM
0.0,0.0,-0.09141620993614197,-0.007221579551696777,-0.15712085366249084,-0.08233612775802612,-0.20314747095108032,-0.14807450771331787,-0.2673136293888092,-0.2096313238143921,-0.02818518877029419,-0.2622951865196228,-0.00936126708984375,-0.4347649812698364,0.009750425815582275,-0.5578987300395966,0.031951904296875,-0.6696458756923676,0.047542035579681396,-0.2635604739189148,0.10805344581604004,-0.4662211239337921,0.1557968258857727,-0.5941064655780792,0.2032148838043213,-0.7243258655071259,0.10068398714065552,-0.22625330090522766,0.17190313339233398,-0.3943678140640259,0.2267424464225769,-0.5107066184282303,0.27585291862487793,-0.614204078912735,0.1409347653388977,-0.15381020307540894,0.22890037298202515,-0.22280579805374146,0.29259663820266724,-0.2653968632221222,0.34652310609817505,-0.3105907738208771,OPEN_PALM
0.0,0.0,-0.09294790029525757,-0.0031452178955078125,-0.15675687789916992,-0.0749509334564209,-0.19700020551681519,-0.1400020718574524,-0.2569742798805237,-0.1985812783241272,-0.039044082164764404,-0.22871845960617065,-0.02482616901397705,-0.3837141990661621,-0.010591506958007812,-0.49640190601348877,0.007430732250213623,-0.6012102663516998,0.031945765018463135,-0.2294057309627533,0.08934086561203003,-0.4214896261692047,0.13463908433914185,-0.5411714911460876,0.18084269762039185,-0.6623380184173584,0.08344578742980957,-0.1930209994316101,0.15021824836730957,-0.3525022268295288,0.19976723194122314,-0.46141578257083893,0.24369555711746216,-0.5567670464515686,0.12379717826843262,-0.12389403581619263,0.20989608764648438,-0.1849556565284729,0.27385878562927246,-0.2181611955165863,0.32707667350769043,-0.25241976976394653,OPEN_PALM
0.0,0.0,-0.08187651634216309,-0.015017390251159668,-0.14042624831199646,-0.08655047416687012,-0.17970877885818481,-0.15491342544555664,-0.23476606607437134,-0.20190870761871338,-0.027765214443206787,-0.23153606057167053,-0.023324638605117798,-0.37121278047561646,-0.015092253684997559,-0.47309035062789917,-0.0022745728492736816,-0.5680569410324097,0.0377156138420105,-0.2367405891418457,0.08049529790878296,-0.40395933389663696,0.11798959970474243,-0.5159536898136139,0.1559414267539978,-0.617695689201355,0.08655214309692383,-0.20132625102996826,0.1457592248916626,-0.3494025468826294,0.18961763381958008,-0.44803036749362946,0.22978883981704712,-0.5402581989765167,0.12510699033737183,-0.13464176654815674,0.2034962773323059,-0.19319352507591248,0.26117610931396484,-0.22636762261390686,0.310763418674469,-0.2625791132450104,OPEN_PALM
0.0,0.0,-0.08203932642936707,-0.009222924709320068,-0.1397145688533783,-0.07541680335998535,-0.17972439527511597,-0.14194893836975098,-0.23295152187347412,-0.18277153372764587,-0.04356980323791504,-0.21900656819343567,-0.04407218098640442,-0.34561026096343994,-0.03926348686218262,-0.43554776906967163,-0.029376864433288574,-0.5213541388511658,0.01905757188796997,-0.22535300254821777,0.05212146043777466,-0.37463581562042236,0.08264511823654175,-0.47667185962200165,0.11520278453826904,-0.570895791053772,0.06677740812301636,-0.19301652908325195,0.11618667840957642,-0.330439954996109,0.15546458959579468,-0.4241214990615845,0.1916249394416809,-0.5141116678714752,0.10472041368484497,-0.13085275888442993,0.17683285474777222,-0.1897481083869934,0.22942817211151123,-0.21882271766662598,0.27394723892211914,-0.2517445981502533,OPEN_PALM
0.0,0.0,-0.08046811819076538,-0.008260965347290039,-0.13901713490486145,-0.06765657663345337,-0.18070104718208313,-0.12734025716781616,-0.23218202590942383,-0.1618175506591797,-0.0556926429271698,-0.21060815453529358,-0.061086565256118774,-0.3325888216495514,-0.06099748611450195,-0.41832804679870605,-0.05677887797355652,-0.5011782050132751,0.0029758214950561523,-0.22192588448524475,0.027065634727478027,-0.3670358657836914,0.04938387870788574,-0.46562717854976654,0.07343757152557373,-0.5568555891513824,0.049652159214019775,-0.195917010307312,0.09063434600830078,-0.32955867052078247,0.12152934074401855,-0.4238165020942688,0.14901387691497803,-0.5138542056083679,0.08772808313369751,-0.1399548053741455,0.1532915234565735,-0.20388373732566833,0.20136487483978271,-0.23886114358901978,0.24156463146209717,-0.27554646134376526,OPEN_PALM
