x0,y0,x1,y1,x2,y2,x3,y3,x4,y4,x5,y5,x6,y6,x7,y7,x8,y8,x9,y9,x10,y10,x11,y11,x12,y12,x13,y13,x14,y14,x15,y15,x16,y16,x17,y17,x18,y18,x19,y19,x20,y20,label
0.0,0.0,-0.03760141134262085,-0.05067300796508789,-0.05181252956390381,-0.135126531124115,-0.011939465999603271,-0.17769527435302734,0.027664542198181152,-0.19083833694458008,-0.030088961124420166,-0.27068623900413513,-0.038041651248931885,-0.3792956471443176,-0.04273015260696411,-0.44513750076293945,-0.04464685916900635,-0.5037633180618286,0.009497880935668945,-0.2713691294193268,0.025951623916625977,-0.39393964409828186,0.038105130195617676,-0.4663488268852234,0.049642741680145264,-0.5298067629337311,0.03785175085067749,-0.2386769950389862,0.06435877084732056,-0.30572646856307983,0.05159354209899902,-0.2485681176185608,0.039081037044525146,-0.20088797807693481,0.059725284576416016,-0.18552309274673462,0.07550185918807983,-0.21500742435455322,0.06127166748046875,-0.17206203937530518,0.04657387733459473,-0.13352513313293457,PEACE
0.0,0.0,-0.03868997097015381,-0.04949766397476196,-0.0556371808052063,-0.13441592454910278,-0.015501558780670166,-0.17649811506271362,0.025803983211517334,-0.18681657314300537,-0.034734368324279785,-0.27348780632019043,-0.04598575830459595,-0.3784482479095459,-0.052762746810913086,-0.44325125217437744,-0.05654424428939819,-0.5008433759212494,0.0050640106201171875,-0.2745402455329895,0.02018338441848755,-0.39641624689102173,0.03156226873397827,-0.4686740040779114,0.04306995868682861,-0.530725747346878,0.03438812494277954,-0.24322503805160522,0.05586898326873779,-0.30808013677597046,0.04431527853012085,-0.24939745664596558,0.03495681285858154,-0.20194166898727417,0.057942330837249756,-0.19332343339920044,0.06842857599258423,-0.22192859649658203,0.05616253614425659,-0.17878735065460205,0.04613906145095825,-0.14235281944274902,PEACE
0.0,0.0,-0.04053342342376709,-0.05349254608154297,-0.05890941619873047,-0.14212298393249512,-0.019312679767608643,-0.184079110622406,0.022056639194488525,-0.18933069705963135,-0.036697983741760254,-0.2770172655582428,-0.04902064800262451,-0.3845881521701813,-0.05624592304229736,-0.4490888714790344,-0.060398221015930176,-0.5057450830936432,0.003089010715484619,-0.2781175374984741,0.01857978105545044,-0.40293434262275696,0.029287993907928467,-0.4751666784286499,0.040283381938934326,-0.5362586975097656,0.032308757305145264,-0.2480870485305786,0.0552791953086853,-0.3090950846672058,0.041431725025177,-0.24937400221824646,0.029671311378479004,-0.20149767398834229,0.055800557136535645,-0.19917970895767212,0.06862366199493408,-0.22827774286270142,0.05504530668258667,-0.18426203727722168,0.04258769750595093,-0.14629650115966797,PEACE
0.0,0.0,-0.04237300157546997,-0.05126309394836426,-0.061962664127349854,-0.13933366537094116,-0.023415863513946533,-0.1825961470603943,0.01836615800857544,-0.1927396059036255,-0.036718010902404785,-0.2800888419151306,-0.04690629243850708,-0.3894948959350586,-0.05246371030807495,-0.4559333324432373,-0.05564182996749878,-0.515356719493866,0.0029340386390686035,-0.28117629885673523,0.018422722816467285,-0.40611621737480164,0.03018820285797119,-0.4803844690322876,0.041834354400634766,-0.546255886554718,0.03223371505737305,-0.2491595447063446,0.05499827861785889,-0.3134281039237976,0.038855016231536865,-0.24225559830665588,0.02492368221282959,-0.1884964108467102,0.0562441349029541,-0.19776368141174316,0.07177084684371948,-0.23241209983825684,0.05720853805541992,-0.18462741374969482,0.04277235269546509,-0.1455928087234497,PEACE
0.0,0.0,-0.04111659526824951,-0.04792505502700806,-0.061541080474853516,-0.13631731271743774,-0.022931575775146484,-0.17897653579711914,0.01895606517791748,-0.1899625062942505,-0.03494143486022949,-0.2862955629825592,-0.043738603591918945,-0.4020403027534485,-0.04810917377471924,-0.4710499346256256,-0.05040484666824341,-0.5329663157463074,0.0050383806228637695,-0.28558477759361267,0.02290719747543335,-0.4177599251270294,0.0361819863319397,-0.4933096766471863,0.04845571517944336,-0.5611882507801056,0.03436034917831421,-0.25203388929367065,0.060693979263305664,-0.32150620222091675,0.04357641935348511,-0.25199806690216064,0.02867835760116577,-0.1994684934616089,0.057797253131866455,-0.19931906461715698,0.07527142763137817,-0.23344075679779053,0.05859273672103882,-0.18146014213562012,0.04266965389251709,-0.14022904634475708,PEACE
0.0,0.0,-0.04337668418884277,-0.04934799671173096,-0.06746512651443481,-0.1459139585494995,-0.02957361936569214,-0.18356198072433472,0.014560401439666748,-0.18974119424819946,-0.039171576499938965,-0.2991132140159607,-0.04790884256362915,-0.4160197973251343,-0.05216175317764282,-0.48742663860321045,-0.05471682548522949,-0.5518279075622559,0.0028272271156311035,-0.2965022623538971,0.023036420345306396,-0.433216392993927,0.037612855434417725,-0.5137108862400055,0.051233768463134766,-0.5838297009468079,0.03447526693344116,-0.2605435252189636,0.05496150255203247,-0.3246171176433563,0.03464090824127197,-0.25722241401672363,0.018846452236175537,-0.20469653606414795,0.058876752853393555,-0.20679599046707153,0.06450849771499634,-0.23042821884155273,0.04563784599304199,-0.17624616622924805,0.030892789363861084,-0.13423919677734375,PEACE
0.0,0.0,-0.04645347595214844,-0.04765540361404419,-0.0751115083694458,-0.14145219326019287,-0.04168522357940674,-0.1828833818435669,0.0057939887046813965,-0.18547767400741577,-0.0459408164024353,-0.3104439973831177,-0.05323141813278198,-0.4270946979522705,-0.057197630405426025,-0.5005183219909668,-0.058697521686553955,-0.5660609006881714,-0.0027118325233459473,-0.3056689500808716,0.018302083015441895,-0.44351303577423096,0.03313404321670532,-0.527837336063385,0.04774218797683716,-0.6002039313316345,0.030717790126800537,-0.2654227018356323,0.05327439308166504,-0.3346664607524872,0.03041785955429077,-0.26478928327560425,0.012815415859222412,-0.20890891551971436,0.05572330951690674,-0.2067549228668213,0.06116145849227905,-0.24034959077835083,0.042108893394470215,-0.1889384388923645,0.02774786949157715,-0.1471465826034546,PEACE
0.0,0.0,-0.049135804176330566,-0.04719799757003784,-0.07944661378860474,-0.14052367210388184,-0.04553639888763428,-0.18130528926849365,0.0027066469192504883,-0.180527925491333,-0.048493921756744385,-0.31139498949050903,-0.05749475955963135,-0.42985060811042786,-0.06272774934768677,-0.5045073628425598,-0.06490141153335571,-0.5700393915176392,-0.004845857620239258,-0.3059599995613098,0.015488982200622559,-0.4472810626029968,0.029692113399505615,-0.5348867177963257,0.04405087232589722,-0.6073243319988251,0.029277503490447998,-0.26449453830718994,0.05001676082611084,-0.3367345333099365,0.026346147060394287,-0.26427096128463745,0.008755803108215332,-0.2029852271080017,0.05422908067703247,-0.20486515760421753,0.05482065677642822,-0.23629415035247803,0.03479725122451782,-0.18224912881851196,0.020623862743377686,-0.13589447736740112,PEACE
0.0,0.0,-0.053375184535980225,-0.05711466073989868,-0.08312177658081055,-0.1481635570526123,-0.05593371391296387,-0.17195284366607666,-0.015458106994628906,-0.16925281286239624,-0.049993932247161865,-0.31491005420684814,-0.059923410415649414,-0.43520504236221313,-0.06668120622634888,-0.5084812939167023,-0.06950598955154419,-0.573918491601944,-0.0060912370681762695,-0.3099818229675293,0.01563119888305664,-0.4513799548149109,0.029893100261688232,-0.541126936674118,0.04532670974731445,-0.6155434846878052,0.0287286639213562,-0.2710186243057251,0.04636150598526001,-0.3368310332298279,0.02054840326309204,-0.26348328590393066,0.002092421054840088,-0.20278382301330566,0.05415701866149902,-0.2146739363670349,0.05159217119216919,-0.22958898544311523,0.029813706874847412,-0.17252153158187866,0.015406370162963867,-0.12685275077819824,PEACE
0.0,0.0,-0.054506540298461914,-0.04484206438064575,-0.08624884486198425,-0.12516355514526367,-0.06088089942932129,-0.15870559215545654,-0.020836949348449707,-0.16334980726242065,-0.05724811553955078,-0.3080444931983948,-0.06633362174034119,-0.4332192540168762,-0.07351413369178772,-0.5099561512470245,-0.07752764225006104,-0.5769353806972504,-0.012216806411743164,-0.30767762660980225,0.009170174598693848,-0.44949525594711304,0.02355116605758667,-0.5404509902000427,0.038493335247039795,-0.6171838343143463,0.023398399353027344,-0.26796233654022217,0.03290510177612305,-0.32816213369369507,0.0073015689849853516,-0.25205397605895996,-0.008173167705535889,-0.18894696235656738,0.048362135887145996,-0.20734071731567383,0.03357207775115967,-0.19665229320526123,0.008780896663665771,-0.1427537202835083,-0.004959404468536377,-0.10098016262054443,PEACE
0.0,0.0,-0.06295111775398254,-0.04282498359680176,-0.10053300857543945,-0.10867011547088623,-0.08380010724067688,-0.15904104709625244,-0.0408380925655365,-0.16781866550445557,-0.06540524959564209,-0.3121897578239441,-0.07518449425697327,-0.43865346908569336,-0.08176633715629578,-0.5153862833976746,-0.08498477935791016,-0.5836494565010071,-0.01738297939300537,-0.30831247568130493,0.00787574052810669,-0.44954851269721985,0.02509850263595581,-0.5439866781234741,0.041851580142974854,-0.6260243952274323,0.019875943660736084,-0.2624087929725647,0.027838170528411865,-0.33367908000946045,-0.0015938878059387207,-0.251653790473938,-0.022181808948516846,-0.18491697311401367,0.04482126235961914,-0.19288182258605957,0.033114492893218994,-0.20450520515441895,0.0052939653396606445,-0.15019631385803223,-0.013257205486297607,-0.1038212776184082,PEACE
0.0,0.0,-0.06195336580276489,-0.031174898147583008,-0.10896086692810059,-0.10998654365539551,-0.08870825171470642,-0.1591365933418274,-0.0392628014087677,-0.16761523485183716,-0.07452687621116638,-0.31378090381622314,-0.08436897397041321,-0.4404810965061188,-0.09313046932220459,-0.520675927400589,-0.09940630197525024,-0.5932601690292358,-0.02413654327392578,-0.31251341104507446,0.001312553882598877,-0.4588775038719177,0.0190432071685791,-0.5556469857692719,0.035267412662506104,-0.6406585872173309,0.017394721508026123,-0.2692134976387024,0.02723485231399536,-0.3337309956550598,0.0006266236305236816,-0.24006396532058716,-0.01835155487060547,-0.16475701332092285,0.049811601638793945,-0.20380902290344238,0.04185378551483154,-0.21648085117340088,0.01635110378265381,-0.15268301963806152,-0.0019456744194030762,-0.10040938854217529,PEACE
0.0,0.0,-0.06467840075492859,-0.03195953369140625,-0.11121001839637756,-0.11971110105514526,-0.08749204874038696,-0.16765576601028442,-0.043258100748062134,-0.17765599489212036,-0.08589372038841248,-0.3179174065589905,-0.09758850932121277,-0.44586944580078125,-0.10693415999412537,-0.5290823578834534,-0.11305895447731018,-0.6036249101161957,-0.03245139122009277,-0.32039082050323486,-0.007751286029815674,-0.4718514680862427,0.009532660245895386,-0.572285532951355,0.02518048882484436,-0.658290833234787,0.01303669810295105,-0.27903932332992554,0.024106711149215698,-0.34746456146240234,-0.0008536875247955322,-0.25105738639831543,-0.019679903984069824,-0.1741316318511963,0.049693793058395386,-0.21369588375091553,0.04360482096672058,-0.22941040992736816,0.01978960633277893,-0.1641365885734558,0.002050727605819702,-0.11158335208892822,PEACE
0.0,0.0,-0.06193163990974426,-0.03452301025390625,-0.10871174931526184,-0.1303015947341919,-0.08057591319084167,-0.1756957769393921,-0.03210240602493286,-0.180267333984375,-0.07509279251098633,-0.3320460319519043,-0.09431737661361694,-0.46338191628456116,-0.10725551843643188,-0.5487268567085266,-0.1170748770236969,-0.6251016557216644,-0.023351609706878662,-0.3344089388847351,6.523728370666504e-05,-0.49469003081321716,0.01530313491821289,-0.598658412694931,0.029502540826797485,-0.6882443130016327,0.019395917654037476,-0.29209983348846436,0.02514079213142395,-0.36030250787734985,-0.000904083251953125,-0.26553022861480713,-0.01669648289680481,-0.19119298458099365,0.053576380014419556,-0.22590482234954834,0.04150816798210144,-0.2343786358833313,0.017617911100387573,-0.16856026649475098,0.003732055425643921,-0.11857932806015015,PEACE
0.0,0.0,-0.06291478872299194,-0.04166775941848755,-0.11328017711639404,-0.14077919721603394,-0.08857938647270203,-0.18457728624343872,-0.037739455699920654,-0.186897873878479,-0.07598108053207397,-0.3545610308647156,-0.09913167357444763,-0.4894963204860687,-0.11419951915740967,-0.5734724998474121,-0.12600624561309814,-0.6481085121631622,-0.022847771644592285,-0.3589050769805908,-0.004300206899642944,-0.5223487913608551,0.007573366165161133,-0.6259415447711945,0.019325971603393555,-0.714972734451294,0.020997703075408936,-0.3165823817253113,0.01438814401626587,-0.3653044104576111,-0.011643320322036743,-0.27352476119995117,-0.02497124671936035,-0.20406728982925415,0.05493873357772827,-0.24837356805801392,0.0310116708278656,-0.2329481840133667,0.00630563497543335,-0.16962724924087524,-0.00497773289680481,-0.12440145015716553,PEACE
0.0,0.0,-0.0637388527393341,-0.03806161880493164,-0.11758720874786377,-0.1466583013534546,-0.0912790596485138,-0.19568300247192383,-0.032969146966934204,-0.19546055793762207,-0.08156797289848328,-0.3582526445388794,-0.11059066653251648,-0.5001542270183563,-0.12834978103637695,-0.587541788816452,-0.1401194930076599,-0.6644488275051117,-0.026620596647262573,-0.369498074054718,-0.014760881662368774,-0.5350771546363831,-0.007368683815002441,-0.6457853317260742,0.003979116678237915,-0.7412804663181305,0.017936497926712036,-0.33177846670150757,0.0005791783332824707,-0.36891278624534607,-0.02398550510406494,-0.2741594910621643,-0.031614482402801514,-0.2061975598335266,0.05093526840209961,-0.268302857875824,0.014486730098724365,-0.2431139349937439,-0.007492125034332275,-0.17532771825790405,-0.01097339391708374,-0.12939125299453735,PEACE
0.0,0.0,-0.06287026405334473,-0.04084199666976929,-0.1178179681301117,-0.15266096591949463,-0.08952072262763977,-0.19848835468292236,-0.026775240898132324,-0.192699134349823,-0.07900714874267578,-0.36616772413253784,-0.11135679483413696,-0.5088558793067932,-0.13099336624145508,-0.5978482961654663,-0.1438198685646057,-0.6753666996955872,-0.02358528971672058,-0.37964317202568054,-0.014563828706741333,-0.5446418225765228,-0.008724600076675415,-0.6577543318271637,0.003167569637298584,-0.7545156180858612,0.02046796679496765,-0.3421984910964966,-0.00013694167137145996,-0.37496277689933777,-0.022251039743423462,-0.27800482511520386,-0.02530798316001892,-0.20979803800582886,0.05241680145263672,-0.2787400484085083,0.011123955249786377,-0.24781769514083862,-0.00834578275680542,-0.17814099788665771,-0.007639169692993164,-0.13131654262542725,PEACE
0.0,0.0,-0.06246018409729004,-0.04244494438171387,-0.12140098214149475,-0.15959018468856812,-0.09294003248214722,-0.2104649543762207,-0.026346683502197266,-0.21117645502090454,-0.08489617705345154,-0.37844836711883545,-0.11973616480827332,-0.5306655168533325,-0.14014750719070435,-0.6239296495914459,-0.15129980444908142,-0.7052344083786011,-0.02525302767753601,-0.39468735456466675,-0.0184137225151062,-0.5719811022281647,-0.015976279973983765,-0.6898790001869202,-0.005307286977767944,-0.791367769241333,0.02376154065132141,-0.3587375283241272,-0.001349121332168579,-0.3886822760105133,-0.025160491466522217,-0.2846311330795288,-0.027090787887573242,-0.21655404567718506,0.05980166792869568,-0.2945682406425476,0.01648840308189392,-0.2587851881980896,-1.77919864654541e-05,-0.18629682064056396,0.006169408559799194,-0.14182478189468384,PEACE
0.0,0.0,-0.06588977575302124,-0.043537259101867676,-0.12785828113555908,-0.17179113626480103,-0.10121864080429077,-0.2314797043800354,-0.0281011164188385,-0.21614784002304077,-0.08675920963287354,-0.3932797908782959,-0.12423017621040344,-0.5458282828330994,-0.14553776383399963,-0.6391659080982208,-0.1586427092552185,-0.7214474380016327,-0.02789515256881714,-0.41035544872283936,-0.020502924919128418,-0.5878214240074158,-0.017050892114639282,-0.708327442407608,-0.007598876953125,-0.8118978440761566,0.020095348358154297,-0.372255802154541,0.008332371711730957,-0.4149031937122345,-0.010639607906341553,-0.3038015365600586,-0.013389945030212402,-0.22639644145965576,0.05650636553764343,-0.3046923279762268,0.03043365478515625,-0.28019607067108154,0.013355165719985962,-0.2030651569366455,0.013105988502502441,-0.1510295867919922,PEACE
0.0,0.0,-0.062393754720687866,-0.04827916622161865,-0.12277469038963318,-0.17561781406402588,-0.09869217872619629,-0.2398463487625122,-0.031184017658233643,-0.22612488269805908,-0.07962554693222046,-0.39268094301223755,-0.1168021559715271,-0.5425421893596649,-0.1381450593471527,-0.6331346035003662,-0.14937470853328705,-0.7141619324684143,-0.02094331383705139,-0.41159966588020325,-0.016624271869659424,-0.5857669711112976,-0.015337318181991577,-0.7027635276317596,-0.0066998302936553955,-0.7987172603607178,0.02787703275680542,-0.37656986713409424,0.022258132696151733,-0.42068174481391907,0.006258666515350342,-0.3157002329826355,0.004463613033294678,-0.23537105321884155,0.06639295816421509,-0.31153881549835205,0.040907442569732666,-0.2805250883102417,0.020706743001937866,-0.19798344373703003,0.01667046546936035,-0.13591516017913818,PEACE
0.0,0.0,-0.06758007407188416,-0.044020771980285645,-0.13688689470291138,-0.15646612644195557,-0.12621855735778809,-0.22678297758102417,-0.06197476387023926,-0.2308976650238037,-0.09792453050613403,-0.3679088354110718,-0.13392111659049988,-0.5217842161655426,-0.15402469038963318,-0.6085739433765411,-0.16522008180618286,-0.6860501170158386,-0.03547331690788269,-0.39298349618911743,-0.03927108645439148,-0.562382698059082,-0.041940540075302124,-0.6740399599075317,-0.03781026601791382,-0.7689975500106812,0.019838720560073853,-0.3692787289619446,0.004723250865936279,-0.3557280898094177,-0.011694669723510742,-0.24559426307678223,-0.013145685195922852,-0.1653781533241272,0.06584569811820984,-0.3142940402030945,0.048486948013305664,-0.2409152388572693,0.02969709038734436,-0.15540289878845215,0.024831533432006836,-0.09363150596618652,PEACE
0.0,0.0,-0.06617921590805054,-0.03599190711975098,-0.13478884100914001,-0.1408219337463379,-0.12811675667762756,-0.20728284120559692,-0.06532424688339233,-0.20697379112243652,-0.09814205765724182,-0.34886860847473145,-0.13229882717132568,-0.49568235874176025,-0.15331730246543884,-0.5798895061016083,-0.16658195853233337,-0.6559401452541351,-0.03860950469970703,-0.3705017566680908,-0.03986954689025879,-0.5347461104393005,-0.043872058391571045,-0.6433426439762115,-0.043739765882492065,-0.7392071187496185,0.013627111911773682,-0.3466310501098633,-0.01379239559173584,-0.32819682359695435,-0.03410199284553528,-0.22768718004226685,-0.037676066160202026,-0.16406595706939697,0.055291444063186646,-0.29375743865966797,0.03856658935546875,-0.22005414962768555,0.0269070565700531,-0.1413506269454956,0.028382599353790283,-0.09370368719100952,PEACE
0.0,0.0,-0.06505554914474487,-0.03680294752120972,-0.12768146395683289,-0.13618850708007812,-0.12400862574577332,-0.2004438042640686,-0.06581336259841919,-0.20237821340560913,-0.08634424209594727,-0.3377705216407776,-0.12103971838951111,-0.4736343324184418,-0.14054909348487854,-0.5527569651603699,-0.15424638986587524,-0.6194431483745575,-0.03813257813453674,-0.35146528482437134,-0.03338956832885742,-0.5103722512722015,-0.03788679838180542,-0.6125731468200684,-0.03991967439651489,-0.6980421543121338,0.0017165839672088623,-0.32368379831314087,-0.044325679540634155,-0.33557963371276855,-0.06468290090560913,-0.23866766691207886,-0.06264299154281616,-0.17362236976623535,0.028291523456573486,-0.27125459909439087,-0.0199107825756073,-0.2377833127975464,-0.037745505571365356,-0.169622004032135,-0.03459388017654419,-0.12176436185836792,PEACE
0.0,0.0,-0.06187629699707031,-0.03749072551727295,-0.12001657485961914,-0.13356637954711914,-0.1169513463973999,-0.1964709758758545,-0.06654191017150879,-0.19590944051742554,-0.08063560724258423,-0.3216598629951477,-0.11331427097320557,-0.43788236379623413,-0.13125845789909363,-0.5108720660209656,-0.14294712245464325,-0.5750128924846649,-0.036262452602386475,-0.33273184299468994,-0.031064003705978394,-0.4826706051826477,-0.03430411219596863,-0.5764642357826233,-0.03488686680793762,-0.6574636101722717,0.0007237792015075684,-0.3046039938926697,-0.040710657835006714,-0.33282607793807983,-0.0615786612033844,-0.25468188524246216,-0.06157901883125305,-0.20203828811645508,0.02756407856941223,-0.254930317401886,-0.018104612827301025,-0.24283576011657715,-0.03271433711051941,-0.17295753955841064,-0.02814781665802002,-0.12257516384124756,PEACE
0.0,0.0,-0.05748642981052399,-0.03196907043457031,-0.112004354596138,-0.11638891696929932,-0.11385172605514526,-0.17677003145217896,-0.06966790556907654,-0.1850820779800415,-0.07903295755386353,-0.2982848882675171,-0.11181040108203888,-0.40689778327941895,-0.12917891144752502,-0.4735124707221985,-0.1417442262172699,-0.5334890186786652,-0.036882877349853516,-0.3108211159706116,-0.03037533164024353,-0.4524911642074585,-0.03313365578651428,-0.5405698120594025,-0.0350492000579834,-0.6157285869121552,-0.001327216625213623,-0.28521108627319336,-0.037954121828079224,-0.31720536947250366,-0.061101898550987244,-0.2426985502243042,-0.06614570319652557,-0.1924571990966797,0.025569826364517212,-0.23782289028167725,-0.012632489204406738,-0.2350643277168274,-0.028841227293014526,-0.16655409336090088,-0.02836737036705017,-0.11541324853897095,PEACE
0.0,0.0,-0.05410909652709961,-0.033489882946014404,-0.10468310117721558,-0.12058037519454956,-0.10030342638492584,-0.18130308389663696,-0.05463925004005432,-0.1966644525527954,-0.07131561636924744,-0.2894327640533447,-0.10253530740737915,-0.39255601167678833,-0.11919912695884705,-0.4561033248901367,-0.13054415583610535,-0.5134972929954529,-0.03030306100845337,-0.30144864320755005,-0.025692611932754517,-0.4385060966014862,-0.02777591347694397,-0.5218186974525452,-0.02822306752204895,-0.5934483408927917,0.0049027204513549805,-0.27744972705841064,-0.0283757746219635,-0.3107963800430298,-0.046359241008758545,-0.22898375988006592,-0.04782359302043915,-0.17208105325698853,0.03222659230232239,-0.2330670952796936,-0.006004035472869873,-0.23546862602233887,-0.021497488021850586,-0.16824018955230713,-0.021059274673461914,-0.11775559186935425,PEACE
0.0,0.0,-0.05613012611865997,-0.034821391105651855,-0.10508675873279572,-0.12789463996887207,-0.09590426087379456,-0.18906837701797485,-0.04945969581604004,-0.1931435465812683,-0.07067759335041046,-0.28986072540283203,-0.10109323263168335,-0.3907056450843811,-0.11727365851402283,-0.4523988962173462,-0.12846535444259644,-0.5074705481529236,-0.031557053327560425,-0.2987605333328247,-0.02498042583465576,-0.43184471130371094,-0.027213215827941895,-0.5122087299823761,-0.027826517820358276,-0.5794771909713745,0.002025783061981201,-0.2718530297279358,-0.026153355836868286,-0.3134270906448364,-0.04724705219268799,-0.2388644814491272,-0.0515742301940918,-0.18486320972442627,0.028145909309387207,-0.2246379852294922,-0.003291875123977661,-0.23806053400039673,-0.019647270441055298,-0.17865484952926636,-0.0202711820602417,-0.13269567489624023,PEACE
0.0,0.0,-0.053159892559051514,-0.04127180576324463,-0.09544563293457031,-0.13003355264663696,-0.0814715027809143,-0.1879042387008667,-0.03562861680984497,-0.18728196620941162,-0.0625285804271698,-0.2866141200065613,-0.08745723962783813,-0.38946813344955444,-0.10029518604278564,-0.4516824185848236,-0.10912835597991943,-0.5060844123363495,-0.02293911576271057,-0.29229581356048584,-0.014224410057067871,-0.4217551350593567,-0.014074355363845825,-0.5021728575229645,-0.012840211391448975,-0.567130446434021,0.010641127824783325,-0.2642895579338074,-0.010644406080245972,-0.3050360083580017,-0.03496694564819336,-0.2454400658607483,-0.043741077184677124,-0.19654732942581177,0.03685227036476135,-0.217701256275177,0.008732348680496216,-0.2260345220565796,-0.010730504989624023,-0.1759265661239624,-0.015454530715942383,-0.13213849067687988,PEACE
0.0,0.0,-0.05129912495613098,-0.04082900285720825,-0.0887785255908966,-0.13542956113815308,-0.06794077157974243,-0.1890355348587036,-0.02280282974243164,-0.18771696090698242,-0.05284401774406433,-0.28514039516448975,-0.07369515299797058,-0.3895021080970764,-0.08309164643287659,-0.45329749584198,-0.08937355875968933,-0.51029834151268,-0.013570934534072876,-0.28642332553863525,-0.0018597543239593506,-0.4156532287597656,-0.00048363208770751953,-0.4951563775539398,0.0017025470733642578,-0.5603764951229095,0.018417537212371826,-0.25361353158950806,-0.00046250224113464355,-0.2999292016029358,-0.023551613092422485,-0.2447965145111084,-0.03080633282661438,-0.20098215341567993,0.04228481650352478,-0.20370393991470337,0.01851239800453186,-0.21771836280822754,0.00047138333320617676,-0.1712368130683899,-0.002685368061065674,-0.13265490531921387,PEACE
0.0,0.0,-0.050405919551849365,-0.05285751819610596,-0.08534878492355347,-0.16378849744796753,-0.057845234870910645,-0.2095649242401123,-0.010930120944976807,-0.19255954027175903,-0.04810613393783569,-0.2970021367073059,-0.06752651929855347,-0.4033322036266327,-0.07767635583877563,-0.4684745669364929,-0.08238115906715393,-0.5262380540370941,-0.0018616020679473877,-0.3042917847633362,0.006949305534362793,-0.42798155546188354,0.011674374341964722,-0.5049393773078918,0.020194172859191895,-0.5683885216712952,0.03703564405441284,-0.27518516778945923,0.023734867572784424,-0.29728198051452637,-0.001399993896484375,-0.23240530490875244,-0.012963742017745972,-0.1837027668952942,0.06688317656517029,-0.2259623408317566,0.04211762547492981,-0.21407008171081543,0.017215609550476074,-0.16823428869247437,0.005872666835784912,-0.132646381855011,PEACE
0.0,0.0,-0.05553627014160156,-0.04915553331375122,-0.08104610443115234,-0.15834838151931763,-0.049381136894226074,-0.20838898420333862,-0.010110080242156982,-0.21879112720489502,-0.0510505735874176,-0.2963879704475403,-0.06533250212669373,-0.39678096771240234,-0.07395273447036743,-0.4585164189338684,-0.07996994256973267,-0.514831155538559,-0.010156869888305664,-0.29622119665145874,0.011934459209442139,-0.42053234577178955,0.022755414247512817,-0.49704253673553467,0.03317528963088989,-0.5580178499221802,0.021404236555099487,-0.2615516185760498,0.016623079776763916,-0.33731579780578613,-0.01049727201461792,-0.2871338725090027,-0.024310052394866943,-0.23883289098739624,0.04590713977813721,-0.20762771368026733,0.02224871516227722,-0.23785918951034546,-0.002145916223526001,-0.2002820372581482,-0.013007014989852905,-0.16220152378082275,PEACE
0.0,0.0,-0.056822121143341064,-0.04001176357269287,-0.08575454354286194,-0.14402443170547485,-0.048607081174850464,-0.20280241966247559,0.006293803453445435,-0.2008751630783081,-0.047467321157455444,-0.3009999394416809,-0.055099666118621826,-0.4050745368003845,-0.0610467791557312,-0.4692988395690918,-0.0658024251461029,-0.5269585847854614,-0.00486302375793457,-0.29735851287841797,0.019639819860458374,-0.41671308875083923,0.03436639904975891,-0.4931667745113373,0.04805460572242737,-0.5582084953784943,0.027170509099960327,-0.2565324902534485,0.035506218671798706,-0.3338956832885742,0.007611185312271118,-0.27315449714660645,-0.01030498743057251,-0.22052180767059326,0.053249865770339966,-0.19747716188430786,0.04235240817070007,-0.2274796962738037,0.01947799324989319,-0.1825917363166809,0.006884187459945679,-0.14375430345535278,PEACE
0.0,0.0,-0.05053696036338806,-0.050218164920806885,-0.07532361149787903,-0.15673327445983887,-0.043613046407699585,-0.20549321174621582,0.001720130443572998,-0.2034391164779663,-0.04177632927894592,-0.30440253019332886,-0.0521998405456543,-0.41122984886169434,-0.05853623151779175,-0.4781729578971863,-0.06276068091392517,-0.5369020998477936,-0.0010772943496704102,-0.29895251989364624,0.02330988645553589,-0.42294442653656006,0.03807193040847778,-0.4993472695350647,0.0520777702331543,-0.5618454813957214,0.030376672744750977,-0.2606574296951294,0.03824937343597412,-0.3286334276199341,0.011754155158996582,-0.2709776759147644,-0.0044266581535339355,-0.22262126207351685,0.05450338125228882,-0.20460045337677002,0.042691826820373535,-0.22514063119888306,0.01923149824142456,-0.17940211296081543,0.0071596503257751465,-0.14436084032058716,PEACE
0.0,0.0,-0.046347200870513916,-0.053784072399139404,-0.06642398238182068,-0.15703779458999634,-0.03152632713317871,-0.20235300064086914,0.010938763618469238,-0.20083647966384888,-0.03422549366950989,-0.30619949102401733,-0.04246780276298523,-0.41538089513778687,-0.04713788628578186,-0.4835977852344513,-0.049985647201538086,-0.5441255569458008,0.005988776683807373,-0.29625970125198364,0.031518518924713135,-0.4247296452522278,0.0461612343788147,-0.5006486177444458,0.06020379066467285,-0.5640116631984711,0.036036014556884766,-0.2534834146499634,0.050282835960388184,-0.3283480405807495,0.023382365703582764,-0.2715100646018982,0.005740940570831299,-0.22574549913406372,0.05859166383743286,-0.19401395320892334,0.05826598405838013,-0.2341320514678955,0.03651148080825806,-0.1901150941848755,0.02363443374633789,-0.1539229154586792,PEACE
0.0,0.0,-0.04464048147201538,-0.059408485889434814,-0.06516021490097046,-0.1656101942062378,-0.027960598468780518,-0.2068271040916443,0.016460120677947998,-0.19907766580581665,-0.028728008270263672,-0.30783700942993164,-0.03641456365585327,-0.41713589429855347,-0.04088717699050903,-0.4841710925102234,-0.04283452033996582,-0.5429982542991638,0.011541247367858887,-0.2969334125518799,0.03868746757507324,-0.4259377121925354,0.05412733554840088,-0.5014624297618866,0.06920492649078369,-0.5631320774555206,0.04180806875228882,-0.25412219762802124,0.0570065975189209,-0.3250342607498169,0.029477298259735107,-0.2723812460899353,0.011502683162689209,-0.2286618947982788,0.06388330459594727,-0.19465607404708862,0.06494534015655518,-0.23288148641586304,0.043296098709106445,-0.1936403512954712,0.030736148357391357,-0.15969276428222656,PEACE
0.0,0.0,-0.042910873889923096,-0.05611962080001831,-0.06117963790893555,-0.16735994815826416,-0.0185014009475708,-0.2105584740638733,0.03189510107040405,-0.20030802488327026,-0.027546942234039307,-0.30957311391830444,-0.03595858812332153,-0.4231839179992676,-0.03987377882003784,-0.4936579465866089,-0.04202789068222046,-0.5551519095897675,0.013212203979492188,-0.30236583948135376,0.03817319869995117,-0.43119925260543823,0.05340367555618286,-0.5062126517295837,0.06794977188110352,-0.5685210824012756,0.042530357837677,-0.2622317671775818,0.06204730272293091,-0.3269539475440979,0.037151455879211426,-0.27244406938552856,0.019470274448394775,-0.2292664647102356,0.0638113021850586,-0.20579570531845093,0.06843298673629761,-0.23614978790283203,0.04692786931991577,-0.1941523551940918,0.03214418888092041,-0.16004657745361328,PEACE
0.0,0.0,-0.0392071008682251,-0.0568927526473999,-0.05394858121871948,-0.1660221815109253,-0.010902941226959229,-0.2094939947128296,0.038368940353393555,-0.2054997682571411,-0.02429342269897461,-0.3157895803451538,-0.031208932399749756,-0.4304867386817932,-0.034459054470062256,-0.5025836527347565,-0.03568375110626221,-0.5658388733863831,0.017372727394104004,-0.3084532618522644,0.041696369647979736,-0.4377312660217285,0.05826014280319214,-0.5136603116989136,0.07459801435470581,-0.5787100493907928,0.046805739402770996,-0.2670513391494751,0.06927281618118286,-0.3333447575569153,0.0440976619720459,-0.2722509503364563,0.02600342035293579,-0.22514551877975464,0.06799149513244629,-0.20851391553878784,0.07222199440002441,-0.2341017723083496,0.05015295743942261,-0.18931841850280762,0.03495168685913086,-0.15518999099731445,PEACE
0.0,0.0,-0.04035747051239014,-0.06072944402694702,-0.049927592277526855,-0.1692211627960205,-0.0011085271835327148,-0.21009737253189087,0.04857534170150757,-0.2057597041130066,-0.021653592586517334,-0.3225834369659424,-0.026835083961486816,-0.43771177530288696,-0.029767394065856934,-0.5109226703643799,-0.030314624309539795,-0.5748998820781708,0.021163225173950195,-0.3125249743461609,0.048503756523132324,-0.4443133473396301,0.06617552042007446,-0.5217301845550537,0.08427786827087402,-0.5899553894996643,0.05043518543243408,-0.2669011354446411,0.07692575454711914,-0.33131837844848633,0.05015265941619873,-0.26647114753723145,0.030576705932617188,-0.22072672843933105,0.07126444578170776,-0.20249587297439575,0.08200305700302124,-0.2401564121246338,0.05972069501876831,-0.19824832677841187,0.04174607992172241,-0.16566699743270874,PEACE
0.0,0.0,-0.043193936347961426,-0.06545597314834595,-0.05579674243927002,-0.18666499853134155,-0.011289536952972412,-0.22520232200622559,0.03661203384399414,-0.20442789793014526,-0.013492584228515625,-0.3290579915046692,-0.018301725387573242,-0.44560253620147705,-0.020106732845306396,-0.5193915069103241,-0.019350886344909668,-0.5838888585567474,0.03024047613143921,-0.3137533664703369,0.061592042446136475,-0.44632306694984436,0.08128803968429565,-0.5287993252277374,0.10207259654998779,-0.5980226695537567,0.0601884126663208,-0.2642122507095337,0.08114302158355713,-0.3369659185409546,0.04990649223327637,-0.2685588598251343,0.03109055757522583,-0.21540403366088867,0.0808098316192627,-0.1985970139503479,0.07876217365264893,-0.23844623565673828,0.05242520570755005,-0.1903979778289795,0.03794008493423462,-0.15064364671707153,PEACE
0.0,0.0,-0.04411900043487549,-0.07135844230651855,-0.05956953763961792,-0.192230224609375,-0.020882010459899902,-0.2373446226119995,0.026224374771118164,-0.21154117584228516,-0.008771955966949463,-0.330069363117218,-0.013296902179718018,-0.4479246735572815,-0.01378720998764038,-0.5225109457969666,-0.01251894235610962,-0.586565375328064,0.0330502986907959,-0.3122263550758362,0.06759417057037354,-0.4453144669532776,0.08885633945465088,-0.5306042730808258,0.10987579822540283,-0.6004588901996613,0.06128203868865967,-0.25957024097442627,0.07590615749359131,-0.33543121814727783,0.04241842031478882,-0.26595187187194824,0.022974789142608643,-0.21012026071548462,0.08082312345504761,-0.18991321325302124,0.07453757524490356,-0.23483306169509888,0.04520881175994873,-0.18805229663848877,0.02884817123413086,-0.14656096696853638,PEACE
0.0,0.0,-0.0437922477722168,-0.07321852445602417,-0.061154186725616455,-0.19525671005249023,-0.025575757026672363,-0.2394026517868042,0.020692944526672363,-0.21248406171798706,-0.006517589092254639,-0.33317118883132935,-0.010816693305969238,-0.4499266743659973,-0.011357486248016357,-0.5231051445007324,-0.009884655475616455,-0.5865404009819031,0.03462362289428711,-0.31549620628356934,0.07211393117904663,-0.44716522097587585,0.09281682968139648,-0.5304550230503082,0.11268717050552368,-0.5997098982334137,0.06292372941970825,-0.26213395595550537,0.07289695739746094,-0.3393726348876953,0.039467036724090576,-0.27177780866622925,0.021428287029266357,-0.2164837121963501,0.08207166194915771,-0.19063830375671387,0.07479232549667358,-0.24111753702163696,0.04375636577606201,-0.19562888145446777,0.026502013206481934,-0.152910053730011,PEACE
0.0,0.0,-0.04429429769515991,-0.07612067461013794,-0.06732821464538574,-0.18937647342681885,-0.03974413871765137,-0.24035942554473877,0.007047772407531738,-0.2173553705215454,-0.005698680877685547,-0.3334592282772064,-0.0095176100730896,-0.4536229074001312,-0.010590970516204834,-0.5261249244213104,-0.008479475975036621,-0.5895214974880219,0.033579349517822266,-0.3149171769618988,0.07254940271377563,-0.449169397354126,0.09212243556976318,-0.5324417650699615,0.11183053255081177,-0.6033686995506287,0.06022500991821289,-0.2596736550331116,0.06187248229980469,-0.3459129333496094,0.024839043617248535,-0.2802213430404663,0.007221400737762451,-0.22372013330459595,0.07736891508102417,-0.18563628196716309,0.06450885534286499,-0.24419957399368286,0.03291839361190796,-0.20438653230667114,0.01772928237915039,-0.1616038680076599,PEACE
0.0,0.0,-0.04497265815734863,-0.07515466213226318,-0.07333934307098389,-0.19582760334014893,-0.05191600322723389,-0.24840223789215088,-0.005051732063293457,-0.22643566131591797,-0.009749889373779297,-0.3380635678768158,-0.01600039005279541,-0.4596707224845886,-0.018013477325439453,-0.5328761637210846,-0.01662808656692505,-0.5962978601455688,0.03097587823867798,-0.3222995400428772,0.06726419925689697,-0.45962387323379517,0.08537173271179199,-0.5460939109325409,0.10229569673538208,-0.6193324625492096,0.059395670890808105,-0.27076226472854614,0.04854327440261841,-0.3493560254573822,0.010646522045135498,-0.2808040380477905,-0.007263898849487305,-0.22273457050323486,0.07732003927230835,-0.2008446455001831,0.04853600263595581,-0.2462317943572998,0.016066908836364746,-0.19991111755371094,0.0016297101974487305,-0.1539210081100464,PEACE
0.0,0.0,-0.04504048824310303,-0.07298487424850464,-0.07854419946670532,-0.1897640824317932,-0.06997150182723999,-0.24963128566741943,-0.0279080867767334,-0.2438795566558838,-0.012511074542999268,-0.3406524956226349,-0.020381510257720947,-0.46608608961105347,-0.024091482162475586,-0.5393805205821991,-0.023958802223205566,-0.6036189198493958,0.02888643741607666,-0.3251314163208008,0.06576007604598999,-0.4670775830745697,0.08362829685211182,-0.5528126060962677,0.09895050525665283,-0.6247759461402893,0.05759698152542114,-0.2760971784591675,0.03462177515029907,-0.36019670963287354,-0.004761397838592529,-0.2920217514038086,-0.022824466228485107,-0.23312103748321533,0.07371336221694946,-0.20962584018707275,0.03470110893249512,-0.2638704776763916,0.0008132457733154297,-0.2152988314628601,-0.013132929801940918,-0.16723203659057617,PEACE
0.0,0.0,-0.046766459941864014,-0.07509928941726685,-0.08066850900650024,-0.194780170917511,-0.07636851072311401,-0.25801771879196167,-0.037664830684661865,-0.24728745222091675,-0.016764819622039795,-0.3473058342933655,-0.02550143003463745,-0.47394049167633057,-0.029309511184692383,-0.547531396150589,-0.029692471027374268,-0.6120603382587433,0.02468550205230713,-0.33144450187683105,0.060986340045928955,-0.47545063495635986,0.07826656103134155,-0.5627167224884033,0.09289783239364624,-0.6354926526546478,0.05328124761581421,-0.28217077255249023,0.028765976428985596,-0.3719489276409149,-0.010222911834716797,-0.30104440450668335,-0.027313828468322754,-0.24063187837600708,0.06965798139572144,-0.21554434299468994,0.028985917568206787,-0.2721312642097473,-0.003966212272644043,-0.21988707780838013,-0.016388535499572754,-0.16936248540878296,PEACE
0.0,0.0,-0.049497008323669434,-0.07433044910430908,-0.08419239521026611,-0.1920405626296997,-0.07918703556060791,-0.2543131113052368,-0.04035985469818115,-0.24923408031463623,-0.02124154567718506,-0.35049670934677124,-0.029681682586669922,-0.47577494382858276,-0.03367781639099121,-0.549971729516983,-0.034304916858673096,-0.614862710237503,0.020930945873260498,-0.3355640769004822,0.05706155300140381,-0.48088568449020386,0.0741044282913208,-0.5688929557800293,0.0887952446937561,-0.6427325308322906,0.050443410873413086,-0.2853270173072815,0.027381420135498047,-0.3732817769050598,-0.011828720569610596,-0.3021605610847473,-0.02944082021713257,-0.24169790744781494,0.06756258010864258,-0.21669059991836548,0.029545068740844727,-0.27398568391799927,-0.003394186496734619,-0.22691398859024048,-0.016206741333007812,-0.18080908060073853,PEACE
0.0,0.0,-0.05070316791534424,-0.07288432121276855,-0.08104997873306274,-0.19396471977233887,-0.05477219820022583,-0.24602460861206055,-0.006152331829071045,-0.23251229524612427,-0.021695733070373535,-0.3511814475059509,-0.03163957595825195,-0.4750078320503235,-0.035906851291656494,-0.5507384240627289,-0.03744250535964966,-0.6168712079524994,0.02093064785003662,-0.33764106035232544,0.05767190456390381,-0.4833030700683594,0.07517856359481812,-0.570477306842804,0.09147769212722778,-0.6435450911521912,0.05142688751220703,-0.2861889600753784,0.047049760818481445,-0.3713058531284332,0.011014163494110107,-0.2991573214530945,-0.006042778491973877,-0.2383638620376587,0.07132971286773682,-0.21495360136032104,0.04892230033874512,-0.2647865414619446,0.01817762851715088,-0.21632307767868042,0.005029201507568359,-0.1684349775314331,PEACE
0.0,0.0,-0.05023235082626343,-0.06765162944793701,-0.07350856065750122,-0.1919911503791809,-0.034533560276031494,-0.2415270209312439,0.017446279525756836,-0.22561722993850708,-0.02686607837677002,-0.3489479720592499,-0.03472667932510376,-0.4745391011238098,-0.03763633966445923,-0.5520075559616089,-0.03847783803939819,-0.619551420211792,0.017067432403564453,-0.3363771140575409,0.04952657222747803,-0.48456239700317383,0.06769847869873047,-0.5731023550033569,0.08575636148452759,-0.6438395380973816,0.04927265644073486,-0.2862105369567871,0.0651363730430603,-0.37909796833992004,0.031563758850097656,-0.3084915280342102,0.011308610439300537,-0.24724912643432617,0.07264268398284912,-0.21725744009017944,0.06536316871643066,-0.26441729068756104,0.03820246458053589,-0.2101784348487854,0.024493515491485596,-0.16112017631530762,PEACE
0.0,0.0,-0.04797941446304321,-0.06383693218231201,-0.0655449628829956,-0.1885666847229004,-0.018480002880096436,-0.2383902668952942,0.03624594211578369,-0.23093032836914062,-0.026739954948425293,-0.3477969169616699,-0.03247302770614624,-0.4724859595298767,-0.03501218557357788,-0.5504809617996216,-0.03548312187194824,-0.6189598739147186,0.018625974655151367,-0.33950936794281006,0.048249006271362305,-0.4795002043247223,0.06690579652786255,-0.5639135837554932,0.08473879098892212,-0.6325710117816925,0.05075526237487793,-0.2944769859313965,0.07600009441375732,-0.37658897042274475,0.046107351779937744,-0.31470465660095215,0.02457737922668457,-0.26141464710235596,0.07367968559265137,-0.2310773730278015,0.07543468475341797,-0.26610320806503296,0.05016887187957764,-0.21569740772247314,0.03378307819366455,-0.17260968685150146,PEACE
0.0,0.0,-0.043812572956085205,-0.057156503200531006,-0.05379396677017212,-0.17056292295455933,-0.0017206072807312012,-0.2356054186820984,0.04997825622558594,-0.24837005138397217,-0.03844606876373291,-0.33980414271354675,-0.039108991622924805,-0.4731530547142029,-0.04013746976852417,-0.5545597970485687,-0.04001075029373169,-0.6235717833042145,0.00707167387008667,-0.33878108859062195,0.0311431884765625,-0.48479029536247253,0.04889798164367676,-0.5666353404521942,0.06584429740905762,-0.6362963914871216,0.04053807258605957,-0.30102384090423584,0.07181423902511597,-0.3782217502593994,0.04943758249282837,-0.3068940043449402,0.029890775680541992,-0.25328272581100464,0.0669061541557312,-0.24055635929107666,0.08789265155792236,-0.2886366844177246,0.06736201047897339,-0.24083346128463745,0.046400606632232666,-0.2007881999015808,PEACE
0.0,0.0,-0.057694047689437866,-0.02974039316177368,-0.09541666507720947,-0.10857677459716797,-0.06797093152999878,-0.15290123224258423,-0.02185538411140442,-0.15772581100463867,-0.07794153690338135,-0.30620184540748596,-0.0962800681591034,-0.42927491664886475,-0.10994058847427368,-0.5115760117769241,-0.11948513984680176,-0.5863445401191711,-0.02836531400680542,-0.3149384558200836,-0.005677640438079834,-0.46487537026405334,0.011285781860351562,-0.5616344809532166,0.028031885623931885,-0.6429777145385742,0.013752996921539307,-0.27562403678894043,0.028237760066986084,-0.34916818141937256,0.00222092866897583,-0.262111097574234,-0.01559138298034668,-0.1925220489501953,0.049007952213287354,-0.21210306882858276,0.04381483793258667,-0.2245490550994873,0.02084439992904663,-0.16073381900787354,0.005999565124511719,-0.11238294839859009,PEACE
0.0,0.0,-0.05777588486671448,-0.03428161144256592,-0.09615954756736755,-0.1206216812133789,-0.06992602348327637,-0.16376656293869019,-0.021830767393112183,-0.161207377910614,-0.07187026739120483,-0.3130354881286621,-0.09079501032829285,-0.4358411431312561,-0.10497701168060303,-0.5150731801986694,-0.1158062219619751,-0.5878345370292664,-0.025647014379501343,-0.3165466785430908,-0.004101008176803589,-0.4664633870124817,0.012561202049255371,-0.5626305043697357,0.029861271381378174,-0.644195020198822,0.013335227966308594,-0.27467653155326843,0.02839142084121704,-0.35925373435020447,0.001286923885345459,-0.2727659344673157,-0.01741337776184082,-0.2027798891067505,0.04629582166671753,-0.21025067567825317,0.04117792844772339,-0.23182594776153564,0.01884329319000244,-0.17138856649398804,0.0046537816524505615,-0.12493312358856201,PEACE
0.0,0.0,-0.05825763940811157,-0.03637474775314331,-0.09611639380455017,-0.12275660037994385,-0.06813713908195496,-0.16528767347335815,-0.01963222026824951,-0.1709609031677246,-0.07177510857582092,-0.31045812368392944,-0.09103038907051086,-0.43133166432380676,-0.10511893033981323,-0.509251207113266,-0.11614033579826355,-0.5824335217475891,-0.024425357580184937,-0.31618303060531616,-0.0033790767192840576,-0.46754854917526245,0.01226702332496643,-0.5629432499408722,0.029105573892593384,-0.6451206207275391,0.014820665121078491,-0.2764366567134857,0.027832239866256714,-0.36049237847328186,-0.0002936720848083496,-0.27638867497444153,-0.018913865089416504,-0.20775508880615234,0.04798045754432678,-0.21459680795669556,0.040559619665145874,-0.23546308279037476,0.017901510000228882,-0.17524582147598267,0.004372209310531616,-0.12864673137664795,PEACE
0.0,0.0,-0.0567396879196167,-0.037414371967315674,-0.09244197607040405,-0.1225200891494751,-0.0642913281917572,-0.1636589765548706,-0.017709404230117798,-0.1672794222831726,-0.0697094202041626,-0.3091679811477661,-0.08746373653411865,-0.42992812395095825,-0.1006397008895874,-0.5089765191078186,-0.11074650287628174,-0.583062082529068,-0.022279083728790283,-0.31401526927948,-0.0004984736442565918,-0.4653032124042511,0.014741063117980957,-0.5612713396549225,0.030496656894683838,-0.6452975273132324,0.016840755939483643,-0.2731793522834778,0.03187692165374756,-0.35707587003707886,0.004650890827178955,-0.2705365717411041,-0.014043211936950684,-0.20179671049118042,0.049675822257995605,-0.21055066585540771,0.045982301235198975,-0.23576927185058594,0.024668514728546143,-0.1748647689819336,0.011709332466125488,-0.12830203771591187,PEACE
0.0,0.0,-0.05708286166191101,-0.03742849826812744,-0.09241077303886414,-0.12134218215942383,-0.06514841318130493,-0.1642770767211914,-0.021282821893692017,-0.16669487953186035,-0.06958231329917908,-0.3093841075897217,-0.08734121918678284,-0.43056488037109375,-0.09997326135635376,-0.5081655979156494,-0.10937246680259705,-0.5806308686733246,-0.023346632719039917,-0.3130054473876953,-0.002276599407196045,-0.4650079607963562,0.012623488903045654,-0.5596528947353363,0.027951419353485107,-0.6415847539901733,0.015353560447692871,-0.2719728946685791,0.03046894073486328,-0.35280942916870117,0.003127574920654297,-0.2709839940071106,-0.01586166024208069,-0.20445728302001953,0.04737663269042969,-0.2089880108833313,0.04424625635147095,-0.23559457063674927,0.0222398042678833,-0.17719590663909912,0.008338570594787598,-0.13136792182922363,PEACE
0.0,0.0,-0.05373600125312805,-0.040410637855529785,-0.0867144763469696,-0.12381213903427124,-0.0639764666557312,-0.16057878732681274,-0.02869623899459839,-0.163000226020813,-0.06316238641738892,-0.2967800498008728,-0.07798096537590027,-0.41349244117736816,-0.08926796913146973,-0.4849320352077484,-0.0970974862575531,-0.5524021089076996,-0.01822870969772339,-0.3005550503730774,0.002791792154312134,-0.4464719295501709,0.016616851091384888,-0.5355887115001678,0.031789571046829224,-0.6123448610305786,0.019473284482955933,-0.26375842094421387,0.030893653631210327,-0.3438352942466736,0.003078162670135498,-0.2660083472728729,-0.014453738927841187,-0.20255595445632935,0.05037173628807068,-0.2067655324935913,0.04015669226646423,-0.22503840923309326,0.018685489892959595,-0.1692907214164734,0.00828656554222107,-0.12752872705459595,PEACE
0.0,0.0,-0.04976126551628113,-0.04402989149093628,-0.07978975772857666,-0.1256932020187378,-0.06319335103034973,-0.15622395277023315,-0.03709840774536133,-0.14058572053909302,-0.05384892225265503,-0.2887611985206604,-0.06786912679672241,-0.39679861068725586,-0.07769301533699036,-0.4626498818397522,-0.08429917693138123,-0.5244381427764893,-0.012199997901916504,-0.28810033202171326,0.007167398929595947,-0.42326265573501587,0.020084857940673828,-0.5061934590339661,0.034085988998413086,-0.5748386979103088,0.022685229778289795,-0.25125622749328613,0.03297609090805054,-0.3288949728012085,0.006317555904388428,-0.26424092054367065,-0.011089175939559937,-0.2082008719444275,0.05080997943878174,-0.19663888216018677,0.04125899076461792,-0.21413743495941162,0.019069254398345947,-0.16098862886428833,0.007221341133117676,-0.11785304546356201,PEACE
0.0,0.0,-0.04711383581161499,-0.046666860580444336,-0.07429707050323486,-0.13564032316207886,-0.04556158185005188,-0.17280519008636475,-0.0037360191345214844,-0.1691414713859558,-0.0438559353351593,-0.287579208612442,-0.059872597455978394,-0.38885176181793213,-0.06789395213127136,-0.4527275562286377,-0.07225611805915833,-0.5109617412090302,-0.0034452080726623535,-0.2871386706829071,0.01898592710494995,-0.4129904508590698,0.03272753953933716,-0.49084797501564026,0.047237277030944824,-0.5547217726707458,0.0283699631690979,-0.2509547770023346,0.03690195083618164,-0.3145599365234375,0.010537028312683105,-0.2551652789115906,-0.005180239677429199,-0.20603537559509277,0.05357080698013306,-0.19722038507461548,0.04099011421203613,-0.2076343297958374,0.019835293292999268,-0.16318845748901367,0.009609699249267578,-0.1290760636329651,PEACE
0.0,0.0,-0.043009042739868164,-0.05539029836654663,-0.06300538778305054,-0.14089083671569824,-0.03333619236946106,-0.17367279529571533,0.005894005298614502,-0.1715010404586792,-0.030433565378189087,-0.2849774658679962,-0.04307618737220764,-0.3879733383655548,-0.04869839549064636,-0.45318707823753357,-0.05014151334762573,-0.5126400291919708,0.007941842079162598,-0.27778610587120056,0.03285926580429077,-0.39754536747932434,0.04908561706542969,-0.47093477845191956,0.06626993417739868,-0.5307457745075226,0.0369296669960022,-0.23813489079475403,0.05162256956100464,-0.30617550015449524,0.023386776447296143,-0.24976232647895813,0.0053702592849731445,-0.20083695650100708,0.05913752317428589,-0.18307363986968994,0.05408000946044922,-0.2063312530517578,0.032224059104919434,-0.16604793071746826,0.019824326038360596,-0.1310901641845703,PEACE
0.0,0.0,-0.03970462083816528,-0.05699324607849121,-0.05539324879646301,-0.14131999015808105,-0.02449929714202881,-0.17005038261413574,0.014024734497070312,-0.16834419965744019,-0.015855848789215088,-0.280194491147995,-0.022903800010681152,-0.38093554973602295,-0.02524799108505249,-0.44472239911556244,-0.02466064691543579,-0.5029328167438507,0.021125197410583496,-0.26758521795272827,0.04883861541748047,-0.38357603549957275,0.0677647590637207,-0.45114219188690186,0.08685451745986938,-0.507784515619278,0.04644370079040527,-0.22396492958068848,0.06617909669876099,-0.2904629707336426,0.039596736431121826,-0.24041840434074402,0.020919859409332275,-0.19775545597076416,0.06459462642669678,-0.16469401121139526,0.07210862636566162,-0.20360955595970154,0.05119293928146362,-0.16653484106063843,0.035958826541900635,-0.13239943981170654,PEACE
0.0,0.0,-0.03529161214828491,-0.06229764223098755,-0.04195690155029297,-0.15073376893997192,-0.0049214959144592285,-0.17640095949172974,0.03253704309463501,-0.17278540134429932,-0.002855539321899414,-0.2780955731868744,-0.004858911037445068,-0.3802741765975952,-0.005263388156890869,-0.4433700889348984,-0.003390491008758545,-0.4998922646045685,0.03341406583786011,-0.2618016302585602,0.06515121459960938,-0.3757152557373047,0.08543026447296143,-0.43943968415260315,0.10499072074890137,-0.49416303634643555,0.05682331323623657,-0.21709951758384705,0.08210539817810059,-0.2821046710014343,0.05751848220825195,-0.24051743745803833,0.03950321674346924,-0.20560607314109802,0.07222521305084229,-0.1570645570755005,0.08490538597106934,-0.19568848609924316,0.06300395727157593,-0.16365355253219604,0.045399487018585205,-0.1330903172492981,PEACE
0.0,0.0,-0.030350863933563232,-0.06769007444381714,-0.03293299674987793,-0.15677595138549805,0.007157027721405029,-0.18145257234573364,0.04630249738693237,-0.17049461603164673,0.009429097175598145,-0.27757522463798523,0.013590097427368164,-0.37838366627693176,0.015881597995758057,-0.44175082445144653,0.019260942935943604,-0.4977377951145172,0.04532170295715332,-0.2572610378265381,0.08157753944396973,-0.3671598434448242,0.10320305824279785,-0.42725908756256104,0.1242368221282959,-0.4778500199317932,0.06717437505722046,-0.2093283236026764,0.09907269477844238,-0.2759605646133423,0.07268005609512329,-0.23659154772758484,0.052532851696014404,-0.20187416672706604,0.08058065176010132,-0.1454903483390808,0.10026472806930542,-0.18865966796875,0.08136749267578125,-0.1663164496421814,0.06489801406860352,-0.14103353023529053,PEACE
0.0,0.0,-0.02789151668548584,-0.06785190105438232,-0.026231825351715088,-0.15637916326522827,0.01830083131790161,-0.17915749549865723,0.06035560369491577,-0.1636500358581543,0.01638627052307129,-0.2757006287574768,0.0259854793548584,-0.37515175342559814,0.032045185565948486,-0.43837450444698334,0.03918874263763428,-0.4934684932231903,0.05260610580444336,-0.2534730136394501,0.0913497805595398,-0.35554736852645874,0.1156848669052124,-0.4115420877933502,0.13813871145248413,-0.4599064588546753,0.07323360443115234,-0.20598292350769043,0.10981839895248413,-0.26554110646247864,0.08370286226272583,-0.22613006830215454,0.060988664627075195,-0.19223135709762573,0.08475905656814575,-0.143002450466156,0.10755014419555664,-0.1794021725654602,0.08983182907104492,-0.15745306015014648,0.07103949785232544,-0.13403409719467163,PEACE
0.0,0.0,-0.023446977138519287,-0.07437169551849365,-0.015877962112426758,-0.16008293628692627,0.03112924098968506,-0.17609655857086182,0.07173854112625122,-0.1549181342124939,0.030292391777038574,-0.2741208076477051,0.0462457537651062,-0.37324225902557373,0.05568164587020874,-0.43678757548332214,0.0659710168838501,-0.49186787009239197,0.0655442476272583,-0.2482387125492096,0.10834509134292603,-0.3455403447151184,0.1350582242012024,-0.3991122543811798,0.16044270992279053,-0.4456263482570648,0.08471620082855225,-0.19908544421195984,0.12572669982910156,-0.2517661452293396,0.0945175290107727,-0.20956557989120483,0.0677993893623352,-0.17582261562347412,0.09455794095993042,-0.13432729244232178,0.12313205003738403,-0.1679418683052063,0.10317718982696533,-0.14599508047103882,0.08138281106948853,-0.12459933757781982,PEACE
0.0,0.0,-0.022382140159606934,-0.0749550461769104,-0.01031637191772461,-0.16330528259277344,0.03777027130126953,-0.1790403127670288,0.07670032978057861,-0.1558997631072998,0.03825467824935913,-0.2724916636943817,0.05640488862991333,-0.3739315867424011,0.06839197874069214,-0.4371269643306732,0.08068913221359253,-0.4907420575618744,0.07295215129852295,-0.24360749125480652,0.12032204866409302,-0.3371313810348511,0.14912593364715576,-0.3894163966178894,0.17582321166992188,-0.43436187505722046,0.09099310636520386,-0.19390693306922913,0.13481539487838745,-0.24422895908355713,0.10171055793762207,-0.20352470874786377,0.073788583278656,-0.17143678665161133,0.09956735372543335,-0.12875133752822876,0.13056981563568115,-0.1616910696029663,0.10933065414428711,-0.13920897245407104,0.0872349739074707,-0.11783242225646973,PEACE
0.0,0.0,-0.024570763111114502,-0.07538777589797974,-0.011783301830291748,-0.16509944200515747,0.04002082347869873,-0.17648637294769287,0.08116984367370605,-0.1487196683883667,0.03769594430923462,-0.27654388546943665,0.05621558427810669,-0.37353643774986267,0.0678861141204834,-0.43575093150138855,0.07971334457397461,-0.48854440450668335,0.07263439893722534,-0.2477843165397644,0.11940264701843262,-0.33847224712371826,0.14817678928375244,-0.3886772394180298,0.17596781253814697,-0.43268370628356934,0.09058314561843872,-0.19734612107276917,0.1324802041053772,-0.24101781845092773,0.10120344161987305,-0.2025572657585144,0.07543909549713135,-0.17195546627044678,0.09949958324432373,-0.13248050212860107,0.12539440393447876,-0.15777164697647095,0.10522842407226562,-0.13779890537261963,0.08595401048660278,-0.11897659301757812,PEACE
0.0,0.0,-0.025103747844696045,-0.07215392589569092,-0.016340672969818115,-0.16019141674041748,0.03158360719680786,-0.17504429817199707,0.0723121166229248,-0.15948909521102905,0.030689239501953125,-0.2753259837627411,0.04545307159423828,-0.37396883964538574,0.054517507553100586,-0.43721044063568115,0.06373476982116699,-0.4905201196670532,0.06497645378112793,-0.24855107069015503,0.11056274175643921,-0.3446541428565979,0.13818591833114624,-0.39788904786109924,0.16453206539154053,-0.4438757002353668,0.08300960063934326,-0.19894766807556152,0.1237797737121582,-0.2467615008354187,0.09550005197525024,-0.2102096676826477,0.07211291790008545,-0.1801391839981079,0.0918658971786499,-0.13479763269424438,0.11849570274353027,-0.16405969858169556,0.09924417734146118,-0.14146041870117188,0.08042275905609131,-0.11882740259170532,PEACE
0.0,0.0,-0.029298901557922363,-0.07127565145492554,-0.025580644607543945,-0.16595375537872314,0.022154808044433594,-0.1846989095211029,0.06470417976379395,-0.16607099771499634,0.021006524562835693,-0.2793615758419037,0.030735135078430176,-0.38136959075927734,0.03707420825958252,-0.4455382078886032,0.04385572671890259,-0.5001581609249115,0.05670195817947388,-0.2547729015350342,0.09964865446090698,-0.357516884803772,0.12541645765304565,-0.413705050945282,0.14952832460403442,-0.4610576331615448,0.07642370462417603,-0.20635241270065308,0.11438030004501343,-0.25946760177612305,0.08736711740493774,-0.22477027773857117,0.06512296199798584,-0.19546759128570557,0.08713799715042114,-0.1435677409172058,0.109840989112854,-0.17443493008613586,0.0912584662437439,-0.15158045291900635,0.07368069887161255,-0.12814348936080933,PEACE
0.0,0.0,-0.03107631206512451,-0.06765949726104736,-0.03194648027420044,-0.16179674863815308,0.011826932430267334,-0.18679866194725037,0.05209696292877197,-0.17416587471961975,0.012959301471710205,-0.2812957167625427,0.01917862892150879,-0.3834365904331207,0.023341596126556396,-0.4477744698524475,0.02847921848297119,-0.5029274523258209,0.04846423864364624,-0.25969818234443665,0.0889849066734314,-0.3666641116142273,0.11324846744537354,-0.425674244761467,0.1368301510810852,-0.4753575325012207,0.06935936212539673,-0.2123999297618866,0.10462778806686401,-0.27489858865737915,0.07588225603103638,-0.23147907853126526,0.05427277088165283,-0.19333329796791077,0.08181637525558472,-0.1490541696548462,0.10411173105239868,-0.18956774473190308,0.08364158868789673,-0.16128045320510864,0.06618362665176392,-0.13085895776748657,PEACE
0.0,0.0,-0.03416121006011963,-0.0594029426574707,-0.04212486743927002,-0.14825326204299927,-0.0028929710388183594,-0.182032972574234,0.03683739900588989,-0.1800900101661682,3.8743019104003906e-05,-0.2789774537086487,0.0016950368881225586,-0.38258928060531616,0.0036296844482421875,-0.4462495893239975,0.006575345993041992,-0.5007322430610657,0.03664064407348633,-0.2613457441329956,0.07425063848495483,-0.37474432587623596,0.09614551067352295,-0.43777357041835785,0.11649489402770996,-0.486904114484787,0.05973249673843384,-0.21615508198738098,0.08962291479110718,-0.28407764434814453,0.0646020770072937,-0.24956491589546204,0.046308159828186035,-0.21571961045265198,0.07464712858200073,-0.15593189001083374,0.09105539321899414,-0.20161539316177368,0.07156950235366821,-0.17463818192481995,0.05642127990722656,-0.14333677291870117,PEACE
0.0,0.0,-0.03859305381774902,-0.056646525859832764,-0.053088635206222534,-0.14834052324295044,-0.019341707229614258,-0.18756261467933655,0.018939673900604248,-0.1866609752178192,-0.01620572805404663,-0.28129878640174866,-0.017842471599578857,-0.38417303562164307,-0.017779231071472168,-0.4479391574859619,-0.01684129238128662,-0.5043891072273254,0.02145940065383911,-0.26951053738594055,0.053813636302948,-0.387326180934906,0.07342773675918579,-0.45349594950675964,0.091438889503479,-0.5059873461723328,0.047240257263183594,-0.22756624221801758,0.06802862882614136,-0.2981145679950714,0.045137882232666016,-0.2607894539833069,0.029501020908355713,-0.22573164105415344,0.0650557279586792,-0.17009443044662476,0.07302302122116089,-0.21190142631530762,0.05311828851699829,-0.18000411987304688,0.03916287422180176,-0.1471322774887085,PEACE
0.0,0.0,-0.040063053369522095,-0.05273926258087158,-0.05759596824645996,-0.1360687017440796,-0.030306577682495117,-0.1822648048400879,0.00427478551864624,-0.19400089979171753,-0.025959253311157227,-0.27441680431365967,-0.03255954384803772,-0.3751358389854431,-0.035012781620025635,-0.43722642958164215,-0.035351455211639404,-0.49352845549583435,0.011414051055908203,-0.26785895228385925,0.039157986640930176,-0.3849344551563263,0.05571466684341431,-0.45269204676151276,0.07186299562454224,-0.5085755586624146,0.03852856159210205,-0.2298671305179596,0.05313974618911743,-0.30754777789115906,0.02820134162902832,-0.25757184624671936,0.012474119663238525,-0.2123190462589264,0.059187233448028564,-0.1746910810470581,0.06128203868865967,-0.21801239252090454,0.040228843688964844,-0.17938488721847534,0.02685445547103882,-0.1418924331665039,PEACE
0.0,0.0,-0.04380729794502258,-0.051435887813568115,-0.06776592135429382,-0.13642233610153198,-0.046172261238098145,-0.17899957299232483,-0.014836728572845459,-0.18761464953422546,-0.038431406021118164,-0.2717185616493225,-0.05053377151489258,-0.3729821443557739,-0.05642470717430115,-0.43505847454071045,-0.05911746621131897,-0.4914284944534302,-0.0006583333015441895,-0.2696593999862671,0.02222120761871338,-0.3922291547060013,0.03589409589767456,-0.4613475203514099,0.05017399787902832,-0.5174284279346466,0.028693199157714844,-0.23612067103385925,0.03222966194152832,-0.3168201446533203,0.004802405834197998,-0.2702202796936035,-0.010480731725692749,-0.22578531503677368,0.051479220390319824,-0.18550923466682434,0.043006956577301025,-0.23122838139533997,0.021169185638427734,-0.19645187258720398,0.010696828365325928,-0.16086003184318542,PEACE
0.0,0.0,-0.04998999834060669,-0.03923213481903076,-0.0822313129901886,-0.11694085597991943,-0.07334887981414795,-0.175950288772583,-0.03958672285079956,-0.18801313638687134,-0.05681496858596802,-0.2646850347518921,-0.06915634870529175,-0.36364132165908813,-0.07715567946434021,-0.42115721106529236,-0.0823032557964325,-0.4736865162849426,-0.020891189575195312,-0.2666861414909363,-0.002681255340576172,-0.3889652490615845,0.008859455585479736,-0.4583914130926132,0.021011650562286377,-0.5157258808612823,0.009123504161834717,-0.236692875623703,0.007723808288574219,-0.3166827857494354,-0.017662376165390015,-0.26293033361434937,-0.031820476055145264,-0.2144431471824646,0.03458809852600098,-0.18869256973266602,0.02082163095474243,-0.23434370756149292,0.0019766688346862793,-0.19532552361488342,-0.00634351372718811,-0.1576860547065735,PEACE
0.0,0.0,-0.055127233266830444,-0.031703174114227295,-0.09348428249359131,-0.10297966003417969,-0.08833563327789307,-0.15755963325500488,-0.05710679292678833,-0.17738163471221924,-0.07290533185005188,-0.245131254196167,-0.09467312693595886,-0.33703792095184326,-0.10728183388710022,-0.3949680030345917,-0.11622798442840576,-0.44921258091926575,-0.03814929723739624,-0.25807490944862366,-0.026299089193344116,-0.3831007480621338,-0.018168240785598755,-0.4568258225917816,-0.009347110986709595,-0.5160209238529205,-0.0065309107303619385,-0.2379382848739624,-0.02491527795791626,-0.30376487970352173,-0.051753103733062744,-0.25478291511535645,-0.06387707591056824,-0.2093927264213562,0.02229100465774536,-0.19884350895881653,-0.002173393964767456,-0.23309582471847534,-0.0194547176361084,-0.18815481662750244,-0.02363690733909607,-0.14610004425048828,PEACE
0.0,0.0,-0.05263960361480713,-0.017352402210235596,-0.09304237365722656,-0.07975786924362183,-0.08805021643638611,-0.1403193473815918,-0.05508524179458618,-0.1698543131351471,-0.0871945321559906,-0.22899377346038818,-0.11540639400482178,-0.30944889783859253,-0.13009342551231384,-0.3640415668487549,-0.13915207982063293,-0.4147809147834778,-0.051767498254776,-0.248212069272995,-0.047346413135528564,-0.36234182119369507,-0.04603126645088196,-0.42978212237358093,-0.04455694556236267,-0.4868229031562805,-0.017634034156799316,-0.23549947142601013,-0.02944701910018921,-0.2980714440345764,-0.04419058561325073,-0.23339495062828064,-0.05080527067184448,-0.18089812994003296,0.015707045793533325,-0.2025073766708374,-0.004384934902191162,-0.23813799023628235,-0.01688361167907715,-0.187425434589386,-0.02098482847213745,-0.1433812379837036,PEACE
0.0,0.0,-0.05067181587219238,-0.014283597469329834,-0.09602135419845581,-0.07221323251724243,-0.09642288088798523,-0.13349729776382446,-0.0668179988861084,-0.16669440269470215,-0.09099864959716797,-0.21867325901985168,-0.12393611669540405,-0.2978305518627167,-0.14194616675376892,-0.34539133310317993,-0.15660148859024048,-0.3917052000761032,-0.06073102355003357,-0.23963040113449097,-0.0667722225189209,-0.36175209283828735,-0.06744170188903809,-0.435718834400177,-0.06662118434906006,-0.4952961206436157,-0.028714925050735474,-0.2300451397895813,-0.04909595847129822,-0.2852720618247986,-0.06553107500076294,-0.22713372111320496,-0.07384499907493591,-0.17740398645401,0.003110140562057495,-0.2023889422416687,-0.019493937492370605,-0.23942101001739502,-0.031538963317871094,-0.18626409769058228,-0.03626546263694763,-0.1365518569946289,PEACE
0.0,0.0,-0.04974895715713501,-0.0020287632942199707,-0.09471115469932556,-0.05092257261276245,-0.09259012341499329,-0.11707466840744019,-0.06777647137641907,-0.1630798876285553,-0.10115796327590942,-0.19201678037643433,-0.13684022426605225,-0.25965264439582825,-0.15931451320648193,-0.304318904876709,-0.17762309312820435,-0.34773603081703186,-0.0733468234539032,-0.22243013978004456,-0.0885566771030426,-0.3368162214756012,-0.09741926193237305,-0.4081263840198517,-0.10237666964530945,-0.4685367941856384,-0.04163092374801636,-0.22091415524482727,-0.05597427487373352,-0.2812734544277191,-0.06597912311553955,-0.21980252861976624,-0.06957337260246277,-0.16845905780792236,-0.00848245620727539,-0.20086133480072021,-0.024388015270233154,-0.239625483751297,-0.034439414739608765,-0.18831795454025269,-0.03907495737075806,-0.13962790369987488,PEACE
0.0,0.0,-0.050370633602142334,-0.002961456775665283,-0.09804072976112366,-0.051187992095947266,-0.0966658890247345,-0.11490875482559204,-0.07275435328483582,-0.16288664937019348,-0.10421121120452881,-0.1937989890575409,-0.14582210779190063,-0.2595629096031189,-0.16962572932243347,-0.30346131324768066,-0.1887824535369873,-0.34582996368408203,-0.07455512881278992,-0.22641271352767944,-0.09128743410110474,-0.3416423797607422,-0.10020637512207031,-0.40837541222572327,-0.10629644989967346,-0.46285223960876465,-0.042255282402038574,-0.2263963222503662,-0.0609898567199707,-0.2889469861984253,-0.07043701410293579,-0.23679333925247192,-0.07391911745071411,-0.1932215690612793,-0.009716391563415527,-0.2057538628578186,-0.02813860774040222,-0.2425006628036499,-0.03960934281349182,-0.19173574447631836,-0.04507553577423096,-0.1418086290359497,PEACE
0.0,0.0,-0.05586874485015869,-0.0024214982986450195,-0.10597321391105652,-0.051592886447906494,-0.108705073595047,-0.1221117377281189,-0.07931119203567505,-0.16323137283325195,-0.11136376857757568,-0.199451744556427,-0.15437176823616028,-0.26934298872947693,-0.17813479900360107,-0.3145603537559509,-0.1976769119501114,-0.35821783542633057,-0.08199939131736755,-0.23078486323356628,-0.09526047110557556,-0.3575267791748047,-0.10327661037445068,-0.4298732876777649,-0.10824000835418701,-0.4879019558429718,-0.04909414052963257,-0.22816812992095947,-0.07288068532943726,-0.2946781516075134,-0.081798255443573,-0.22875678539276123,-0.08148705959320068,-0.1743379831314087,-0.014682680368423462,-0.20459073781967163,-0.03617352247238159,-0.252819299697876,-0.047996193170547485,-0.20096856355667114,-0.05175381898880005,-0.14818412065505981,PEACE
0.0,0.0,-0.05924209952354431,0.0021378397941589355,-0.11468705534934998,-0.048339128494262695,-0.12083882093429565,-0.11710017919540405,-0.09066426753997803,-0.15799081325531006,-0.12323226034641266,-0.21235454082489014,-0.16855737566947937,-0.28581589460372925,-0.19402718544006348,-0.3342738747596741,-0.21503661572933197,-0.3812486231327057,-0.0912085473537445,-0.24432623386383057,-0.10710158944129944,-0.3772728443145752,-0.11542867124080658,-0.45489415526390076,-0.12042880058288574,-0.5187588036060333,-0.05550414323806763,-0.24061179161071777,-0.07809334993362427,-0.3114156424999237,-0.08665335178375244,-0.23283427953720093,-0.08677807450294495,-0.1698632836341858,-0.019132226705551147,-0.21436673402786255,-0.04191657900810242,-0.250829815864563,-0.05257841944694519,-0.1897726058959961,-0.0551285445690155,-0.13490360975265503,PEACE
0.0,0.0,-0.058776259422302246,0.0031209588050842285,-0.11664965748786926,-0.04574465751647949,-0.1284446120262146,-0.11221808195114136,-0.09908394515514374,-0.15625429153442383,-0.12655727565288544,-0.22412729263305664,-0.17559853196144104,-0.30119073390960693,-0.2026677280664444,-0.35067126154899597,-0.22433848679065704,-0.40061497688293457,-0.09274175763130188,-0.2571868300437927,-0.10847607254981995,-0.39621829986572266,-0.11626330018043518,-0.4787445068359375,-0.1206786185503006,-0.5504697263240814,-0.05605095624923706,-0.25256651639938354,-0.08021175861358643,-0.3205743432044983,-0.08847764134407043,-0.23306894302368164,-0.08795984089374542,-0.16848593950271606,-0.020294904708862305,-0.2234104871749878,-0.04641515016555786,-0.26005876064300537,-0.05525001883506775,-0.19377177953720093,-0.05501002073287964,-0.13835376501083374,PEACE
0.0,0.0,-0.06361854076385498,0.006835043430328369,-0.12594158947467804,-0.04785841703414917,-0.15243715047836304,-0.11584246158599854,-0.12671323120594025,-0.15542560815811157,-0.13564497232437134,-0.24035954475402832,-0.18523114919662476,-0.3336524963378906,-0.21133961528539658,-0.3939988315105438,-0.23215726017951965,-0.45134735107421875,-0.09879641234874725,-0.2710292935371399,-0.10820809006690979,-0.4170641601085663,-0.11299321055412292,-0.5110574066638947,-0.11489225924015045,-0.5911308526992798,-0.06325522065162659,-0.2594977021217346,-0.08507198095321655,-0.3315442204475403,-0.1019349992275238,-0.23891478776931763,-0.10667107999324799,-0.16617333889007568,-0.03295111656188965,-0.22159892320632935,-0.06076738238334656,-0.2558298110961914,-0.07676713168621063,-0.1907893419265747,-0.08116671442985535,-0.1316295862197876,PEACE
0.0,0.0,-0.06322763860225677,0.0015039443969726562,-0.12573210895061493,-0.056307196617126465,-0.14531627297401428,-0.12011033296585083,-0.11306871473789215,-0.14462810754776,-0.1207554042339325,-0.25421279668807983,-0.16711416840553284,-0.35546255111694336,-0.19236622750759125,-0.4207501709461212,-0.21204715967178345,-0.48020708560943604,-0.08123013377189636,-0.2770070433616638,-0.08312885463237762,-0.4241083264350891,-0.08382436633110046,-0.5207296907901764,-0.08289596438407898,-0.6030016243457794,-0.046171367168426514,-0.257641077041626,-0.064012810587883,-0.3177233934402466,-0.08317135274410248,-0.22682607173919678,-0.09007240831851959,-0.1570071578025818,-0.01755654811859131,-0.21431517601013184,-0.039040952920913696,-0.24285918474197388,-0.05524900555610657,-0.17894959449768066,-0.06113256514072418,-0.12358558177947998,PEACE
0.0,0.0,-0.05810718238353729,-0.008573710918426514,-0.1100471168756485,-0.059790968894958496,-0.12636296451091766,-0.1094178557395935,-0.09769704937934875,-0.13934290409088135,-0.10274387896060944,-0.25341641902923584,-0.14280109107494354,-0.36158233880996704,-0.16576461493968964,-0.4290428161621094,-0.182903453707695,-0.4901998043060303,-0.06278975307941437,-0.27030235528945923,-0.05994036793708801,-0.4135921895503998,-0.05638125538825989,-0.510033518075943,-0.05186265707015991,-0.5922143757343292,-0.02863973379135132,-0.24794471263885498,-0.04341989755630493,-0.29171040654182434,-0.06314957141876221,-0.21034568548202515,-0.07272237539291382,-0.14860492944717407,-0.0038100779056549072,-0.2032756805419922,-0.026931434869766235,-0.21103352308273315,-0.04777015745639801,-0.1514500379562378,-0.05968031287193298,-0.10172402858734131,PEACE
0.0,0.0,-0.05819880962371826,-0.011546909809112549,-0.11209768056869507,-0.08040648698806763,-0.11542081832885742,-0.14015644788742065,-0.07155618071556091,-0.1451055407524109,-0.09897784888744354,-0.26353442668914795,-0.1319132298231125,-0.3713688254356384,-0.15211282670497894,-0.43853721022605896,-0.1681002676486969,-0.49807724356651306,-0.061039865016937256,-0.27689963579177856,-0.06554928421974182,-0.4211013913154602,-0.06845071911811829,-0.5122214555740356,-0.06828373670578003,-0.5899390876293182,-0.025789707899093628,-0.25275343656539917,-0.0431937575340271,-0.3050358295440674,-0.0604037344455719,-0.2311519980430603,-0.06591559946537018,-0.17569094896316528,0.002920478582382202,-0.20697349309921265,-0.02064022421836853,-0.22313320636749268,-0.03471758961677551,-0.16808927059173584,-0.03749591112136841,-0.1229735016822815,PEACE
0.0,0.0,-0.05542263388633728,-0.023740768432617188,-0.09625044465065002,-0.08802860975265503,-0.08371248841285706,-0.1321183443069458,-0.0475558340549469,-0.1505846381187439,-0.08727800846099854,-0.2601601481437683,-0.11664795875549316,-0.3648132383823395,-0.1359819620847702,-0.4321832060813904,-0.15054234862327576,-0.49224671721458435,-0.04866480827331543,-0.27504485845565796,-0.06067493557929993,-0.4090051054954529,-0.06920015811920166,-0.4939199686050415,-0.07177871465682983,-0.5650430023670197,-0.010668426752090454,-0.25408434867858887,-0.02691119909286499,-0.31208330392837524,-0.040257424116134644,-0.23975318670272827,-0.04290017485618591,-0.1822325587272644,0.021529674530029297,-0.21057868003845215,-0.007257580757141113,-0.21822607517242432,-0.023090392351150513,-0.166367769241333,-0.02656465768814087,-0.12628906965255737,PEACE
0.0,0.0,-0.0400354266166687,-0.04901731014251709,-0.06227430701255798,-0.12658506631851196,-0.03301149606704712,-0.1731353998184204,0.009374022483825684,-0.18241173028945923,-0.044508129358291626,-0.26970207691192627,-0.06892743706703186,-0.36771440505981445,-0.08527505397796631,-0.42719292640686035,-0.09680438041687012,-0.4777824878692627,-0.007323116064071655,-0.2850757837295532,-0.01656317710876465,-0.41370415687561035,-0.021700173616409302,-0.49171188473701477,-0.019583553075790405,-0.5547189712524414,0.028123050928115845,-0.2633538246154785,0.013714730739593506,-0.30595511198043823,-0.002766430377960205,-0.24140220880508423,-0.008377164602279663,-0.1915264129638672,0.05943980813026428,-0.2195364236831665,0.03554531931877136,-0.23672521114349365,0.017535746097564697,-0.1987195611000061,0.011275559663772583,-0.16640377044677734,PEACE
0.0,0.0,-0.04638248682022095,-0.03899115324020386,-0.07642537355422974,-0.11339700222015381,-0.054496318101882935,-0.1481115221977234,-0.015526622533798218,-0.14950257539749146,-0.05418837070465088,-0.25110578536987305,-0.07638928294181824,-0.3370210826396942,-0.08966776728630066,-0.39036428928375244,-0.10048174858093262,-0.4394245743751526,-0.019715696573257446,-0.25354766845703125,-0.011040329933166504,-0.36438536643981934,-0.00867164134979248,-0.43272387981414795,-0.005436569452285767,-0.4918935298919678,0.009782612323760986,-0.22583013772964478,-0.014704734086990356,-0.25330650806427,-0.030302375555038452,-0.1996099352836609,-0.031979531049728394,-0.1609991192817688,0.03307703137397766,-0.1834889054298401,0.002060234546661377,-0.19100582599639893,-0.013667583465576172,-0.15379947423934937,-0.01516541838645935,-0.1251698136329651,PEACE
0.0,0.0,-0.03767317533493042,-0.03778886795043945,-0.05807971954345703,-0.11271476745605469,-0.03160706162452698,-0.14189046621322632,0.004260003566741943,-0.13412624597549438,-0.03409567475318909,-0.22746789455413818,-0.046079427003860474,-0.30689895153045654,-0.05354040861129761,-0.356608510017395,-0.05832323431968689,-0.4022148847579956,-0.0021608173847198486,-0.22442573308944702,0.0134124755859375,-0.31867119669914246,0.02237868309020996,-0.37934496998786926,0.033603787422180176,-0.430912584066391,0.02188950777053833,-0.19361644983291626,0.01795622706413269,-0.22854501008987427,-0.0030242502689361572,-0.1908230185508728,-0.011791765689849854,-0.16091108322143555,0.039243072271347046,-0.14982324838638306,0.02121397852897644,-0.15413743257522583,0.004351764917373657,-0.1301107406616211,-0.0008047223091125488,-0.11291509866714478,PEACE
0.0,0.0,-0.030678093433380127,-0.041497886180877686,-0.043766528367996216,-0.10534930229187012,-0.019417762756347656,-0.12604469060897827,0.009840995073318481,-0.1249009370803833,-0.02245756983757019,-0.20485645532608032,-0.03276321291923523,-0.2776571810245514,-0.038707613945007324,-0.32266461849212646,-0.04202628135681152,-0.36266764998435974,0.005133867263793945,-0.20025861263275146,0.021703779697418213,-0.28881609439849854,0.030993282794952393,-0.3434411883354187,0.041167497634887695,-0.38784855604171753,0.025977492332458496,-0.17183804512023926,0.0283430814743042,-0.21106988191604614,0.010288536548614502,-0.17780107259750366,0.0008646547794342041,-0.15166383981704712,0.04120373725891113,-0.1320573091506958,0.029094219207763672,-0.14090275764465332,0.013694822788238525,-0.11824065446853638,0.006981521844863892,-0.10187172889709473,PEACE
0.0,0.0,-0.02875259518623352,-0.042085230350494385,-0.04060879349708557,-0.10739868879318237,-0.017444372177124023,-0.12958413362503052,0.010238796472549438,-0.12454819679260254,-0.016831129789352417,-0.20010632276535034,-0.0241529643535614,-0.273563414812088,-0.027700960636138916,-0.3198387324810028,-0.02946421504020691,-0.35964107513427734,0.010132580995559692,-0.1923268437385559,0.028193742036819458,-0.27465155720710754,0.03866657614707947,-0.3265972435474396,0.04973974823951721,-0.3685344457626343,0.029271334409713745,-0.1637473702430725,0.033472687005996704,-0.20049601793289185,0.014546722173690796,-0.17297685146331787,0.004052311182022095,-0.14948678016662598,0.04211851954460144,-0.12538927793502808,0.03294101357460022,-0.14025306701660156,0.01657196879386902,-0.12156248092651367,0.008171558380126953,-0.10563188791275024,PEACE
0.0,0.0,-0.02563759684562683,-0.04220038652420044,-0.03303229808807373,-0.10672610998153687,-0.008623570203781128,-0.12457001209259033,0.017765581607818604,-0.11794120073318481,-0.00916975736618042,-0.19042205810546875,-0.014245033264160156,-0.259845495223999,-0.016587495803833008,-0.3035615086555481,-0.01789519190788269,-0.34206053614616394,0.016289889812469482,-0.1822725534439087,0.03452932834625244,-0.26029694080352783,0.04585278034210205,-0.3082631528377533,0.056925058364868164,-0.34789717197418213,0.034017860889434814,-0.15478169918060303,0.04256927967071533,-0.1929636001586914,0.0244407057762146,-0.16641199588775635,0.013001739978790283,-0.14451950788497925,0.04636955261230469,-0.11791366338729858,0.04250216484069824,-0.13229763507843018,0.026853621006011963,-0.1139516830444336,0.017919838428497314,-0.09919285774230957,PEACE
0.0,0.0,-0.02635723352432251,-0.038888394832611084,-0.03278324007987976,-0.09963905811309814,-0.008380621671676636,-0.11711418628692627,0.016307532787322998,-0.11521029472351074,-0.01045641303062439,-0.190163254737854,-0.013911843299865723,-0.25782501697540283,-0.015265733003616333,-0.3022681474685669,-0.01502770185470581,-0.3409009277820587,0.015417695045471191,-0.18192923069000244,0.03438466787338257,-0.2576430141925812,0.04662555456161499,-0.3052186369895935,0.0593147873878479,-0.344846248626709,0.033299267292022705,-0.15369141101837158,0.04514724016189575,-0.19043874740600586,0.025929808616638184,-0.1597743034362793,0.01410210132598877,-0.136100172996521,0.045619189739227295,-0.11599254608154297,0.04252314567565918,-0.12970685958862305,0.02558445930480957,-0.1089853048324585,0.01573842763900757,-0.09428316354751587,PEACE
0.0,0.0,-0.024674952030181885,-0.041942596435546875,-0.03022545576095581,-0.10370498895645142,-0.005486518144607544,-0.11925840377807617,0.01995331048965454,-0.11483162641525269,-0.007818639278411865,-0.19159621000289917,-0.01057860255241394,-0.26107537746429443,-0.011167138814926147,-0.30459094047546387,-0.010400861501693726,-0.3425182104110718,0.017870008945465088,-0.18243420124053955,0.03852027654647827,-0.2598339915275574,0.05158686637878418,-0.30684685707092285,0.06433194875717163,-0.3459412157535553,0.03545963764190674,-0.15390843152999878,0.047344982624053955,-0.18870288133621216,0.029844224452972412,-0.16083890199661255,0.01873081922531128,-0.13956773281097412,0.0468897819519043,-0.11561942100524902,0.04614090919494629,-0.12966102361679077,0.030152857303619385,-0.10920017957687378,0.02032405138015747,-0.09431374073028564,PEACE
0.0,0.0,-0.024092167615890503,-0.04624056816101074,-0.0300462543964386,-0.10795891284942627,-0.00565570592880249,-0.12514615058898926,0.019620954990386963,-0.11945796012878418,-0.004014492034912109,-0.19419044256210327,-0.006451845169067383,-0.2648223638534546,-0.007298409938812256,-0.3093355894088745,-0.007022857666015625,-0.348244309425354,0.020502746105194092,-0.1831268072128296,0.04120737314224243,-0.26203882694244385,0.05398547649383545,-0.30875253677368164,0.06661546230316162,-0.3467077910900116,0.03681820631027222,-0.1528249979019165,0.04899251461029053,-0.1924925446510315,0.030908823013305664,-0.16494417190551758,0.019170820713043213,-0.14087063074111938,0.047541797161102295,-0.11303526163101196,0.05094176530838013,-0.1354045867919922,0.03655964136123657,-0.11712032556533813,0.027293264865875244,-0.09948348999023438,PEACE
0.0,0.0,-0.022199928760528564,-0.044344305992126465,-0.025753259658813477,-0.10622978210449219,0.002734243869781494,-0.1251823902130127,0.029773831367492676,-0.11901003122329712,-0.003522515296936035,-0.19676703214645386,-0.004512965679168701,-0.267805278301239,-0.005065500736236572,-0.3135937750339508,-0.004882514476776123,-0.3532784581184387,0.02163708209991455,-0.18643248081207275,0.04231005907058716,-0.26592981815338135,0.055219292640686035,-0.31289142370224,0.06748038530349731,-0.3520684242248535,0.038589537143707275,-0.15640497207641602,0.05359303951263428,-0.19263982772827148,0.03663235902786255,-0.16451281309127808,0.024313628673553467,-0.14186561107635498,0.04982733726501465,-0.11666512489318848,0.05620706081390381,-0.13724368810653687,0.042112767696380615,-0.11896586418151855,0.03175950050354004,-0.10276120901107788,PEACE
0.0,0.0,-0.02003878355026245,-0.04687535762786865,-0.01909738779067993,-0.10707449913024902,0.012876152992248535,-0.12455296516418457,0.041405439376831055,-0.12197685241699219,0.0020584464073181152,-0.20201408863067627,0.0033164024353027344,-0.27548515796661377,0.004266142845153809,-0.3228682279586792,0.005872130393981934,-0.3642524480819702,0.027890443801879883,-0.19088566303253174,0.05017465353012085,-0.2721887230873108,0.06472420692443848,-0.31901055574417114,0.0785369873046875,-0.358823299407959,0.04462558031082153,-0.15859109163284302,0.06503075361251831,-0.19689422845840454,0.04662066698074341,-0.16662847995758057,0.03206324577331543,-0.14305025339126587,0.05476886034011841,-0.11512947082519531,0.06489086151123047,-0.13632714748382568,0.04949921369552612,-0.11912685632705688,0.03615093231201172,-0.10418295860290527,PEACE
0.0,0.0,-0.020088553428649902,-0.052757203578948975,-0.01805025339126587,-0.11801904439926147,0.016784846782684326,-0.14120447635650635,0.04825127124786377,-0.13902968168258667,0.0024854540824890137,-0.21167802810668945,0.005063235759735107,-0.2917577028274536,0.006186962127685547,-0.342487633228302,0.00709843635559082,-0.3859902322292328,0.030966103076934814,-0.20190465450286865,0.05499786138534546,-0.2886846959590912,0.07017624378204346,-0.3393336534500122,0.0837361216545105,-0.3817952275276184,0.04975014925003052,-0.16990751028060913,0.07355773448944092,-0.21329915523529053,0.05438715219497681,-0.17994141578674316,0.03836250305175781,-0.15338361263275146,0.06202530860900879,-0.1251552700996399,0.0742272138595581,-0.14987999200820923,0.058365464210510254,-0.1312616467475891,0.04409748315811157,-0.11434847116470337,PEACE
0.0,0.0,-0.019831061363220215,-0.056132495403289795,-0.015945494174957275,-0.12363684177398682,0.022036850452423096,-0.1484764814376831,0.056459009647369385,-0.14228814840316772,0.002054870128631592,-0.2221643328666687,0.003724336624145508,-0.3070639371871948,0.003956854343414307,-0.36147862672805786,0.004315555095672607,-0.40754905343055725,0.031778693199157715,-0.2126440405845642,0.056549072265625,-0.30206945538520813,0.0714617371559143,-0.35551607608795166,0.08543312549591064,-0.40022358298301697,0.051194965839385986,-0.1795802116394043,0.07717865705490112,-0.2250567078590393,0.05668610334396362,-0.1873403787612915,0.03985875844955444,-0.15785038471221924,0.06414324045181274,-0.13288527727127075,0.07891696691513062,-0.16042429208755493,0.06386429071426392,-0.14052456617355347,0.04968547821044922,-0.12151670455932617,PEACE
0.0,0.0,-0.018605291843414307,-0.05791860818862915,-0.012991547584533691,-0.12848198413848877,0.028804123401641846,-0.15439265966415405,0.06459623575210571,-0.1504238247871399,0.0019394755363464355,-0.23651254177093506,0.002799808979034424,-0.32736700773239136,0.0031433701515197754,-0.38494837284088135,0.0039681196212768555,-0.4335140585899353,0.034134089946746826,-0.22594749927520752,0.060473740100860596,-0.32227033376693726,0.07687538862228394,-0.37713563442230225,0.09272891283035278,-0.4232819080352783,0.05556821823120117,-0.19024217128753662,0.08381205797195435,-0.23455899953842163,0.06171250343322754,-0.1939603090286255,0.04376673698425293,-0.16410839557647705,0.07020807266235352,-0.14001983404159546,0.08703213930130005,-0.16524118185043335,0.07115739583969116,-0.14360272884368896,0.05604743957519531,-0.12406140565872192,PEACE
0.0,0.0,-0.016440391540527344,-0.0625847578048706,-0.008976221084594727,-0.1367078423500061,0.03998303413391113,-0.1634519100189209,0.08153456449508667,-0.16087543964385986,0.004046618938446045,-0.2566675543785095,0.004868686199188232,-0.3565291166305542,0.005301296710968018,-0.41800421476364136,0.006536006927490234,-0.46998363733291626,0.03747153282165527,-0.24511253833770752,0.06530225276947021,-0.3502309024333954,0.08397543430328369,-0.4081261157989502,0.10191667079925537,-0.4574621021747589,0.05924117565155029,-0.20592623949050903,0.09281790256500244,-0.24903124570846558,0.06904661655426025,-0.2017109990119934,0.048587024211883545,-0.17035645246505737,0.07420772314071655,-0.15089356899261475,0.09624874591827393,-0.17313724756240845,0.0779036283493042,-0.14594405889511108,0.05915254354476929,-0.12522625923156738,PEACE
0.0,0.0,-0.02037370204925537,-0.060269057750701904,-0.014370560646057129,-0.1355743408203125,0.03728342056274414,-0.16628724336624146,0.08346247673034668,-0.16685062646865845,0.002801358699798584,-0.2730081379413605,0.0036483407020568848,-0.38262939453125,0.004723012447357178,-0.4495478868484497,0.006605565547943115,-0.5079721212387085,0.04019886255264282,-0.26375988125801086,0.06864643096923828,-0.3793203830718994,0.08811056613922119,-0.4405156075954437,0.10548263788223267,-0.496940016746521,0.0654481053352356,-0.22301435470581055,0.10087740421295166,-0.2744601368904114,0.0755128264427185,-0.21452945470809937,0.052848637104034424,-0.1770527958869934,0.08394372463226318,-0.16310489177703857,0.10742700099945068,-0.189159095287323,0.08579111099243164,-0.1511087417602539,0.0634656548500061,-0.12549352645874023,PEACE
0.0,0.0,-0.02113550901412964,-0.06516081094741821,-0.01262885332107544,-0.14746594429016113,0.04556453227996826,-0.18042349815368652,0.0969809889793396,-0.17629480361938477,0.002010822296142578,-0.2868293821811676,0.0015015006065368652,-0.4049975872039795,0.002298712730407715,-0.4774671345949173,0.005044460296630859,-0.5402910113334656,0.04246723651885986,-0.2798954248428345,0.07222247123718262,-0.40429675579071045,0.09396594762802124,-0.47101734578609467,0.114540696144104,-0.5318397581577301,0.06989556550979614,-0.23798611760139465,0.10966819524765015,-0.2907184660434723,0.08287948369979858,-0.22566619515419006,0.058954834938049316,-0.18535184860229492,0.09021735191345215,-0.17549055814743042,0.11696523427963257,-0.19763672351837158,0.09335803985595703,-0.15882128477096558,0.06848978996276855,-0.1332506537437439,PEACE
0.0,0.0,-0.022999465465545654,-0.05954462289810181,-0.013451635837554932,-0.14663755893707275,0.04648697376251221,-0.18517380952835083,0.09950196743011475,-0.19310510158538818,0.0046669840812683105,-0.30615031719207764,0.0052909255027771,-0.4338880777359009,0.006295263767242432,-0.5119530856609344,0.008764028549194336,-0.5805819034576416,0.04787534475326538,-0.3015444278717041,0.07995891571044922,-0.4366820156574249,0.10441428422927856,-0.509285181760788,0.12654155492782593,-0.5784419178962708,0.07667958736419678,-0.25820696353912354,0.11915475130081177,-0.31429940462112427,0.09051883220672607,-0.23702818155288696,0.06437569856643677,-0.1942017674446106,0.09846937656402588,-0.191825270652771,0.1288568377494812,-0.2126118242740631,0.10319584608078003,-0.16511768102645874,0.07609230279922485,-0.13851481676101685,PEACE
0.0,0.0,-0.022212862968444824,-0.05397075414657593,-0.014019250869750977,-0.13569235801696777,0.04549431800842285,-0.17338109016418457,0.10433441400527954,-0.1814928650856018,0.008823812007904053,-0.3202349543571472,0.012169480323791504,-0.456515908241272,0.014121651649475098,-0.5390104353427887,0.01814711093902588,-0.6119326949119568,0.054523587226867676,-0.31514209508895874,0.09262651205062866,-0.45856422185897827,0.12027794122695923,-0.5357602834701538,0.1454107165336609,-0.6102791130542755,0.0844539999961853,-0.2689928114414215,0.13028371334075928,-0.3215589225292206,0.09824830293655396,-0.23890778422355652,0.07012498378753662,-0.193109929561615,0.10603731870651245,-0.19903171062469482,0.13819432258605957,-0.21714472770690918,0.11072123050689697,-0.1658235788345337,0.08323633670806885,-0.13701999187469482,PEACE
0.0,0.0,-0.024398446083068848,-0.058101773262023926,-0.008772313594818115,-0.149075448513031,0.05653005838394165,-0.18191981315612793,0.11408001184463501,-0.18946707248687744,0.016633808612823486,-0.33977845311164856,0.022162914276123047,-0.48081719875335693,0.025386929512023926,-0.5675404369831085,0.02993929386138916,-0.6449359357357025,0.06469464302062988,-0.33310413360595703,0.10535931587219238,-0.4819394648075104,0.1355135440826416,-0.5637734234333038,0.1628435254096985,-0.6431379020214081,0.09463012218475342,-0.2836166024208069,0.14350563287734985,-0.3399806022644043,0.11100274324417114,-0.25364017486572266,0.08180743455886841,-0.20645177364349365,0.11585527658462524,-0.20926433801651,0.15051919221878052,-0.22224241495132446,0.12288987636566162,-0.1686497926712036,0.09451723098754883,-0.14043313264846802,PEACE
0.0,0.0,-0.020246505737304688,-0.0567094087600708,-0.004736840724945068,-0.1443551778793335,0.058641672134399414,-0.18032366037368774,0.11546677350997925,-0.19259631633758545,0.016452908515930176,-0.35103416442871094,0.020563900470733643,-0.49612438678741455,0.023157775402069092,-0.5853881239891052,0.026814699172973633,-0.6637095510959625,0.06399548053741455,-0.3450891077518463,0.10637784004211426,-0.5019185841083527,0.13826268911361694,-0.5891666412353516,0.16679322719573975,-0.6711659729480743,0.09442412853240967,-0.2940826416015625,0.14294779300689697,-0.34991616010665894,0.11155611276626587,-0.26161903142929077,0.08274722099304199,-0.21079587936401367,0.11544984579086304,-0.21818554401397705,0.15028440952301025,-0.2396894097328186,0.1261177659034729,-0.1838291883468628,0.10139572620391846,-0.1501055359840393,PEACE
0.0,0.0,-0.025353074073791504,-0.05056273937225342,-0.01496875286102295,-0.1365146040916443,0.04234439134597778,-0.17501181364059448,0.09611129760742188,-0.1894611120223999,0.006493091583251953,-0.35009488463401794,0.007017195224761963,-0.4971517026424408,0.007320582866668701,-0.589228481054306,0.00862729549407959,-0.6698151230812073,0.05500441789627075,-0.3465490937232971,0.09812676906585693,-0.5085349678993225,0.12894690036773682,-0.6017457842826843,0.15690040588378906,-0.6874995529651642,0.08809477090835571,-0.2930378317832947,0.13108307123184204,-0.35800549387931824,0.09761178493499756,-0.2792874574661255,0.06985247135162354,-0.22974157333374023,0.11117750406265259,-0.21292191743850708,0.13922709226608276,-0.24814176559448242,0.11418014764785767,-0.19864749908447266,0.09285914897918701,-0.16436141729354858,PEACE
0.0,0.0,-0.029434382915496826,-0.029453516006469727,-0.03101205825805664,-0.09618043899536133,0.02195984125137329,-0.13776236772537231,0.07342320680618286,-0.16925060749053955,-0.009138405323028564,-0.3487083911895752,-0.013510525226593018,-0.4973530173301697,-0.017796099185943604,-0.5908500552177429,-0.019421815872192383,-0.6736897528171539,0.04268008470535278,-0.3500296473503113,0.08184492588043213,-0.5171175599098206,0.11051690578460693,-0.614574134349823,0.13688266277313232,-0.7028703987598419,0.078971266746521,-0.2947167754173279,0.1159677505493164,-0.36116793751716614,0.08316558599472046,-0.2788514494895935,0.05705070495605469,-0.22441935539245605,0.10513460636138916,-0.21047955751419067,0.12634718418121338,-0.24628692865371704,0.10053360462188721,-0.19448810815811157,0.07917976379394531,-0.1567506194114685,PEACE
0.0,0.0,-0.04397517442703247,-0.02958589792251587,-0.06423678994178772,-0.09433871507644653,-0.017003774642944336,-0.12055659294128418,0.04020434617996216,-0.12978744506835938,-0.03591287136077881,-0.32720130681991577,-0.0468064546585083,-0.4780101478099823,-0.052541494369506836,-0.5689122974872589,-0.05511188507080078,-0.6555639207363129,0.020450830459594727,-0.3312241733074188,0.057110488414764404,-0.49883365631103516,0.08571505546569824,-0.5927734076976776,0.1113349199295044,-0.6838052570819855,0.060151875019073486,-0.28014206886291504,0.08810973167419434,-0.3342108428478241,0.05405491590499878,-0.23813682794570923,0.0302811861038208,-0.17379969358444214,0.08943414688110352,-0.20132052898406982,0.0963250994682312,-0.20844799280166626,0.06663882732391357,-0.14276552200317383,0.04584777355194092,-0.097484290599823,PEACE
0.0,0.0,-0.053882062435150146,-0.03771328926086426,-0.0897991955280304,-0.11514490842819214,-0.05315461754798889,-0.1354602575302124,0.002303779125213623,-0.13462615013122559,-0.05820438265800476,-0.33149293065071106,-0.07573601603507996,-0.4760006070137024,-0.08409649133682251,-0.5681045353412628,-0.08840030431747437,-0.653752863407135,-0.002187013626098633,-0.3370209336280823,0.034585773944854736,-0.5052594542503357,0.06403881311416626,-0.6072700917720795,0.09015458822250366,-0.6996303498744965,0.039557576179504395,-0.28805267810821533,0.06649178266525269,-0.34234902262687683,0.03173178434371948,-0.24355638027191162,0.005845367908477783,-0.17694097757339478,0.07031410932540894,-0.21257346868515015,0.07434159517288208,-0.20911145210266113,0.04338061809539795,-0.14261776208877563,0.018573462963104248,-0.10014951229095459,PEACE
0.0,0.0,-0.05888932943344116,-0.03294718265533447,-0.098380446434021,-0.11278533935546875,-0.06523612141609192,-0.1340773105621338,-0.010283589363098145,-0.12680649757385254,-0.0698595941066742,-0.3159577250480652,-0.09068498015403748,-0.45280009508132935,-0.09969118237495422,-0.5431637763977051,-0.10338622331619263,-0.628254234790802,-0.015653908252716064,-0.3262925446033478,0.019575774669647217,-0.4869617521762848,0.04870396852493286,-0.5897676050662994,0.07495886087417603,-0.6825913190841675,0.025470435619354248,-0.2835610508918762,0.04490906000137329,-0.32027530670166016,0.014435231685638428,-0.21671324968338013,-0.0076819658279418945,-0.14845824241638184,0.05561167001724243,-0.21609395742416382,0.05709517002105713,-0.20399463176727295,0.03068143129348755,-0.13525283336639404,0.010311543941497803,-0.09173542261123657,PEACE
0.0,0.0,-0.05924293398857117,-0.03053969144821167,-0.09673869609832764,-0.109011709690094,-0.06051367521286011,-0.13439887762069702,-0.007140934467315674,-0.1274474859237671,-0.07204636931419373,-0.2945997714996338,-0.09450340270996094,-0.42505142092704773,-0.10704931616783142,-0.5068152546882629,-0.11544516682624817,-0.5840431749820709,-0.021183103322982788,-0.3059636056423187,0.006447315216064453,-0.45969241857528687,0.028137266635894775,-0.5617539882659912,0.04794490337371826,-0.6529851853847504,0.017736494541168213,-0.2679729461669922,0.03465825319290161,-0.30705079436302185,0.010309040546417236,-0.21550476551055908,-0.0074610114097595215,-0.1524713635444641,0.04643064737319946,-0.20700699090957642,0.05202716588973999,-0.20567327737808228,0.031803667545318604,-0.1446596384048462,0.015481829643249512,-0.10356372594833374,PEACE
0.0,0.0,-0.05114737153053284,-0.03284543752670288,-0.08434537053108215,-0.11036413908004761,-0.05466160178184509,-0.14837491512298584,-0.013352632522583008,-0.16023039817810059,-0.06612947583198547,-0.2932204604148865,-0.08153784275054932,-0.4077584147453308,-0.09251990914344788,-0.48052507638931274,-0.10139113664627075,-0.5495132803916931,-0.01979196071624756,-0.29860639572143555,0.002064734697341919,-0.4422558546066284,0.01676863431930542,-0.5312415063381195,0.03106105327606201,-0.6098519563674927,0.018148601055145264,-0.25939470529556274,0.035312533378601074,-0.3237890303134918,0.00944441556930542,-0.2403125762939453,-0.008593231439590454,-0.17656594514846802,0.047773778438568115,-0.19749921560287476,0.04703396558761597,-0.21219581365585327,0.027255117893218994,-0.15700584650039673,0.01419752836227417,-0.11711853742599487,PEACE
0.0,0.0,-0.04767367243766785,-0.0323023796081543,-0.07894691824913025,-0.11452490091323853,-0.04989820718765259,-0.15409541130065918,-0.00742495059967041,-0.15929096937179565,-0.06094449758529663,-0.27712634205818176,-0.07480135560035706,-0.3859277367591858,-0.08341220021247864,-0.4553876221179962,-0.08961695432662964,-0.518894374370575,-0.01918765902519226,-0.2803313136100769,-0.0006048381328582764,-0.41054415702819824,0.01205626130104065,-0.4940437376499176,0.024460583925247192,-0.5669575035572052,0.015319138765335083,-0.2451932430267334,0.030119866132736206,-0.3103700578212738,0.005283176898956299,-0.23990726470947266,-0.011726617813110352,-0.18504983186721802,0.04311820864677429,-0.1900700330734253,0.03949210047721863,-0.20197772979736328,0.01994463801383972,-0.15330654382705688,0.007883638143539429,-0.11820143461227417,PEACE
0.0,0.0,-0.043702512979507446,-0.03256392478942871,-0.07010570168495178,-0.1123775839805603,-0.04641571640968323,-0.15731161832809448,-0.011686891317367554,-0.16537511348724365,-0.053274720907211304,-0.26701822876930237,-0.06781542301177979,-0.36888325214385986,-0.07578620314598083,-0.43246787786483765,-0.0806291401386261,-0.49082788825035095,-0.013723611831665039,-0.26700589060783386,0.00521320104598999,-0.39254090189933777,0.019027680158615112,-0.4700549840927124,0.03249052166938782,-0.5352323651313782,0.01825973391532898,-0.2317832112312317,0.03118184208869934,-0.30382129549980164,0.007504492998123169,-0.24246099591255188,-0.008980810642242432,-0.19272804260253906,0.0430278480052948,-0.17854630947113037,0.04077008366584778,-0.20116698741912842,0.0220203697681427,-0.153683602809906,0.010234981775283813,-0.116729736328125,PEACE
0.0,0.0,-0.04151713848114014,-0.03463619947433472,-0.0650932788848877,-0.11332482099533081,-0.04962974786758423,-0.14903312921524048,-0.03023621439933777,-0.14523828029632568,-0.05025920271873474,-0.2558515965938568,-0.061655253171920776,-0.35523730516433716,-0.06831139326095581,-0.4157017469406128,-0.07248702645301819,-0.4697781503200531,-0.012840718030929565,-0.25620612502098083,0.005488663911819458,-0.37274742126464844,0.0180017352104187,-0.4439781606197357,0.030479371547698975,-0.5025540590286255,0.017619848251342773,-0.22467565536499023,0.027569711208343506,-0.2903863191604614,0.005088239908218384,-0.23288694024085999,-0.009952515363693237,-0.18758130073547363,0.0411524772644043,-0.17672038078308105,0.035584449768066406,-0.19505828619003296,0.017832398414611816,-0.15021997690200806,0.0077478885650634766,-0.11764699220657349,PEACE
0.0,0.0,-0.041411906480789185,-0.03577154874801636,-0.0633496344089508,-0.1106608510017395,-0.04531785845756531,-0.15343856811523438,-0.016705632209777832,-0.15824276208877563,-0.049015194177627563,-0.24962300062179565,-0.05684956908226013,-0.34296733140945435,-0.06170341372489929,-0.4000691771507263,-0.06505477428436279,-0.4520159810781479,-0.013840675354003906,-0.24916699528694153,0.006434023380279541,-0.3647855222225189,0.01752173900604248,-0.43139731884002686,0.028359681367874146,-0.4871627390384674,0.015498846769332886,-0.21704581379890442,0.023546457290649414,-0.29069948196411133,-0.0012052357196807861,-0.23845511674880981,-0.01672413945198059,-0.1958823800086975,0.03893980383872986,-0.16733139753341675,0.034051090478897095,-0.20594412088394165,0.01682567596435547,-0.16942602396011353,0.00837928056716919,-0.13901114463806152,PEACE
0.0,0.0,-0.04393535852432251,-0.03212553262710571,-0.07271057367324829,-0.10613596439361572,-0.05484938621520996,-0.15812110900878906,-0.018110692501068115,-0.1591472029685974,-0.05793449282646179,-0.24569854140281677,-0.06946897506713867,-0.3366675078868866,-0.07773232460021973,-0.39497795701026917,-0.08458128571510315,-0.448112815618515,-0.023054838180541992,-0.25025808811187744,-0.008143901824951172,-0.36870741844177246,0.003473907709121704,-0.43612176179885864,0.01557275652885437,-0.4926852285861969,0.007003754377365112,-0.22111383080482483,0.0112743079662323,-0.2903478145599365,-0.00925484299659729,-0.23172974586486816,-0.02125486731529236,-0.18489617109298706,0.033094704151153564,-0.17311668395996094,0.025100290775299072,-0.21315336227416992,0.00905105471611023,-0.16985392570495605,0.0014332830905914307,-0.13310348987579346,PEACE
0.0,0.0,-0.04513850808143616,-0.02520221471786499,-0.07883197069168091,-0.09063643217086792,-0.06664660573005676,-0.1458590030670166,-0.03455820679664612,-0.16708266735076904,-0.0717347264289856,-0.23111385107040405,-0.09284424781799316,-0.3172624111175537,-0.10224434733390808,-0.3725679814815521,-0.10799950361251831,-0.42433905601501465,-0.03579801321029663,-0.2441595196723938,-0.026698648929595947,-0.35525667667388916,-0.01978161931037903,-0.42131054401397705,-0.012624859809875488,-0.4768553674221039,-0.004099786281585693,-0.22410234808921814,-0.012114554643630981,-0.28715986013412476,-0.03433629870414734,-0.23896798491477966,-0.04740723967552185,-0.1989181935787201,0.02444329857826233,-0.18488866090774536,0.01049765944480896,-0.21490448713302612,-0.006221175193786621,-0.17413920164108276,-0.014339566230773926,-0.1380312442779541,PEACE
0.0,0.0,-0.04485771059989929,-0.022865712642669678,-0.08164888620376587,-0.0835997462272644,-0.07473951578140259,-0.13926291465759277,-0.044860780239105225,-0.1682644486427307,-0.07540634274482727,-0.22757187485694885,-0.10098385810852051,-0.30457445979118347,-0.11574631929397583,-0.35323452949523926,-0.1272895336151123,-0.39869797229766846,-0.04402643442153931,-0.23901072144508362,-0.04061797261238098,-0.3445279002189636,-0.03812560439109802,-0.4091690182685852,-0.03529420495033264,-0.4625980854034424,-0.014141738414764404,-0.2213211953639984,-0.022836804389953613,-0.2735718786716461,-0.038399696350097656,-0.22010505199432373,-0.04704397916793823,-0.17662367224693298,0.013576239347457886,-0.18597441911697388,-0.0013656020164489746,-0.22207558155059814,-0.01500767469406128,-0.17379790544509888,-0.021997153759002686,-0.12979531288146973,PEACE
0.0,0.0,-0.04413768649101257,-0.01693260669708252,-0.08317649364471436,-0.07282888889312744,-0.07724320888519287,-0.12746655941009521,-0.05045771598815918,-0.16298907995224,-0.08314520120620728,-0.21193888783454895,-0.11257469654083252,-0.283499151468277,-0.12959229946136475,-0.3281116485595703,-0.14284440875053406,-0.37113451957702637,-0.05409574508666992,-0.22843360900878906,-0.05462345480918884,-0.33453860878944397,-0.05403423309326172,-0.40053820610046387,-0.05178019404411316,-0.4553782343864441,-0.025624841451644897,-0.21597617864608765,-0.03430166840553284,-0.26334455609321594,-0.048067063093185425,-0.21006140112876892,-0.05512741208076477,-0.16866517066955566,0.0014884769916534424,-0.18691116571426392,-0.011342287063598633,-0.2228492796421051,-0.02245202660560608,-0.17090916633605957,-0.028021633625030518,-0.1238936185836792,PEACE
0.0,0.0,-0.04576924443244934,-0.01836329698562622,-0.08694392442703247,-0.07740485668182373,-0.07989144325256348,-0.13046181201934814,-0.049488723278045654,-0.1613730788230896,-0.08302593231201172,-0.22036686539649963,-0.1093006432056427,-0.2919323444366455,-0.12374898791313171,-0.337315171957016,-0.13606935739517212,-0.3810214400291443,-0.052846044301986694,-0.23515287041664124,-0.055801182985305786,-0.3404657244682312,-0.05772364139556885,-0.40323957800865173,-0.05978405475616455,-0.45760807394981384,-0.023704439401626587,-0.22196152806282043,-0.033013612031936646,-0.2726726531982422,-0.04369384050369263,-0.23843738436698914,-0.049505650997161865,-0.21510186791419983,0.0038760602474212646,-0.19231197237968445,-0.012768864631652832,-0.22240030765533447,-0.023333251476287842,-0.17043828964233398,-0.028397828340530396,-0.12578195333480835,PEACE
0.0,0.0,-0.045631229877471924,-0.015051424503326416,-0.08477821946144104,-0.07391202449798584,-0.07591670751571655,-0.12854373455047607,-0.04188951849937439,-0.15343433618545532,-0.08253127336502075,-0.20429319143295288,-0.1012386679649353,-0.28680872917175293,-0.10951316356658936,-0.3417786955833435,-0.11599266529083252,-0.39063388109207153,-0.05186906456947327,-0.2257382869720459,-0.05722200870513916,-0.3355269730091095,-0.06444233655929565,-0.4021129608154297,-0.07181307673454285,-0.4583035111427307,-0.021195173263549805,-0.21816280484199524,-0.03503108024597168,-0.2703433036804199,-0.047540128231048584,-0.21555620431900024,-0.05461674928665161,-0.17118114233016968,0.009353101253509521,-0.1910437047481537,-0.005698740482330322,-0.21210020780563354,-0.016568779945373535,-0.16157740354537964,-0.021280527114868164,-0.11956989765167236,PEACE
0.0,0.0,-0.04758942127227783,-0.018496990203857422,-0.08394300937652588,-0.0804358720779419,-0.07685399055480957,-0.1350926160812378,-0.04465952515602112,-0.15884417295455933,-0.07839268445968628,-0.21828600764274597,-0.08842211961746216,-0.30479419231414795,-0.09262320399284363,-0.36225342750549316,-0.09536156058311462,-0.41515302658081055,-0.048772335052490234,-0.23126107454299927,-0.04718625545501709,-0.34398889541625977,-0.04551926255226135,-0.41027432680130005,-0.04253387451171875,-0.4678002893924713,-0.019335806369781494,-0.21606475114822388,-0.02565428614616394,-0.28161829710006714,-0.038922667503356934,-0.22001439332962036,-0.045658618211746216,-0.17097187042236328,0.009326308965682983,-0.18289023637771606,-0.003384411334991455,-0.2194719910621643,-0.01511836051940918,-0.17231935262680054,-0.020150423049926758,-0.13237345218658447,PEACE
0.0,0.0,-0.043617695569992065,-0.02316504716873169,-0.07330825924873352,-0.08618587255477905,-0.06868010759353638,-0.13038235902786255,-0.049857914447784424,-0.13720917701721191,-0.06766492128372192,-0.22327598929405212,-0.07126668095588684,-0.31783026456832886,-0.0727197527885437,-0.3789851665496826,-0.07271561026573181,-0.4318845868110657,-0.038091689348220825,-0.22863739728927612,-0.0349271297454834,-0.34436964988708496,-0.03422537446022034,-0.4167670011520386,-0.03195348381996155,-0.4768577516078949,-0.008618175983428955,-0.20928677916526794,-0.011067748069763184,-0.2847774624824524,-0.0304374098777771,-0.2303427755832672,-0.04288315773010254,-0.18202972412109375,0.018020838499069214,-0.1730138659477234,0.007705599069595337,-0.21320170164108276,-0.006618231534957886,-0.16967177391052246,-0.013576120138168335,-0.13035911321640015,PEACE
0.0,0.0,-0.04251578450202942,-0.028046786785125732,-0.08086919784545898,-0.09750950336456299,-0.1078755259513855,-0.1419544219970703,-0.13293373584747314,-0.14725106954574585,-0.06191253662109375,-0.22793596982955933,-0.06377416849136353,-0.31610214710235596,-0.06235694885253906,-0.3717503845691681,-0.06082439422607422,-0.4210872948169708,-0.03155255317687988,-0.23083025217056274,-0.02322480082511902,-0.34467899799346924,-0.02094590663909912,-0.41518455743789673,-0.017887920141220093,-0.4740283191204071,-0.0028295516967773438,-0.20903447270393372,-0.0026505589485168457,-0.2808797359466553,-0.02375584840774536,-0.23164713382720947,-0.03691473603248596,-0.1874547004699707,0.02311950922012329,-0.17274606227874756,0.015776336193084717,-0.21633440256118774,0.0003606081008911133,-0.17492514848709106,-0.007480829954147339,-0.13697868585586548,PEACE
0.0,0.0,-0.040915489196777344,-0.03175246715545654,-0.06691429018974304,-0.10397356748580933,-0.04608166217803955,-0.15272563695907593,-0.011562228202819824,-0.16717243194580078,-0.05107489228248596,-0.23237186670303345,-0.05591669678688049,-0.32470861077308655,-0.05849918723106384,-0.3839898705482483,-0.060995668172836304,-0.43583452701568604,-0.020078450441360474,-0.23424005508422852,-0.011042654514312744,-0.34996843338012695,-0.006416916847229004,-0.4167965054512024,-0.0017268061637878418,-0.4735344350337982,0.007145404815673828,-0.20986437797546387,0.011223375797271729,-0.2803976535797119,-0.00814354419708252,-0.229543536901474,-0.021203845739364624,-0.18644601106643677,0.030416369438171387,-0.16958391666412354,0.02671605348587036,-0.21624153852462769,0.012120425701141357,-0.175889790058136,0.0035335421562194824,-0.13834095001220703,PEACE
0.0,0.0,-0.03992244601249695,-0.03316640853881836,-0.061555057764053345,-0.10734397172927856,-0.037578731775283813,-0.15383100509643555,-0.005529284477233887,-0.171930193901062,-0.042659252882003784,-0.24110332131385803,-0.04536464810371399,-0.33051735162734985,-0.04644787311553955,-0.38708359003067017,-0.04714366793632507,-0.43733178079128265,-0.011736035346984863,-0.2406444251537323,-0.00043064355850219727,-0.3511531949043274,0.005675971508026123,-0.4160497188568115,0.012643575668334961,-0.4739469587802887,0.013723909854888916,-0.2126312553882599,0.020805060863494873,-0.28756991028785706,0.0025806427001953125,-0.23603010177612305,-0.00936126708984375,-0.19135072827339172,0.03519684076309204,-0.16780972480773926,0.03539752960205078,-0.2229653000831604,0.021756231784820557,-0.18545788526535034,0.013249337673187256,-0.1471853256225586,PEACE
0.0,0.0,-0.03644987940788269,-0.03728628158569336,-0.05412524938583374,-0.10970073938369751,-0.029452800750732422,-0.154119610786438,0.002943575382232666,-0.17238926887512207,-0.03308606147766113,-0.24016618728637695,-0.03612405061721802,-0.33276957273483276,-0.03631240129470825,-0.39009320735931396,-0.035601675510406494,-0.440432608127594,-0.0016956925392150879,-0.23544973134994507,0.014216005802154541,-0.34497445821762085,0.02275562286376953,-0.40720799565315247,0.03160524368286133,-0.461376816034317,0.022654831409454346,-0.20510637760162354,0.034237802028656006,-0.27317187190055847,0.01474541425704956,-0.22646871209144592,0.0014227628707885742,-0.1872108280658722,0.04139566421508789,-0.15976816415786743,0.04615962505340576,-0.21009594202041626,0.03133481740951538,-0.174477219581604,0.020859062671661377,-0.138599693775177,PEACE
0.0,0.0,-0.03612154722213745,-0.04165583848953247,-0.05149838328361511,-0.119784414768219,-0.022814154624938965,-0.16337138414382935,0.012345850467681885,-0.17331641912460327,-0.02915257215499878,-0.24459680914878845,-0.03265857696533203,-0.3356998562812805,-0.03348278999328613,-0.39269644021987915,-0.03276526927947998,-0.4424354135990143,0.0028228163719177246,-0.23935213685035706,0.020280420780181885,-0.3442128896713257,0.02992933988571167,-0.40571123361587524,0.040894389152526855,-0.45946112275123596,0.026498496532440186,-0.20824015140533447,0.03992962837219238,-0.2709336280822754,0.01865220069885254,-0.22202736139297485,0.00473254919052124,-0.18249279260635376,0.04458582401275635,-0.16246038675308228,0.051431477069854736,-0.2092098891735077,0.035638511180877686,-0.1753256916999817,0.024440228939056396,-0.14240795373916626,PEACE
0.0,0.0,-0.034945785999298096,-0.043285906314849854,-0.04953503608703613,-0.12337130308151245,-0.019278287887573242,-0.1661282777786255,0.016884148120880127,-0.17144423723220825,-0.025774776935577393,-0.2479058802127838,-0.028523147106170654,-0.3390480875968933,-0.029557764530181885,-0.39627301692962646,-0.02895987033843994,-0.4460068941116333,0.00663304328918457,-0.24162456393241882,0.026930928230285645,-0.3451608419418335,0.0391770601272583,-0.40532201528549194,0.052060484886169434,-0.4562191218137741,0.030367374420166016,-0.2092786431312561,0.04750865697860718,-0.27175816893577576,0.026995837688446045,-0.22392725944519043,0.012746453285217285,-0.1832827925682068,0.04806244373321533,-0.1617739200592041,0.05895739793777466,-0.20988187193870544,0.04353678226470947,-0.1772022247314453,0.031034648418426514,-0.1424761414527893,PEACE
0.0,0.0,-0.03192776441574097,-0.046967387199401855,-0.04157906770706177,-0.12310141324996948,-0.010766386985778809,-0.15953665971755981,0.02298426628112793,-0.16813278198242188,-0.01966071128845215,-0.24640309810638428,-0.026318907737731934,-0.3350680470466614,-0.029963910579681396,-0.39181381464004517,-0.03164827823638916,-0.4412178695201874,0.013074696063995361,-0.23936280608177185,0.0351790189743042,-0.3406393229961395,0.0487019419670105,-0.39938437938690186,0.06234675645828247,-0.44743771851062775,0.036083757877349854,-0.2053975760936737,0.05571240186691284,-0.2640492916107178,0.03332775831222534,-0.2218416929244995,0.017140448093414307,-0.18704265356063843,0.05278182029724121,-0.15631049871444702,0.06456774473190308,-0.19813218712806702,0.04759931564331055,-0.16715890169143677,0.033879637718200684,-0.13634157180786133,PEACE
0.0,0.0,-0.028424561023712158,-0.05160117149353027,-0.03407222032546997,-0.12875348329544067,-0.002649962902069092,-0.16441583633422852,0.03134596347808838,-0.1678360104560852,-0.010316252708435059,-0.2486298382282257,-0.016091763973236084,-0.3370007276535034,-0.020045757293701172,-0.39375340938568115,-0.022492289543151855,-0.44230562448501587,0.02199077606201172,-0.2389948070049286,0.0474853515625,-0.33503270149230957,0.062308311462402344,-0.39189058542251587,0.07707297801971436,-0.4390431344509125,0.043579161167144775,-0.20354503393173218,0.0664442777633667,-0.2587718963623047,0.04300260543823242,-0.21830153465270996,0.02613389492034912,-0.18433719873428345,0.05847024917602539,-0.15296334028244019,0.07408279180526733,-0.19479399919509888,0.05686211585998535,-0.16835784912109375,0.042333900928497314,-0.13951724767684937,PEACE
0.0,0.0,-0.027605712413787842,-0.05420053005218506,-0.030927538871765137,-0.1335279941558838,0.0013404488563537598,-0.1667049527168274,0.03504228591918945,-0.16672545671463013,-0.005097925662994385,-0.24623313546180725,-0.008517622947692871,-0.3341670632362366,-0.011161625385284424,-0.3905768394470215,-0.01301354169845581,-0.43882012367248535,0.0270729660987854,-0.2346900999546051,0.05531907081604004,-0.3270641565322876,0.07133209705352783,-0.38110023736953735,0.08663219213485718,-0.42646217346191406,0.04804128408432007,-0.19917374849319458,0.07217544317245483,-0.25229933857917786,0.04799008369445801,-0.21616452932357788,0.030360519886016846,-0.1855306625366211,0.06199812889099121,-0.14989763498306274,0.07763922214508057,-0.18782460689544678,0.06057780981063843,-0.1649494171142578,0.046423494815826416,-0.1398928165435791,PEACE
0.0,0.0,-0.02516227960586548,-0.056382715702056885,-0.026189804077148438,-0.13166934251785278,0.006345927715301514,-0.16177904605865479,0.03900247812271118,-0.15867334604263306,0.0001595020294189453,-0.2416251301765442,-0.0016003251075744629,-0.3284379243850708,-0.0027915239334106445,-0.3846158981323242,-0.0031505227088928223,-0.4320511519908905,0.03151899576187134,-0.22807034850120544,0.06038308143615723,-0.3178249001502991,0.07742512226104736,-0.370281457901001,0.09350007772445679,-0.4141623377799988,0.05131065845489502,-0.19140130281448364,0.07664871215820312,-0.24177494645118713,0.05315679311752319,-0.2036452293395996,0.035624027252197266,-0.17229151725769043,0.0639219880104065,-0.1409229040145874,0.08134841918945312,-0.1777765154838562,0.06412029266357422,-0.15454334020614624,0.04914623498916626,-0.12994283437728882,PEACE
0.0,0.0,-0.024407684803009033,-0.05742281675338745,-0.02371615171432495,-0.13305586576461792,0.009374141693115234,-0.16257107257843018,0.04083287715911865,-0.1573035717010498,0.003531217575073242,-0.24166440963745117,0.004004061222076416,-0.3279164433479309,0.004402101039886475,-0.38380157947540283,0.005547821521759033,-0.4305034279823303,0.03402721881866455,-0.2273717224597931,0.06356048583984375,-0.31529074907302856,0.0811835527420044,-0.36691686511039734,0.09795939922332764,-0.4094351828098297,0.05334395170211792,-0.19119387865066528,0.07958251237869263,-0.24186789989471436,0.05642908811569214,-0.2037702202796936,0.03915846347808838,-0.17120027542114258,0.0656198263168335,-0.14181983470916748,0.08373743295669556,-0.179415762424469,0.06603372097015381,-0.15788638591766357,0.05037569999694824,-0.1334100365638733,PEACE
0.0,0.0,-0.024225175380706787,-0.05727553367614746,-0.02483147382736206,-0.13165003061294556,0.009692251682281494,-0.15918022394180298,0.04237335920333862,-0.15590250492095947,0.005752205848693848,-0.23673251271247864,0.010225474834442139,-0.3234969973564148,0.01327449083328247,-0.37857112288475037,0.016871094703674316,-0.4249712824821472,0.03541278839111328,-0.22238397598266602,0.06195640563964844,-0.31089267134666443,0.0771227478981018,-0.3633388876914978,0.09162098169326782,-0.40829741954803467,0.05415475368499756,-0.18674921989440918,0.07932180166244507,-0.2367742657661438,0.0570867657661438,-0.19750332832336426,0.039749979972839355,-0.165749192237854,0.06606119871139526,-0.1374971866607666,0.08461272716522217,-0.17426472902297974,0.06791269779205322,-0.1509966254234314,0.052389323711395264,-0.1277536153793335,PEACE
0.0,0.0,-0.022922754287719727,-0.0587732195854187,-0.022236347198486328,-0.12991386651992798,0.013168752193450928,-0.15767520666122437,0.046484529972076416,-0.15365558862686157,0.009267151355743408,-0.23222285509109497,0.022612392902374268,-0.31789323687553406,0.030355334281921387,-0.3707857131958008,0.038252949714660645,-0.4157904386520386,0.037737250328063965,-0.2174292802810669,0.06405746936798096,-0.3069685697555542,0.07954466342926025,-0.35934221744537354,0.09447753429412842,-0.40481168031692505,0.05641448497772217,-0.18256419897079468,0.08285558223724365,-0.23210954666137695,0.05984020233154297,-0.1935303807258606,0.04039055109024048,-0.1623348593711853,0.06868880987167358,-0.13486599922180176,0.08817034959793091,-0.1704719066619873,0.07179039716720581,-0.14874517917633057,0.054967522621154785,-0.12718123197555542,PEACE
0.0,0.0,-0.021828114986419678,-0.058295488357543945,-0.019359707832336426,-0.12842899560928345,0.01641899347305298,-0.15057039260864258,0.048345327377319336,-0.14491796493530273,0.011855781078338623,-0.23162418603897095,0.024082303047180176,-0.3158319592475891,0.031176865100860596,-0.3687645196914673,0.038593411445617676,-0.41366416215896606,0.04026353359222412,-0.21487241983413696,0.06850391626358032,-0.3006323575973511,0.08507847785949707,-0.3511008024215698,0.10098612308502197,-0.3947277069091797,0.05803567171096802,-0.1786598563194275,0.08570349216461182,-0.2242082953453064,0.0627586841583252,-0.18749278783798218,0.043621599674224854,-0.15784764289855957,0.06918126344680786,-0.1304219365119934,0.08878278732299805,-0.16139376163482666,0.0721554160118103,-0.14083081483840942,0.055349528789520264,-0.12046182155609131,PEACE
0.0,0.0,-0.02102649211883545,-0.056366145610809326,-0.017950713634490967,-0.12466734647750854,0.01692521572113037,-0.14655357599258423,0.04810220003128052,-0.14235734939575195,0.012807011604309082,-0.22370260953903198,0.02421426773071289,-0.3073374032974243,0.031037211418151855,-0.3587755262851715,0.03829836845397949,-0.40202832221984863,0.04071110486984253,-0.20688414573669434,0.06916916370391846,-0.29033198952674866,0.086342453956604,-0.33860284090042114,0.102763831615448,-0.3804532289505005,0.05777841806411743,-0.17155003547668457,0.08598524332046509,-0.21508949995040894,0.06406474113464355,-0.17892634868621826,0.045713186264038086,-0.14988607168197632,0.06815820932388306,-0.12476462125778198,0.08817052841186523,-0.15452373027801514,0.07186472415924072,-0.1345040202140808,0.05530440807342529,-0.11474436521530151,PEACE
0.0,0.0,-0.017943620681762695,-0.05385899543762207,-0.013275206089019775,-0.11695080995559692,0.020229041576385498,-0.13933521509170532,0.0501561164855957,-0.1322306990623474,0.01248544454574585,-0.21686697006225586,0.018570125102996826,-0.2978757619857788,0.022194385528564453,-0.3492075204849243,0.026472091674804688,-0.3922716975212097,0.040026724338531494,-0.20215803384780884,0.06871587038040161,-0.2799457609653473,0.08722376823425293,-0.32451504468917847,0.10423588752746582,-0.3625252842903137,0.05708575248718262,-0.16820359230041504,0.08505415916442871,-0.20421373844146729,0.06464701890945435,-0.17029106616973877,0.047457873821258545,-0.14388900995254517,0.06763201951980591,-0.12310832738876343,0.08604902029037476,-0.14727401733398438,0.07057392597198486,-0.12747949361801147,0.05563676357269287,-0.10912871360778809,PEACE
0.0,0.0,-0.015117168426513672,-0.05627554655075073,-0.0076712965965271,-0.11666005849838257,0.026265084743499756,-0.1346503496170044,0.05546009540557861,-0.1282048225402832,0.015408098697662354,-0.2079101800918579,0.0203513503074646,-0.2860012650489807,0.02320963144302368,-0.33613014221191406,0.02662205696105957,-0.377907395362854,0.042000651359558105,-0.19311636686325073,0.06989806890487671,-0.265807569026947,0.08797401189804077,-0.3068327009677887,0.10492157936096191,-0.3417040705680847,0.05736052989959717,-0.1604079008102417,0.08573853969573975,-0.19704610109329224,0.06602263450622559,-0.16351717710494995,0.04918187856674194,-0.13829433917999268,0.06625372171401978,-0.11634844541549683,0.08590519428253174,-0.14007312059402466,0.07171982526779175,-0.12247490882873535,0.05681520700454712,-0.10625410079956055,PEACE
0.0,0.0,-0.012643814086914062,-0.05720114707946777,-0.0035250186920166016,-0.11561453342437744,0.03153020143508911,-0.13410496711730957,0.06122171878814697,-0.12977337837219238,0.016720592975616455,-0.2026001214981079,0.023449599742889404,-0.27860304713249207,0.027434170246124268,-0.32651758193969727,0.031879544258117676,-0.3671753406524658,0.04255408048629761,-0.187980055809021,0.0693621039390564,-0.25713035464286804,0.08663445711135864,-0.2958850562572479,0.10248970985412598,-0.3297085165977478,0.05760526657104492,-0.15666687488555908,0.08452010154724121,-0.18750441074371338,0.06639176607131958,-0.1549432873725891,0.05040287971496582,-0.13147926330566406,0.06631308794021606,-0.11554241180419922,0.08671540021896362,-0.1359795331954956,0.07371306419372559,-0.11903882026672363,0.059166014194488525,-0.10407841205596924,PEACE
0.0,0.0,-0.011488497257232666,-0.05730241537094116,-0.0023440122604370117,-0.11524832248687744,0.03259485960006714,-0.13328087329864502,0.06239628791809082,-0.12599420547485352,0.019618093967437744,-0.19865763187408447,0.030281901359558105,-0.2729864716529846,0.036824047565460205,-0.3182905316352844,0.0432550311088562,-0.35702264308929443,0.04481691122055054,-0.18312221765518188,0.07249939441680908,-0.2500936985015869,0.08996737003326416,-0.28659942746162415,0.10567975044250488,-0.31975018978118896,0.059111714363098145,-0.15210163593292236,0.0871419906616211,-0.18340110778808594,0.0690261721611023,-0.15257346630096436,0.052284419536590576,-0.13052749633789062,0.06678807735443115,-0.1111040711402893,0.08846187591552734,-0.131045401096344,0.07589149475097656,-0.11573785543441772,0.06045341491699219,-0.10214751958847046,PEACE
0.0,0.0,-0.013335585594177246,-0.05513107776641846,-0.003902614116668701,-0.11427795886993408,0.03124290704727173,-0.128750741481781,0.061995744705200195,-0.1209406852722168,0.022177457809448242,-0.19879484176635742,0.04272085428237915,-0.26740187406539917,0.05511516332626343,-0.3095381557941437,0.06659114360809326,-0.3443395495414734,0.0460209846496582,-0.18124693632125854,0.07373130321502686,-0.2516218423843384,0.09183406829833984,-0.29266732931137085,0.1088525652885437,-0.3298969864845276,0.06016331911087036,-0.14834916591644287,0.0908852219581604,-0.18648028373718262,0.07249987125396729,-0.15307927131652832,0.054716527462005615,-0.12784898281097412,0.06920003890991211,-0.1053992509841919,0.09191775321960449,-0.12965178489685059,0.07912182807922363,-0.11408233642578125,0.06285935640335083,-0.10015660524368286,PEACE
0.0,0.0,-0.015694260597229004,-0.055118680000305176,-0.00905829668045044,-0.11727654933929443,0.0266648530960083,-0.13179409503936768,0.05791056156158447,-0.12356168031692505,0.02132350206375122,-0.203463613986969,0.042588651180267334,-0.27586328983306885,0.05587881803512573,-0.31938350200653076,0.06814950704574585,-0.3555809259414673,0.04654288291931152,-0.18608605861663818,0.07596087455749512,-0.26085159182548523,0.09457999467849731,-0.3036010265350342,0.11211532354354858,-0.34256938099861145,0.06151115894317627,-0.1519712209701538,0.09149163961410522,-0.19219666719436646,0.07234156131744385,-0.15806418657302856,0.05425447225570679,-0.13054364919662476,0.07038670778274536,-0.10606551170349121,0.09207993745803833,-0.13095331192016602,0.07844698429107666,-0.11465001106262207,0.06195622682571411,-0.09886389970779419,PEACE
0.0,0.0,-0.01781684160232544,-0.05571305751800537,-0.01225268840789795,-0.11975520849227905,0.023289799690246582,-0.13744622468948364,0.05444622039794922,-0.12815719842910767,0.018635869026184082,-0.21334660053253174,0.04059821367263794,-0.28886204957962036,0.05440974235534668,-0.33412763476371765,0.06733065843582153,-0.37205472588539124,0.044418275356292725,-0.19690042734146118,0.07215237617492676,-0.27927231788635254,0.09006494283676147,-0.326149582862854,0.10704320669174194,-0.36851173639297485,0.06067436933517456,-0.16262876987457275,0.09033703804016113,-0.20458579063415527,0.07156234979629517,-0.16675901412963867,0.0532647967338562,-0.13760966062545776,0.07118761539459229,-0.11608582735061646,0.09358298778533936,-0.14293527603149414,0.08020073175430298,-0.1232001781463623,0.06354391574859619,-0.10532492399215698,PEACE
0.0,0.0,-0.02296590805053711,-0.05389147996902466,-0.021079659461975098,-0.12266737222671509,0.01583099365234375,-0.1454167366027832,0.04948782920837402,-0.13759642839431763,0.011636137962341309,-0.2249380350112915,0.03256821632385254,-0.30564695596694946,0.046201348304748535,-0.3538535535335541,0.05932813882827759,-0.394218385219574,0.03873103857040405,-0.2108367681503296,0.0640573501586914,-0.3028024733066559,0.0806381106376648,-0.35459062457084656,0.09688138961791992,-0.40044522285461426,0.056578636169433594,-0.1763448715209961,0.08585762977600098,-0.2222459316253662,0.06640797853469849,-0.18075323104858398,0.0479167103767395,-0.14900320768356323,0.06882566213607788,-0.1281304955482483,0.0904349684715271,-0.15799623727798462,0.07556271553039551,-0.1347290277481079,0.05825936794281006,-0.11401599645614624,PEACE
0.0,0.0,-0.023641526699066162,-0.052722275257110596,-0.02365434169769287,-0.12287557125091553,0.012312054634094238,-0.14466285705566406,0.04598593711853027,-0.13949549198150635,0.004870414733886719,-0.23616307973861694,0.013280093669891357,-0.32662978768348694,0.019183337688446045,-0.38210824131965637,0.02551591396331787,-0.42875900864601135,0.03504133224487305,-0.22177451848983765,0.06353676319122314,-0.3151285648345947,0.08141541481018066,-0.3696184456348419,0.09816735982894897,-0.41687625646591187,0.054476141929626465,-0.18522870540618896,0.08343088626861572,-0.22851699590682983,0.06330841779708862,-0.1888675093650818,0.0459020733833313,-0.15836262702941895,0.06736433506011963,-0.1347283124923706,0.08881986141204834,-0.16374415159225464,0.07358431816101074,-0.1389409899711609,0.05773723125457764,-0.1163291335105896,PEACE
0.0,0.0,-0.026248633861541748,-0.04900360107421875,-0.02792447805404663,-0.11844593286514282,0.0076735615730285645,-0.14247196912765503,0.04222416877746582,-0.14209026098251343,-0.0011022686958312988,-0.24259084463119507,0.0019590258598327637,-0.33655232191085815,0.0036812424659729004,-0.39579275250434875,0.006274104118347168,-0.4467417597770691,0.03133273124694824,-0.23062467575073242,0.06015443801879883,-0.3266627788543701,0.07838672399520874,-0.38330379128456116,0.09543663263320923,-0.43339958786964417,0.05222398042678833,-0.1933266520500183,0.08015519380569458,-0.23713475465774536,0.05944401025772095,-0.19358611106872559,0.042333006858825684,-0.16174668073654175,0.06624656915664673,-0.14111977815628052,0.0856427550315857,-0.1679326891899109,0.06988418102264404,-0.13942688703536987,0.05470836162567139,-0.11583942174911499,PEACE
0.0,0.0,-0.02683323621749878,-0.05006885528564453,-0.029376089572906494,-0.12243306636810303,0.006763279438018799,-0.144919753074646,0.04209601879119873,-0.14098328351974487,-0.003167390823364258,-0.24874332547187805,-0.0029852986335754395,-0.34352779388427734,-0.0032261013984680176,-0.4047619700431824,-0.0022292733192443848,-0.45755189657211304,0.029500305652618408,-0.23636466264724731,0.058625221252441406,-0.33439233899116516,0.07768630981445312,-0.39314115047454834,0.09605729579925537,-0.44528478384017944,0.0509113073348999,-0.1981065273284912,0.07931965589523315,-0.24394440650939941,0.05797290802001953,-0.20055419206619263,0.04084503650665283,-0.168082594871521,0.0655893087387085,-0.14458048343658447,0.08413457870483398,-0.17354267835617065,0.06809854507446289,-0.14472627639770508,0.053373515605926514,-0.11994051933288574,PEACE
0.0,0.0,-0.027869462966918945,-0.04763138294219971,-0.03216058015823364,-0.11700773239135742,0.004031836986541748,-0.14021682739257812,0.03963690996170044,-0.14216500520706177,-0.00808483362197876,-0.2540591061115265,-0.01264655590057373,-0.3499000668525696,-0.0158233642578125,-0.41100871562957764,-0.016804397106170654,-0.46236640214920044,0.02648860216140747,-0.24409934878349304,0.055220067501068115,-0.3445901870727539,0.07365250587463379,-0.4040478467941284,0.09121733903884888,-0.45494723320007324,0.0492095947265625,-0.20522433519363403,0.07573235034942627,-0.2503979206085205,0.05464303493499756,-0.20617198944091797,0.03827190399169922,-0.1730670928955078,0.0646665096282959,-0.1505134105682373,0.08260607719421387,-0.17907482385635376,0.06624144315719604,-0.14901214838027954,0.05150198936462402,-0.12354153394699097,PEACE
0.0,0.0,-0.030892252922058105,-0.042744338512420654,-0.03946089744567871,-0.10875356197357178,-0.005376696586608887,-0.13572007417678833,0.02971053123474121,-0.14289885759353638,-0.02005612850189209,-0.2561027407646179,-0.030764341354370117,-0.3496478796005249,-0.03711557388305664,-0.41099274158477783,-0.04050600528717041,-0.4626462161540985,0.014856934547424316,-0.2508305013179779,0.03942233324050903,-0.35603177547454834,0.056639790534973145,-0.4177759885787964,0.07360374927520752,-0.47071054577827454,0.03976595401763916,-0.21308547258377075,0.06362497806549072,-0.2581508755683899,0.04366409778594971,-0.20893079042434692,0.02861255407333374,-0.17381638288497925,0.05761408805847168,-0.15811651945114136,0.07198166847229004,-0.1869983673095703,0.05550026893615723,-0.1538345217704773,0.04149860143661499,-0.12775826454162598,PEACE
0.0,0.0,-0.034458816051483154,-0.04498183727264404,-0.048438966274261475,-0.12067914009094238,-0.016497671604156494,-0.15126091241836548,0.016373753547668457,-0.15430963039398193,-0.03062659502029419,-0.2550562024116516,-0.04426681995391846,-0.34637466073036194,-0.05214247107505798,-0.4048094153404236,-0.057598233222961426,-0.45546776056289673,0.003953456878662109,-0.2503938674926758,0.024570047855377197,-0.3584185838699341,0.0384984016418457,-0.42255347967147827,0.05225557088851929,-0.4768499433994293,0.029661893844604492,-0.21550369262695312,0.047529399394989014,-0.27309972047805786,0.028650879859924316,-0.22874268889427185,0.015603840351104736,-0.19335395097732544,0.04972338676452637,-0.1649147868156433,0.057914137840270996,-0.1991385817527771,0.04228895902633667,-0.16358929872512817,0.03129059076309204,-0.1326451301574707,PEACE
0.0,0.0,-0.03627943992614746,-0.043302953243255615,-0.052535951137542725,-0.11700063943862915,-0.02485412359237671,-0.1549609899520874,0.007565915584564209,-0.1640755534172058,-0.03612661361694336,-0.2425277829170227,-0.05005645751953125,-0.32964372634887695,-0.05811178684234619,-0.38488438725471497,-0.06381145119667053,-0.4349536597728729,-0.0029114484786987305,-0.2399074137210846,0.013263702392578125,-0.34971511363983154,0.023887038230895996,-0.4135616421699524,0.03571683168411255,-0.4671863615512848,0.022709131240844727,-0.20739483833312988,0.03580808639526367,-0.2766273021697998,0.015252411365509033,-0.2298896312713623,0.0021477341651916504,-0.1906355619430542,0.0433010458946228,-0.15881675481796265,0.04861938953399658,-0.2044696807861328,0.033155083656311035,-0.16859066486358643,0.023107707500457764,-0.1341283917427063,PEACE
0.0,0.0,-0.03625190258026123,-0.04108405113220215,-0.054022133350372314,-0.11261153221130371,-0.029384851455688477,-0.14834916591644287,0.002865910530090332,-0.1546000838279724,-0.03549104928970337,-0.23576658964157104,-0.04709789156913757,-0.3212217092514038,-0.05402734875679016,-0.37418651580810547,-0.05913761258125305,-0.42184919118881226,-0.00415116548538208,-0.23238426446914673,0.010231077671051025,-0.3351622223854065,0.019176721572875977,-0.39577364921569824,0.028578579425811768,-0.44853103160858154,0.020396709442138672,-0.2012888789176941,0.030458569526672363,-0.2658763527870178,0.01162940263748169,-0.21320366859436035,-0.00021958351135253906,-0.17239588499069214,0.040239036083221436,-0.15540194511413574,0.040884315967559814,-0.19208210706710815,0.025722146034240723,-0.15366780757904053,0.016550302505493164,-0.12221407890319824,PEACE
0.0,0.0,-0.03582346439361572,-0.040638506412506104,-0.052738726139068604,-0.10993051528930664,-0.029491066932678223,-0.1491858959197998,0.00041615962982177734,-0.16331666707992554,-0.034770667552948,-0.22647687792778015,-0.04294556379318237,-0.30695396661758423,-0.04736247658729553,-0.35616856813430786,-0.05062517523765564,-0.3995521068572998,-0.005644738674163818,-0.2231946587562561,0.006594836711883545,-0.3218817710876465,0.012993276119232178,-0.3802430033683777,0.020337581634521484,-0.43098700046539307,0.017827630043029785,-0.19494491815567017,0.024805545806884766,-0.2569183111190796,0.007226884365081787,-0.2081776261329651,-0.0032564401626586914,-0.16979312896728516,0.03707093000411987,-0.15280264616012573,0.03568333387374878,-0.1910947561264038,0.021172523498535156,-0.15601181983947754,0.012646794319152832,-0.12537860870361328,PEACE
0.0,0.0,-0.03353238105773926,-0.04002583026885986,-0.050513625144958496,-0.10484498739242554,-0.029328107833862305,-0.1468040943145752,0.001994192600250244,-0.158738911151886,-0.027769148349761963,-0.2120753526687622,-0.029056429862976074,-0.29232025146484375,-0.028708040714263916,-0.34076234698295593,-0.0281829833984375,-0.3841356635093689,-0.0014925599098205566,-0.2100561261177063,0.00903165340423584,-0.3049546480178833,0.014707684516906738,-0.35921400785446167,0.020810961723327637,-0.40746837854385376,0.019694387912750244,-0.18509024381637573,0.025383949279785156,-0.2501106262207031,0.008530735969543457,-0.2067936658859253,-0.0023064017295837402,-0.16798973083496094,0.037676095962524414,-0.14545339345932007,0.038587331771850586,-0.18709784746170044,0.025041580200195312,-0.15984952449798584,0.01576298475265503,-0.13032841682434082,PEACE
0.0,0.0,-0.03156590461730957,-0.038908958435058594,-0.046076059341430664,-0.1033320426940918,-0.025252938270568848,-0.144159734249115,0.0038346052169799805,-0.15361732244491577,-0.022646069526672363,-0.20478910207748413,-0.020997285842895508,-0.28268176317214966,-0.01834702491760254,-0.3293241262435913,-0.015442073345184326,-0.3700469732284546,0.0022547245025634766,-0.20140230655670166,0.013726651668548584,-0.29240426421165466,0.020063936710357666,-0.3451556861400604,0.02696281671524048,-0.3906998336315155,0.022594869136810303,-0.17753279209136963,0.030670583248138428,-0.24155470728874207,0.014007985591888428,-0.20391929149627686,0.0028104782104492188,-0.1677863597869873,0.03966301679611206,-0.13999223709106445,0.04150879383087158,-0.1814766526222229,0.0285683274269104,-0.15729999542236328,0.0196571946144104,-0.12963205575942993,PEACE
0.0,0.0,-0.029844701290130615,-0.04081052541732788,-0.04128992557525635,-0.10531806945800781,-0.017499268054962158,-0.14347177743911743,0.012898683547973633,-0.14809149503707886,-0.018026649951934814,-0.20174407958984375,-0.01878410577774048,-0.2774055600166321,-0.018507778644561768,-0.3230617642402649,-0.016812562942504883,-0.3630129098892212,0.007666230201721191,-0.19807541370391846,0.02103942632675171,-0.2820950448513031,0.02822089195251465,-0.33308663964271545,0.03641939163208008,-0.37719130516052246,0.026991724967956543,-0.172868549823761,0.038908421993255615,-0.23449411988258362,0.022870361804962158,-0.19844293594360352,0.012171745300292969,-0.1639079451560974,0.04241091012954712,-0.13398700952529907,0.04955649375915527,-0.1756332516670227,0.03648102283477783,-0.15346109867095947,0.026257634162902832,-0.12631195783615112,PEACE
0.0,0.0,-0.027782022953033447,-0.045240700244903564,-0.035523056983947754,-0.11331695318222046,-0.008089900016784668,-0.14871430397033691,0.0224570631980896,-0.15323758125305176,-0.015426099300384521,-0.20626729726791382,-0.02143096923828125,-0.2799747884273529,-0.024569332599639893,-0.32656341791152954,-0.02628082036972046,-0.3667673170566559,0.012349426746368408,-0.2026430368423462,0.02855217456817627,-0.2860996723175049,0.03852564096450806,-0.33584046363830566,0.04840725660324097,-0.3772563338279724,0.031866490840911865,-0.17613309621810913,0.04713094234466553,-0.23249739408493042,0.03091984987258911,-0.19428926706314087,0.01914989948272705,-0.16047608852386475,0.04652535915374756,-0.13531255722045898,0.05570793151855469,-0.17204821109771729,0.04148966073989868,-0.14625334739685059,0.029664337635040283,-0.11880695819854736,PEACE
0.0,0.0,-0.026311099529266357,-0.04868263006210327,-0.03172045946121216,-0.1181788444519043,-0.002252638339996338,-0.14904427528381348,0.028170347213745117,-0.14962983131408691,-0.010109245777130127,-0.2096056044101715,-0.014335334300994873,-0.28459376096725464,-0.016725897789001465,-0.33227473497390747,-0.017809689044952393,-0.3731919527053833,0.017946064472198486,-0.2028709053993225,0.036821603775024414,-0.2848461866378784,0.04831463098526001,-0.33265501260757446,0.05978190898895264,-0.3725520968437195,0.037011802196502686,-0.1739078164100647,0.05543619394302368,-0.22751295566558838,0.036772966384887695,-0.18828952312469482,0.02334648370742798,-0.15457028150558472,0.05064797401428223,-0.13134008646011353,0.061256349086761475,-0.16655349731445312,0.04663252830505371,-0.14195376634597778,0.03480488061904907,-0.1163753867149353,PEACE
0.0,0.0,-0.023908793926239014,-0.05396115779876709,-0.025186479091644287,-0.1250564455986023,0.00667119026184082,-0.1537799835205078,0.03654754161834717,-0.14982521533966064,-0.003364086151123047,-0.2161426544189453,-0.0062392354011535645,-0.2934614419937134,-0.00782698392868042,-0.34223467111587524,-0.00835573673248291,-0.38343483209609985,0.0245974063873291,-0.20598256587982178,0.048228561878204346,-0.287447065114975,0.06124579906463623,-0.33418363332748413,0.07376348972320557,-0.3724605441093445,0.04276406764984131,-0.17541152238845825,0.0644577145576477,-0.22517195343971252,0.04572474956512451,-0.19320893287658691,0.03216743469238281,-0.16429293155670166,0.05519312620162964,-0.1328672170639038,0.06977200508117676,-0.16683429479599,0.055134594440460205,-0.14866530895233154,0.04257476329803467,-0.12676924467086792,PEACE
0.0,0.0,-0.017528951168060303,-0.05951333045959473,-0.010118722915649414,-0.13127660751342773,0.02600306272506714,-0.15130245685577393,0.05727630853652954,-0.14549505710601807,0.005280733108520508,-0.21971222758293152,0.004995584487915039,-0.2983590066432953,0.004129528999328613,-0.3478679656982422,0.00376206636428833,-0.39013004302978516,0.03291696310043335,-0.20798468589782715,0.05737835168838501,-0.286257803440094,0.0725136399269104,-0.3322611451148987,0.08712494373321533,-0.3702152967453003,0.05046272277832031,-0.17549246549606323,0.07620048522949219,-0.2228148877620697,0.05742079019546509,-0.1874719262123108,0.043179452419281006,-0.15905511379241943,0.061843037605285645,-0.13085472583770752,0.07861316204071045,-0.16173744201660156,0.06459355354309082,-0.14706921577453613,0.051516950130462646,-0.13095569610595703,PEACE
0.0,0.0,-0.017432451248168945,-0.06039094924926758,-0.007302701473236084,-0.12870967388153076,0.03171271085739136,-0.14945203065872192,0.06369668245315552,-0.14362698793411255,0.00938957929611206,-0.22104674577713013,0.010620057582855225,-0.3019288182258606,0.01050478219985962,-0.35271793603897095,0.010941505432128906,-0.3959166407585144,0.03847932815551758,-0.20814183354377747,0.06438368558883667,-0.2836035192012787,0.08083122968673706,-0.3271028399467468,0.09578186273574829,-0.3636968731880188,0.05588650703430176,-0.17561542987823486,0.08389627933502197,-0.2158292531967163,0.06607252359390259,-0.18136322498321533,0.05078059434890747,-0.15421169996261597,0.06711143255233765,-0.13211381435394287,0.08472943305969238,-0.1539962887763977,0.0706605315208435,-0.1359967589378357,0.056630492210388184,-0.11975699663162231,PEACE
0.0,0.0,-0.01620006561279297,-0.058950722217559814,-0.006037116050720215,-0.12450307607650757,0.03360772132873535,-0.14405620098114014,0.06599587202072144,-0.14100462198257446,0.013548970222473145,-0.22310873866081238,0.015459716320037842,-0.3055870831012726,0.016091883182525635,-0.35776108503341675,0.017273664474487305,-0.4015774726867676,0.04289752244949341,-0.20936450362205505,0.07009017467498779,-0.28559327125549316,0.08772754669189453,-0.3283810615539551,0.10312169790267944,-0.3636075258255005,0.05985993146896362,-0.17456477880477905,0.08929663896560669,-0.21142631769180298,0.07072901725769043,-0.17588895559310913,0.05434757471084595,-0.15003472566604614,0.06979769468307495,-0.12806284427642822,0.0887485146522522,-0.1467803716659546,0.0728461742401123,-0.12861144542694092,0.05660587549209595,-0.11451542377471924,PEACE
0.0,0.0,-0.014516234397888184,-0.061309993267059326,-0.005362510681152344,-0.12629884481430054,0.03643214702606201,-0.14534693956375122,0.0711660385131836,-0.1386532187461853,0.010553359985351562,-0.227136492729187,0.011203408241271973,-0.313282310962677,0.011539101600646973,-0.36691880226135254,0.012402951717376709,-0.411828875541687,0.04121822118759155,-0.215195894241333,0.06707125902175903,-0.29871034622192383,0.08429014682769775,-0.3442849814891815,0.09973078966140747,-0.3821442723274231,0.06051504611968994,-0.18046307563781738,0.08798158168792725,-0.2178868055343628,0.07007956504821777,-0.1762315034866333,0.05505090951919556,-0.1472378969192505,0.07313328981399536,-0.1324031949043274,0.09211200475692749,-0.15419358015060425,0.07679224014282227,-0.13355863094329834,0.06115323305130005,-0.11681324243545532,PEACE
0.0,0.0,-0.012923836708068848,-0.06537681818008423,-0.0008728504180908203,-0.1293085813522339,0.04530125856399536,-0.14654797315597534,0.08109647035598755,-0.14513200521469116,0.013490617275238037,-0.23181140422821045,0.015677332878112793,-0.3208872973918915,0.015794217586517334,-0.37570470571517944,0.016842126846313477,-0.4223483204841614,0.04479271173477173,-0.21739965677261353,0.07194715738296509,-0.30640846490859985,0.08983993530273438,-0.3555614948272705,0.10681754350662231,-0.39881598949432373,0.0633622407913208,-0.17990678548812866,0.09682154655456543,-0.2185177206993103,0.07836633920669556,-0.1752161979675293,0.0617145299911499,-0.14513206481933594,0.07441771030426025,-0.12925821542739868,0.09601348638534546,-0.14828038215637207,0.08197039365768433,-0.12885451316833496,0.06582391262054443,-0.11360788345336914,PEACE
0.0,0.0,-0.013726532459259033,-0.0631265640258789,-0.0014948844909667969,-0.1282120943069458,0.04787707328796387,-0.14441674947738647,0.08580809831619263,-0.13780230283737183,0.016700327396392822,-0.23506808280944824,0.020909786224365234,-0.3266632556915283,0.022230803966522217,-0.38408172130584717,0.02442377805709839,-0.4321989119052887,0.048838913440704346,-0.2205849289894104,0.07661354541778564,-0.3102911114692688,0.09545433521270752,-0.36107394099235535,0.11339795589447021,-0.406329870223999,0.06849384307861328,-0.18244177103042603,0.10420888662338257,-0.22296780347824097,0.08370786905288696,-0.1772235631942749,0.06486183404922485,-0.14631474018096924,0.08138662576675415,-0.13046228885650635,0.10202270746231079,-0.14913934469223022,0.08634215593338013,-0.12512826919555664,0.06933170557022095,-0.1071404218673706,PEACE
0.0,0.0,-0.014103233814239502,-0.06047016382217407,-0.00238114595413208,-0.12462753057479858,0.04586225748062134,-0.14386379718780518,0.08432376384735107,-0.13994956016540527,0.012985408306121826,-0.23706579208374023,0.018213927745819092,-0.3307163715362549,0.020650088787078857,-0.38806986808776855,0.02374643087387085,-0.4353795051574707,0.04521673917770386,-0.22431635856628418,0.07236498594284058,-0.31761419773101807,0.0905885100364685,-0.3720032274723053,0.1077800989151001,-0.42114293575286865,0.06485086679458618,-0.1865355372428894,0.10140037536621094,-0.23240375518798828,0.0832444429397583,-0.18601125478744507,0.06576025485992432,-0.15345871448516846,0.07745224237442017,-0.1349780559539795,0.09593838453292847,-0.15459328889846802,0.08061033487319946,-0.12953847646713257,0.06383776664733887,-0.11065477132797241,PEACE
0.0,0.0,-0.016365766525268555,-0.06051844358444214,-0.005888521671295166,-0.13019979000091553,0.04283499717712402,-0.15237152576446533,0.08183789253234863,-0.1501070261001587,0.01123136281967163,-0.24684607982635498,0.017897963523864746,-0.34333276748657227,0.02156299352645874,-0.40166085958480835,0.0256536602973938,-0.4507718086242676,0.0437048077583313,-0.2352932095527649,0.06799393892288208,-0.3359721601009369,0.08355051279067993,-0.39407747983932495,0.09837120771408081,-0.4468604326248169,0.06429964303970337,-0.1975131630897522,0.09961295127868652,-0.24369126558303833,0.0779719352722168,-0.19318634271621704,0.057866811752319336,-0.16025042533874512,0.07791966199874878,-0.14443820714950562,0.09589433670043945,-0.15902984142303467,0.07641726732254028,-0.13002723455429077,0.05668532848358154,-0.11117017269134521,PEACE
0.0,0.0,-0.020397543907165527,-0.053980231285095215,-0.013300895690917969,-0.12184327840805054,0.03113687038421631,-0.1485862135887146,0.07177728414535522,-0.1596677303314209,0.004894852638244629,-0.2496587634086609,0.02498716115951538,-0.3453287184238434,0.03852814435958862,-0.40776702761650085,0.05019533634185791,-0.46483802795410156,0.036285221576690674,-0.2436056137084961,0.05528116226196289,-0.3563728630542755,0.06687992811203003,-0.42118847370147705,0.07651203870773315,-0.4847770035266876,0.05830472707748413,-0.21045315265655518,0.0927547812461853,-0.2545931339263916,0.07278239727020264,-0.19281005859375,0.05046951770782471,-0.1586095690727234,0.07522612810134888,-0.16073381900787354,0.0973014235496521,-0.17269152402877808,0.07568168640136719,-0.1324586272239685,0.05104255676269531,-0.11131846904754639,PEACE
0.0,0.0,-0.021265923976898193,-0.05589306354522705,-0.01635134220123291,-0.12681764364242554,0.029129445552825928,-0.15163004398345947,0.06951385736465454,-0.1506432294845581,0.0013466477394104004,-0.2610587477684021,0.007170200347900391,-0.36780545115470886,0.010620415210723877,-0.4326306879520416,0.015057682991027832,-0.48882877826690674,0.03665518760681152,-0.2531967759132385,0.0606723427772522,-0.3676559329032898,0.07725250720977783,-0.43195629119873047,0.09290242195129395,-0.4905690550804138,0.06090277433395386,-0.21410715579986572,0.09424889087677002,-0.2628183960914612,0.07402074337005615,-0.2117871642112732,0.054347097873687744,-0.17699003219604492,0.07815790176391602,-0.15704602003097534,0.10118895769119263,-0.17865920066833496,0.08531993627548218,-0.14603286981582642,0.0672614574432373,-0.1208009123802185,PEACE
0.0,0.0,-0.024734556674957275,-0.057562828063964844,-0.020083129405975342,-0.13231205940246582,0.027574896812438965,-0.156144380569458,0.07005137205123901,-0.1533072590827942,-0.007584571838378906,-0.2693111300468445,-0.008158266544342041,-0.37905216217041016,-0.008970558643341064,-0.44832172989845276,-0.007812798023223877,-0.5076732039451599,0.029621422290802002,-0.26416438817977905,0.05531346797943115,-0.3806127905845642,0.07449966669082642,-0.44971710443496704,0.09221190214157104,-0.5128163993358612,0.055328965187072754,-0.2262805700302124,0.08880627155303955,-0.274425208568573,0.07159215211868286,-0.2236575484275818,0.053687214851379395,-0.188765287399292,0.07422888278961182,-0.17041552066802979,0.09681981801986694,-0.18988019227981567,0.08307069540023804,-0.15590834617614746,0.06609797477722168,-0.1295936107635498,PEACE
0.0,0.0,-0.026388227939605713,-0.05638527870178223,-0.021172761917114258,-0.13306206464767456,0.02649134397506714,-0.15917867422103882,0.06890195608139038,-0.1605173945426941,-0.008545279502868652,-0.2772090435028076,-0.014322757720947266,-0.38768184185028076,-0.01997685432434082,-0.4567297101020813,-0.023191988468170166,-0.5160199701786041,0.029813647270202637,-0.27394694089889526,0.05632048845291138,-0.3963882625102997,0.0745132565498352,-0.46930503845214844,0.09226357936859131,-0.5353359580039978,0.05673104524612427,-0.23451775312423706,0.08947622776031494,-0.2892061471939087,0.06992119550704956,-0.23470711708068848,0.05180680751800537,-0.19669073820114136,0.07710474729537964,-0.1755029559135437,0.10091996192932129,-0.20325011014938354,0.0871129035949707,-0.17015773057937622,0.07148617506027222,-0.1433858871459961,PEACE
0.0,0.0,-0.02771925926208496,-0.05459219217300415,-0.025410175323486328,-0.12759143114089966,0.01823592185974121,-0.155897319316864,0.060712575912475586,-0.16000157594680786,-0.012930452823638916,-0.28719598054885864,-0.02023833990097046,-0.4004727602005005,-0.027212977409362793,-0.47066816687583923,-0.03175914287567139,-0.5307188034057617,0.026348531246185303,-0.2843494415283203,0.055181682109832764,-0.4115995168685913,0.07477247714996338,-0.48692381381988525,0.09336197376251221,-0.5549204647541046,0.05553072690963745,-0.24391251802444458,0.08740437030792236,-0.2952556610107422,0.06541335582733154,-0.23775017261505127,0.04594302177429199,-0.19746142625808716,0.07801949977874756,-0.18378525972366333,0.1005939245223999,-0.2124844193458557,0.08583652973175049,-0.17726099491119385,0.07097941637039185,-0.14920908212661743,PEACE
0.0,0.0,-0.03001636266708374,-0.05382716655731201,-0.03042846918106079,-0.12872320413589478,0.013904809951782227,-0.15785503387451172,0.057611167430877686,-0.1669445037841797,-0.019057750701904297,-0.2982751727104187,-0.030223309993743896,-0.41391193866729736,-0.038280487060546875,-0.4864552617073059,-0.04338628053665161,-0.5499610900878906,0.02241361141204834,-0.29705190658569336,0.0512506365776062,-0.42997515201568604,0.06954199075698853,-0.5092920660972595,0.08726423978805542,-0.582521915435791,0.05370098352432251,-0.2548332214355469,0.0819857120513916,-0.31460893154144287,0.05714869499206543,-0.24558424949645996,0.03827381134033203,-0.19927239418029785,0.0779457688331604,-0.19041204452514648,0.09596270322799683,-0.2278638482093811,0.07704252004623413,-0.18388605117797852,0.06181854009628296,-0.14997702836990356,PEACE
0.0,0.0,-0.03603339195251465,-0.05873841047286987,-0.03822833299636841,-0.14871519804000854,0.00895547866821289,-0.1806168556213379,0.055010437965393066,-0.18482321500778198,-0.02601170539855957,-0.31889742612838745,-0.039101481437683105,-0.4374643862247467,-0.048502564430236816,-0.5098482966423035,-0.05582594871520996,-0.5718995332717896,0.016799569129943848,-0.31928306818008423,0.04393726587295532,-0.458417683839798,0.0618358850479126,-0.5406360328197479,0.0788690447807312,-0.6150225698947906,0.04888880252838135,-0.2789158821105957,0.07811999320983887,-0.335088312625885,0.05613034963607788,-0.2664985656738281,0.03870689868927002,-0.22073912620544434,0.07339394092559814,-0.21834659576416016,0.08824259042739868,-0.23726290464401245,0.06819647550582886,-0.1900058388710022,0.05203437805175781,-0.16033333539962769,PEACE
0.0,0.0,-0.04564255475997925,-0.05223315954208374,-0.06533598899841309,-0.13981539011001587,-0.023894309997558594,-0.17020821571350098,0.02083301544189453,-0.17381930351257324,-0.048658788204193115,-0.3172874450683594,-0.07118469476699829,-0.43486252427101135,-0.08395528793334961,-0.5051063597202301,-0.09401160478591919,-0.566012442111969,-0.004341423511505127,-0.31924039125442505,0.017085671424865723,-0.4684373438358307,0.03029078245162964,-0.5563651025295258,0.04316818714141846,-0.6325321197509766,0.03060293197631836,-0.2778577208518982,0.05036443471908569,-0.34372031688690186,0.027487993240356445,-0.27768176794052124,0.012004256248474121,-0.22690165042877197,0.05723387002944946,-0.21442073583602905,0.06105029582977295,-0.2375948429107666,0.04117006063461304,-0.1889370083808899,0.028726518154144287,-0.15078973770141602,PEACE
0.0,0.0,-0.052743732929229736,-0.046202778816223145,-0.08447721600532532,-0.1340898871421814,-0.04803788661956787,-0.1653381586074829,0.0015552639961242676,-0.16556233167648315,-0.06855523586273193,-0.3094305396080017,-0.09764710068702698,-0.4245995283126831,-0.11401921510696411,-0.5007564127445221,-0.12495642900466919,-0.570666640996933,-0.022327899932861328,-0.31654417514801025,-0.006265163421630859,-0.46548157930374146,0.006554603576660156,-0.5615652203559875,0.02099710702896118,-0.6435853838920593,0.015415430068969727,-0.2788354754447937,0.03152000904083252,-0.34970247745513916,0.006700038909912109,-0.27503812313079834,-0.008380234241485596,-0.21476924419403076,0.044910967350006104,-0.21941161155700684,0.04313921928405762,-0.2348913550376892,0.023916423320770264,-0.18333888053894043,0.01290881633758545,-0.14343422651290894,PEACE
0.0,0.0,-0.05820855498313904,-0.03687548637390137,-0.09530222415924072,-0.12025582790374756,-0.0651760995388031,-0.1571713089942932,-0.01796090602874756,-0.155237078666687,-0.08156269788742065,-0.2991308569908142,-0.11527502536773682,-0.409098744392395,-0.13330861926078796,-0.48154258728027344,-0.14580610394477844,-0.5513036251068115,-0.033982038497924805,-0.3099097013473511,-0.015599668025970459,-0.4587629437446594,-0.0005694031715393066,-0.5536941587924957,0.015250861644744873,-0.6354333758354187,0.0061032772064208984,-0.27264106273651123,0.016153454780578613,-0.3500772714614868,-0.010436058044433594,-0.2663077116012573,-0.02568107843399048,-0.20050901174545288,0.03917491436004639,-0.21173769235610962,0.0313076376914978,-0.2297160029411316,0.009243428707122803,-0.174605131149292,-0.003059208393096924,-0.13367807865142822,PEACE
0.0,0.0,-0.05880579352378845,-0.03198319673538208,-0.10206180810928345,-0.11769229173660278,-0.0770770013332367,-0.16072994470596313,-0.028751254081726074,-0.15453362464904785,-0.08439883589744568,-0.2988978624343872,-0.12168526649475098,-0.41126370429992676,-0.14188548922538757,-0.48301053047180176,-0.15497377514839172,-0.552201122045517,-0.03553879261016846,-0.3117237091064453,-0.019299805164337158,-0.4604051411151886,-0.005694687366485596,-0.5580176413059235,0.010360419750213623,-0.640858918428421,0.00559467077255249,-0.2763437032699585,0.011350870132446289,-0.35085663199424744,-0.017318546772003174,-0.26615214347839355,-0.03302547335624695,-0.19844669103622437,0.03946942090988159,-0.21747970581054688,0.022878289222717285,-0.21822690963745117,-0.002124786376953125,-0.15958118438720703,-0.014893770217895508,-0.11712664365768433,PEACE
0.0,0.0,-0.06175273656845093,-0.03023552894592285,-0.10706084966659546,-0.11548721790313721,-0.08152687549591064,-0.1613072156906128,-0.03131631016731262,-0.1583632230758667,-0.0918542742729187,-0.304455041885376,-0.12672659754753113,-0.4206831753253937,-0.14653626084327698,-0.4940441846847534,-0.1602756679058075,-0.5647015869617462,-0.04213601350784302,-0.32093358039855957,-0.026049494743347168,-0.4775702953338623,-0.013099759817123413,-0.5755584537982941,0.0026720166206359863,-0.6565373539924622,0.0007593035697937012,-0.2874314785003662,0.0020886659622192383,-0.36066824197769165,-0.02708977460861206,-0.27493906021118164,-0.04180532693862915,-0.20541894435882568,0.03696221113204956,-0.2285138964653015,0.01696908473968506,-0.2254757285118103,-0.0071141719818115234,-0.16677767038345337,-0.017361551523208618,-0.12433028221130371,PEACE
0.0,0.0,-0.06395724415779114,-0.03021872043609619,-0.11650615930557251,-0.11797839403152466,-0.10333529114723206,-0.1744774580001831,-0.05722883343696594,-0.1725980043411255,-0.10074058175086975,-0.3162180185317993,-0.13696661591529846,-0.4331629276275635,-0.15902644395828247,-0.507932186126709,-0.17453795671463013,-0.576736569404602,-0.05214163661003113,-0.33441290259361267,-0.042387187480926514,-0.4982534646987915,-0.03250378370285034,-0.6031567752361298,-0.01887372136116028,-0.6887059807777405,-0.008943527936935425,-0.30169254541397095,-0.01386404037475586,-0.3763434588909149,-0.04167243838310242,-0.2880983352661133,-0.054900139570236206,-0.21761107444763184,0.02704685926437378,-0.24300098419189453,-0.0010530650615692139,-0.2405179738998413,-0.025492697954177856,-0.1776418685913086,-0.035193800926208496,-0.13083815574645996,PEACE
0.0,0.0,-0.06490269303321838,-0.01783585548400879,-0.12482115626335144,-0.09084826707839966,-0.12061235308647156,-0.15011733770370483,-0.07423803210258484,-0.1657876968383789,-0.1143389642238617,-0.319771945476532,-0.15201044082641602,-0.4454289376735687,-0.17411834001541138,-0.5227255821228027,-0.18973800539970398,-0.5945293605327606,-0.06338581442832947,-0.3406611979007721,-0.05201226472854614,-0.5056907534599304,-0.04322424530982971,-0.6107721328735352,-0.03454875946044922,-0.6967005133628845,-0.017872512340545654,-0.31079593300819397,-0.0321936309337616,-0.35827407240867615,-0.056930989027023315,-0.280403196811676,-0.06939923763275146,-0.21966826915740967,0.019394099712371826,-0.2508329749107361,-0.005277097225189209,-0.23054802417755127,-0.027578920125961304,-0.16499608755111694,-0.03856003284454346,-0.11509430408477783,PEACE
0.0,0.0,-0.06354671716690063,-0.02019667625427246,-0.12561538815498352,-0.09109175205230713,-0.12813320755958557,-0.14613419771194458,-0.08315703272819519,-0.1589186191558838,-0.11794838309288025,-0.33157700300216675,-0.1547701060771942,-0.44682925939559937,-0.17913171648979187,-0.5290489792823792,-0.19504818320274353,-0.6034828126430511,-0.07168224453926086,-0.35281944274902344,-0.06456238031387329,-0.5088391304016113,-0.05540558695793152,-0.6107154786586761,-0.04290607571601868,-0.7013698816299438,-0.02846693992614746,-0.3207053542137146,-0.01653805375099182,-0.4442148208618164,-0.004423290491104126,-0.5308406352996826,0.010929763317108154,-0.6079460978507996,0.0051815807819366455,-0.25198090076446533,-0.024840891361236572,-0.24060708284378052,-0.04288369417190552,-0.17146551609039307,-0.04930111765861511,-0.11531341075897217,PEACE
0.0,0.0,-0.05762585997581482,-0.01630270481109619,-0.11973866820335388,-0.0835607647895813,-0.1269453763961792,-0.13924741744995117,-0.08468922972679138,-0.15128546953201294,-0.11380553245544434,-0.3148038983345032,-0.15539990365505219,-0.41895240545272827,-0.17999067902565002,-0.4926984906196594,-0.1966567039489746,-0.5608593821525574,-0.06762441992759705,-0.3378073275089264,-0.06461361050605774,-0.4961690902709961,-0.059655845165252686,-0.5934745371341705,-0.052007466554641724,-0.6699005365371704,-0.02355349063873291,-0.30731457471847534,-0.01859605312347412,-0.41006356477737427,-0.02107098698616028,-0.4068536162376404,-0.016420602798461914,-0.40336939692497253,0.012382715940475464,-0.24592149257659912,-0.01771843433380127,-0.24855774641036987,-0.03947439789772034,-0.17745286226272583,-0.049369633197784424,-0.11836403608322144,PEACE
0.0,0.0,-0.0663190484046936,-0.019944190979003906,-0.12494209408760071,-0.09070384502410889,-0.12863844633102417,-0.14204204082489014,-0.08411961793899536,-0.13736647367477417,-0.11275741457939148,-0.3063281774520874,-0.15513315796852112,-0.4106496572494507,-0.1809636652469635,-0.48136916756629944,-0.1997022181749344,-0.5446784198284149,-0.06772622466087341,-0.325300931930542,-0.06198349595069885,-0.47819435596466064,-0.058751463890075684,-0.5822664499282837,-0.05265018343925476,-0.6640928089618683,-0.02644413709640503,-0.2928328514099121,-0.041563481092453,-0.3386211395263672,-0.0599101185798645,-0.24482643604278564,-0.06529217958450317,-0.17632538080215454,0.007696300745010376,-0.2323041558265686,-0.02232113480567932,-0.2321191430091858,-0.04338589310646057,-0.1583479642868042,-0.051483750343322754,-0.10116970539093018,PEACE
0.0,0.0,-0.06277602910995483,-0.026189982891082764,-0.11498728394508362,-0.1024935245513916,-0.10438928008079529,-0.1539430022239685,-0.05731436610221863,-0.16166996955871582,-0.0939297080039978,-0.3036607503890991,-0.12746661901474,-0.41833630204200745,-0.1472470760345459,-0.4916399121284485,-0.16237446665763855,-0.5585497915744781,-0.04933035373687744,-0.31702136993408203,-0.03660169243812561,-0.46582725644111633,-0.028757452964782715,-0.5569597482681274,-0.02170237898826599,-0.6351073980331421,-0.0107191801071167,-0.28539884090423584,-0.02015271782875061,-0.34509599208831787,-0.040755778551101685,-0.26672476530075073,-0.049788594245910645,-0.20711040496826172,0.01990446448326111,-0.2284764051437378,-0.004172593355178833,-0.23072540760040283,-0.02729138731956482,-0.1691623330116272,-0.038711369037628174,-0.12131345272064209,PEACE
0.0,0.0,-0.05747199058532715,-0.0347217321395874,-0.09940341114997864,-0.12453210353851318,-0.07822132110595703,-0.1741999387741089,-0.03437685966491699,-0.1700238585472107,-0.0762607753276825,-0.30841362476348877,-0.09986737370491028,-0.42160922288894653,-0.11567649245262146,-0.49214452505111694,-0.1275898516178131,-0.558463454246521,-0.03097391128540039,-0.31831252574920654,-0.0131244957447052,-0.4643714427947998,0.00013002753257751465,-0.5581243634223938,0.015075862407684326,-0.6347119808197021,0.00735899806022644,-0.2834641933441162,0.0071010589599609375,-0.35090336203575134,-0.020096302032470703,-0.2723073959350586,-0.03420284390449524,-0.20725232362747192,0.03872096538543701,-0.22481584548950195,0.014312177896499634,-0.21527451276779175,-0.011694371700286865,-0.15569311380386353,-0.023346692323684692,-0.1113554835319519,PEACE
0.0,0.0,-0.050949931144714355,-0.04211282730102539,-0.08586576581001282,-0.12966567277908325,-0.05577808618545532,-0.16956084966659546,-0.008144378662109375,-0.16740423440933228,-0.056031256914138794,-0.3052758574485779,-0.07255285978317261,-0.42674633860588074,-0.08415552973747253,-0.5044969916343689,-0.09230649471282959,-0.5756030976772308,-0.01053553819656372,-0.30472344160079956,0.006311982870101929,-0.4482880234718323,0.01700916886329651,-0.5364575684070587,0.029908716678619385,-0.6101903319358826,0.02653878927230835,-0.26312798261642456,0.030606508255004883,-0.32792550325393677,0.0007753968238830566,-0.26017409563064575,-0.016083627939224243,-0.20336073637008667,0.05551964044570923,-0.2000635266304016,0.03649747371673584,-0.2021365761756897,0.012041687965393066,-0.15518486499786377,0.0010239779949188232,-0.12044548988342285,PEACE
0.0,0.0,-0.0448630154132843,-0.05024147033691406,-0.070401132106781,-0.14510613679885864,-0.03316473960876465,-0.17985576391220093,0.012393653392791748,-0.17816531658172607,-0.042347222566604614,-0.30371755361557007,-0.05567455291748047,-0.417218953371048,-0.06341105699539185,-0.4888145923614502,-0.06757974624633789,-0.5541720986366272,0.0009894371032714844,-0.3024028539657593,0.01738119125366211,-0.4392848014831543,0.02680450677871704,-0.5244252383708954,0.03845793008804321,-0.5976517498493195,0.0351446270942688,-0.2633153796195984,0.046808481216430664,-0.31857508420944214,0.020339250564575195,-0.2611227035522461,0.003979325294494629,-0.21506333351135254,0.06137198209762573,-0.20553314685821533,0.052155256271362305,-0.20777910947799683,0.031050562858581543,-0.16456222534179688,0.02063196897506714,-0.1334012746810913,PEACE
0.0,0.0,-0.04351454973220825,-0.05671900510787964,-0.05993771553039551,-0.15059930086135864,-0.016004085540771484,-0.18904387950897217,0.028582215309143066,-0.19484323263168335,-0.03046351671218872,-0.2963101863861084,-0.0404740571975708,-0.4090801179409027,-0.047643423080444336,-0.47899025678634644,-0.053280651569366455,-0.5408775508403778,0.010220944881439209,-0.2901257276535034,0.02493441104888916,-0.42243117094039917,0.034698665142059326,-0.5047047138214111,0.04598790407180786,-0.5774635672569275,0.040622711181640625,-0.24858945608139038,0.05046564340591431,-0.2989938259124756,0.02716362476348877,-0.23882275819778442,0.01222294569015503,-0.19532448053359985,0.0631754994392395,-0.18973040580749512,0.05781400203704834,-0.2098163366317749,0.03686785697937012,-0.17208540439605713,0.024320662021636963,-0.14503741264343262,PEACE
0.0,0.0,-0.03917431831359863,-0.06061398983001709,-0.04946616291999817,-0.15541422367095947,-0.005771934986114502,-0.19754540920257568,0.036934614181518555,-0.20455604791641235,-0.028135061264038086,-0.2831141948699951,-0.034510910511016846,-0.39370620250701904,-0.03973942995071411,-0.4626460671424866,-0.044442057609558105,-0.521830677986145,0.009606599807739258,-0.2766454219818115,0.023290634155273438,-0.40209510922431946,0.03300774097442627,-0.48166772723197937,0.04386979341506958,-0.5495398938655853,0.038296639919281006,-0.23655956983566284,0.042002320289611816,-0.26398706436157227,0.02115994691848755,-0.20714682340621948,0.009130239486694336,-0.17079895734786987,0.05892461538314819,-0.18148857355117798,0.05616694688796997,-0.19855177402496338,0.03588038682937622,-0.16155922412872314,0.02337956428527832,-0.13645672798156738,PEACE
0.0,0.0,-0.0355871319770813,-0.0576634407043457,-0.04337364435195923,-0.143061101436615,-0.0028921961784362793,-0.18297278881072998,0.03682911396026611,-0.19131392240524292,-0.02401942014694214,-0.26734310388565063,-0.029955685138702393,-0.37400808930397034,-0.034018754959106445,-0.4409698247909546,-0.03726756572723389,-0.49710142612457275,0.012495875358581543,-0.2599136233329773,0.028535425662994385,-0.3825666308403015,0.039098918437957764,-0.4592994451522827,0.049809157848358154,-0.5221916437149048,0.04017472267150879,-0.21985745429992676,0.046864449977874756,-0.256456196308136,0.02770334482192993,-0.20509964227676392,0.015976428985595703,-0.17183339595794678,0.06016135215759277,-0.16513210535049438,0.06055474281311035,-0.19052177667617798,0.04150044918060303,-0.15671956539154053,0.029403746128082275,-0.13316351175308228,PEACE
0.0,0.0,-0.03364688158035278,-0.05619925260543823,-0.04044997692108154,-0.13786274194717407,0.0006710290908813477,-0.1715773344039917,0.0410274863243103,-0.17523407936096191,-0.02368307113647461,-0.25863325595855713,-0.029962897300720215,-0.3620566725730896,-0.033663153648376465,-0.4273090958595276,-0.036817729473114014,-0.4816477298736572,0.011460602283477783,-0.2527906894683838,0.026885688304901123,-0.3696746230125427,0.03789854049682617,-0.44462862610816956,0.049032509326934814,-0.5068121254444122,0.0381016731262207,-0.21552491188049316,0.04565912485122681,-0.24464654922485352,0.02784121036529541,-0.19502651691436768,0.01639944314956665,-0.1650283932685852,0.057838380336761475,-0.16418087482452393,0.05853086709976196,-0.1828153133392334,0.04143577814102173,-0.15131300687789917,0.03024578094482422,-0.13253790140151978,PEACE
0.0,0.0,-0.033254384994506836,-0.055551886558532715,-0.04140424728393555,-0.13933509588241577,-0.0017070174217224121,-0.17388659715652466,0.03726130723953247,-0.17555880546569824,-0.023024559020996094,-0.25164085626602173,-0.029307901859283447,-0.35115569829940796,-0.033403217792510986,-0.4142836928367615,-0.03705984354019165,-0.4673929810523987,0.011038422584533691,-0.24662917852401733,0.023191750049591064,-0.3603137135505676,0.03156191110610962,-0.43239250779151917,0.04051327705383301,-0.491592675447464,0.03742825984954834,-0.21207010746002197,0.04108768701553345,-0.23926818370819092,0.02419102191925049,-0.19008475542068481,0.01419132947921753,-0.16026180982589722,0.05729192495346069,-0.16448307037353516,0.05367249250411987,-0.18188804388046265,0.0372312068939209,-0.15074682235717773,0.028044700622558594,-0.1323069930076599,PEACE
0.0,0.0,-0.03133106231689453,-0.05653107166290283,-0.03605705499649048,-0.14493310451507568,0.005087614059448242,-0.17915457487106323,0.041859209537506104,-0.16970056295394897,-0.019749879837036133,-0.24639737606048584,-0.025333404541015625,-0.34545230865478516,-0.02898162603378296,-0.40740060806274414,-0.0324973464012146,-0.4592576324939728,0.012547850608825684,-0.2405095100402832,0.02212458848953247,-0.35201317071914673,0.028684616088867188,-0.4235506057739258,0.03651905059814453,-0.48119983077049255,0.03826630115509033,-0.20695680379867554,0.039817214012145996,-0.23323684930801392,0.02417701482772827,-0.18219304084777832,0.015655994415283203,-0.1496550440788269,0.05816382169723511,-0.16200345754623413,0.054586827754974365,-0.1837235689163208,0.04007464647293091,-0.15172654390335083,0.033178627490997314,-0.12986284494400024,PEACE
0.0,0.0,-0.05265679955482483,-0.04915356636047363,-0.09831404685974121,-0.13288432359695435,-0.11174246668815613,-0.18278652429580688,-0.0742565393447876,-0.17808806896209717,-0.05979737639427185,-0.3231717348098755,-0.08429113030433655,-0.44632741808891296,-0.09973108768463135,-0.5227751433849335,-0.10902667045593262,-0.5894521176815033,-0.013826191425323486,-0.3241719603538513,0.0026089251041412354,-0.4688960313796997,0.01491701602935791,-0.5646778047084808,0.027628183364868164,-0.6458616554737091,0.02301102876663208,-0.28474026918411255,-0.016797751188278198,-0.3285874128341675,-0.043709784746170044,-0.24236130714416504,-0.050180137157440186,-0.18172281980514526,0.046398818492889404,-0.22364062070846558,-0.008192181587219238,-0.22669440507888794,-0.03605887293815613,-0.16951054334640503,-0.044449061155319214,-0.12805110216140747,PEACE
0.0,0.0,-0.05509194731712341,-0.04948711395263672,-0.09839192032814026,-0.14122581481933594,-0.07984423637390137,-0.18009865283966064,-0.02884092926979065,-0.17959940433502197,-0.059359610080718994,-0.320462167263031,-0.08258217573165894,-0.4379415214061737,-0.09723502397537231,-0.511415421962738,-0.10743868350982666,-0.5780893266201019,-0.015790730714797974,-0.3210914731025696,0.0025071799755096436,-0.469587504863739,0.013672322034835815,-0.5627763271331787,0.026444822549819946,-0.6432429552078247,0.02015659213066101,-0.2786639332771301,0.005647331476211548,-0.3341001272201538,-0.018678724765777588,-0.24461185932159424,-0.02697637677192688,-0.18129438161849976,0.04826679825782776,-0.21524184942245483,0.02010485529899597,-0.23936402797698975,-0.0027775168418884277,-0.18242114782333374,-0.010099589824676514,-0.1392683982849121,PEACE
0.0,0.0,-0.05300012230873108,-0.05230915546417236,-0.08436700701713562,-0.15322345495224,-0.04414790868759155,-0.18867278099060059,0.010721057653427124,-0.18744510412216187,-0.05688166618347168,-0.32332664728164673,-0.07584398984909058,-0.4371243119239807,-0.08757859468460083,-0.5118772685527802,-0.09583157300949097,-0.5782642066478729,-0.012576162815093994,-0.3305078148841858,0.0036520659923553467,-0.4692712128162384,0.016496747732162476,-0.5646494328975677,0.03241816163063049,-0.6496196091175079,0.022376924753189087,-0.2934865355491638,0.026965588331222534,-0.32741624116897583,0.004136472940444946,-0.2516130208969116,-0.008000999689102173,-0.1999785304069519,0.04914018511772156,-0.23559683561325073,0.032850831747055054,-0.21661263704299927,0.012896627187728882,-0.16987943649291992,0.002938598394393921,-0.14247071743011475,PEACE
0.0,0.0,-0.04947942495346069,-0.038720667362213135,-0.06643524765968323,-0.13334721326828003,-0.015475720167160034,-0.17567884922027588,0.03564095497131348,-0.19485586881637573,-0.052389562129974365,-0.3138694167137146,-0.06130149960517883,-0.4293172359466553,-0.06796517968177795,-0.5091009140014648,-0.07289192080497742,-0.5787606537342072,-0.008416801691055298,-0.32443803548812866,0.008299052715301514,-0.46253591775894165,0.02282005548477173,-0.5539363920688629,0.037323713302612305,-0.6393893957138062,0.023588240146636963,-0.2899453639984131,0.04813414812088013,-0.3404109477996826,0.028480112552642822,-0.25208646059036255,0.011740624904632568,-0.19650238752365112,0.04963809251785278,-0.23540401458740234,0.054890334606170654,-0.23301666975021362,0.0341150164604187,-0.17273467779159546,0.01466214656829834,-0.14019519090652466,PEACE
0.0,0.0,-0.045083045959472656,-0.036637961864471436,-0.0570317804813385,-0.12422263622283936,-0.0037416815757751465,-0.17243313789367676,0.04413264989852905,-0.2042139172554016,-0.05066213011741638,-0.30496346950531006,-0.054019421339035034,-0.4266495406627655,-0.058626413345336914,-0.5085489153862,-0.06247851252555847,-0.5807561576366425,-0.0072695910930633545,-0.31878596544265747,0.009504914283752441,-0.4576442837715149,0.02501589059829712,-0.5476108491420746,0.03979259729385376,-0.6319293081760406,0.024608135223388672,-0.28655093908309937,0.05573141574859619,-0.3413071632385254,0.037490010261535645,-0.25046032667160034,0.01880335807800293,-0.19446933269500732,0.05119544267654419,-0.23207664489746094,0.06708526611328125,-0.23826944828033447,0.046580970287323,-0.17749005556106567,0.02248293161392212,-0.14422225952148438,PEACE
0.0,0.0,-0.044374436140060425,-0.040757060050964355,-0.05747607350349426,-0.1273864507675171,-0.005824863910675049,-0.167830228805542,0.04389911890029907,-0.19341027736663818,-0.045150190591812134,-0.3078628182411194,-0.04736223816871643,-0.42843377590179443,-0.05041462182998657,-0.5075184404850006,-0.05287832021713257,-0.5779860019683838,-0.0013549327850341797,-0.31795400381088257,0.019962191581726074,-0.4561874270439148,0.03765326738357544,-0.541500061750412,0.053497910499572754,-0.6218552887439728,0.030805885791778564,-0.28308260440826416,0.063076913356781,-0.3304123282432556,0.041541337966918945,-0.2390628457069397,0.020657718181610107,-0.18438750505447388,0.05614888668060303,-0.22622013092041016,0.07160776853561401,-0.22808021306991577,0.04973024129867554,-0.16694819927215576,0.02502918243408203,-0.13470369577407837,PEACE
0.0,0.0,-0.04800644516944885,-0.04664170742034912,-0.06384485960006714,-0.13778012990951538,-0.013558655977249146,-0.16848134994506836,0.03893658518791199,-0.17698079347610474,-0.03928437829017639,-0.3136591911315918,-0.04278448224067688,-0.4300387501716614,-0.04682496190071106,-0.5075411796569824,-0.04976177215576172,-0.576232373714447,0.004687637090682983,-0.31945472955703735,0.028854578733444214,-0.4521751403808594,0.04872515797615051,-0.5371371209621429,0.06855210661888123,-0.6159346997737885,0.03535011410713196,-0.28138822317123413,0.05983385443687439,-0.31673699617385864,0.035461097955703735,-0.23837852478027344,0.016320258378982544,-0.18962574005126953,0.05797514319419861,-0.223297119140625,0.058473020792007446,-0.20456677675247192,0.03496888279914856,-0.15275996923446655,0.015034884214401245,-0.12775301933288574,PEACE
0.0,0.0,-0.050930291414260864,-0.05286973714828491,-0.07593268156051636,-0.15430325269699097,-0.03455808758735657,-0.18409597873687744,0.021441727876663208,-0.17399132251739502,-0.03769010305404663,-0.32160598039627075,-0.04692178964614868,-0.43515318632125854,-0.05342745780944824,-0.5103445947170258,-0.058210402727127075,-0.5776804685592651,0.005127131938934326,-0.3203354477882385,0.029953449964523315,-0.45149824023246765,0.04941114783287048,-0.5386383533477783,0.07009914517402649,-0.617200642824173,0.03650066256523132,-0.2779465317726135,0.04887780547142029,-0.31262409687042236,0.02280905842781067,-0.23250919580459595,0.006844848394393921,-0.18038499355316162,0.06037142872810364,-0.21707367897033691,0.052352696657180786,-0.20678186416625977,0.03245076537132263,-0.15781927108764648,0.02110728621482849,-0.1312735676765442,PEACE
0.0,0.0,-0.05081811547279358,-0.0471685528755188,-0.09182766079902649,-0.13557589054107666,-0.08635726571083069,-0.18049556016921997,-0.03988221287727356,-0.16909343004226685,-0.044360965490341187,-0.3143916130065918,-0.059060364961624146,-0.4324362277984619,-0.0692182183265686,-0.5064042806625366,-0.07515531778335571,-0.5705061554908752,-0.0023920834064483643,-0.30862724781036377,0.02308553457260132,-0.4438338875770569,0.03875267505645752,-0.5342524349689484,0.05508774518966675,-0.6107834279537201,0.028905272483825684,-0.26434361934661865,0.011281311511993408,-0.31215494871139526,-0.0175093412399292,-0.23574841022491455,-0.028672635555267334,-0.1799277663230896,0.04921388626098633,-0.2023458480834961,0.01344764232635498,-0.21600663661956787,-0.011846840381622314,-0.16454654932022095,-0.020103543996810913,-0.12384206056594849,PEACE
0.0,0.0,-0.05013042688369751,-0.04940897226333618,-0.09122589230537415,-0.12892401218414307,-0.1058495044708252,-0.1816456913948059,-0.0713704526424408,-0.16888278722763062,-0.04847759008407593,-0.31389284133911133,-0.0643281638622284,-0.43365994095802307,-0.07512488961219788,-0.5096310377120972,-0.08136484026908875,-0.5743876993656158,-0.005385607481002808,-0.30883264541625977,0.016345351934432983,-0.4433225393295288,0.031059592962265015,-0.5326547920703888,0.044672220945358276,-0.6079561710357666,0.0275590717792511,-0.26496970653533936,-0.006228715181350708,-0.3046521544456482,-0.037147343158721924,-0.23168092966079712,-0.04915040731430054,-0.18022608757019043,0.045816570520401,-0.20144981145858765,-0.001357942819595337,-0.210496723651886,-0.029638707637786865,-0.16553550958633423,-0.04122951626777649,-0.13079380989074707,PEACE
0.0,0.0,-0.054684579372406006,-0.06247138977050781,-0.0910789966583252,-0.13899648189544678,-0.11321467161178589,-0.18813788890838623,-0.09485897421836853,-0.19445568323135376,-0.045207828283309937,-0.312360942363739,-0.06622180342674255,-0.4310125708580017,-0.07849663496017456,-0.5054954886436462,-0.08601614832878113,-0.5721560418605804,-0.002829611301422119,-0.3058614730834961,0.009423494338989258,-0.4424498677253723,0.020970404148101807,-0.5358167290687561,0.0323716402053833,-0.6126546561717987,0.027700603008270264,-0.2624310255050659,-0.02549108862876892,-0.31207525730133057,-0.05905526876449585,-0.24112945795059204,-0.07100918889045715,-0.1856919527053833,0.040659427642822266,-0.19899702072143555,-0.018287599086761475,-0.21685272455215454,-0.048914194107055664,-0.17423278093338013,-0.06229519844055176,-0.13767492771148682,PEACE
0.0,0.0,-0.053648293018341064,-0.05872839689254761,-0.08756917715072632,-0.1340123414993286,-0.10881990194320679,-0.18245607614517212,-0.09710496664047241,-0.19884783029556274,-0.04387480020523071,-0.30661702156066895,-0.06546196341514587,-0.4252684712409973,-0.0781482458114624,-0.5003541111946106,-0.0862244963645935,-0.5663748681545258,-0.0022654831409454346,-0.2994653582572937,0.009669840335845947,-0.436099648475647,0.020669281482696533,-0.5305027663707733,0.03171652555465698,-0.6067326366901398,0.02713465690612793,-0.25650399923324585,-0.024894118309020996,-0.3079308867454529,-0.05935332179069519,-0.24089282751083374,-0.0724683403968811,-0.18745458126068115,0.03897207975387573,-0.19448375701904297,-0.018411964178085327,-0.21450120210647583,-0.04902508854866028,-0.17329150438308716,-0.06253647804260254,-0.13732504844665527,PEACE
0.0,0.0,-0.052834898233413696,-0.055084228515625,-0.09113797545433044,-0.1332588791847229,-0.11106076836585999,-0.1873617172241211,-0.08449593186378479,-0.18738240003585815,-0.050453633069992065,-0.3110693097114563,-0.07012078166007996,-0.4285186231136322,-0.08205261826515198,-0.5024437308311462,-0.0891740620136261,-0.5677842497825623,-0.008623331785202026,-0.3063562512397766,0.007255256175994873,-0.4438467025756836,0.01936626434326172,-0.5340620279312134,0.030321121215820312,-0.6109751462936401,0.023305118083953857,-0.26363837718963623,-0.021595776081085205,-0.3160199522972107,-0.05248987674713135,-0.2413690686225891,-0.06279608607292175,-0.18691891431808472,0.03976494073867798,-0.19985419511795044,-0.013376176357269287,-0.22390449047088623,-0.041677236557006836,-0.17692363262176514,-0.052712827920913696,-0.1385086178779602,PEACE
0.0,0.0,-0.05190494656562805,-0.04810035228729248,-0.0940941870212555,-0.13235914707183838,-0.09318435192108154,-0.18021416664123535,-0.05258893966674805,-0.17086279392242432,-0.05114257335662842,-0.30903106927871704,-0.06840774416923523,-0.4259030818939209,-0.07975426316261292,-0.4986938536167145,-0.08692488074302673,-0.5626324713230133,-0.010079920291900635,-0.30599790811538696,0.010286390781402588,-0.4436642527580261,0.02300649881362915,-0.5314976274967194,0.03560614585876465,-0.6077814102172852,0.022206544876098633,-0.2645939588546753,-0.0037529468536376953,-0.31717443466186523,-0.030370980501174927,-0.24486291408538818,-0.038838088512420654,-0.1936427354812622,0.0433884859085083,-0.20360547304153442,0.0022904276847839355,-0.2284952998161316,-0.02294805645942688,-0.1802833080291748,-0.03060704469680786,-0.14175373315811157,PEACE
0.0,0.0,-0.05156731605529785,-0.04686015844345093,-0.08478522300720215,-0.14804553985595703,-0.04697996377944946,-0.19146251678466797,0.00665593147277832,-0.19320350885391235,-0.056713640689849854,-0.31719475984573364,-0.0755559504032135,-0.42862093448638916,-0.08790197968482971,-0.5030175447463989,-0.09789744019508362,-0.569164514541626,-0.014186590909957886,-0.3224185109138489,-0.0007443428039550781,-0.4655652344226837,0.010342717170715332,-0.5589852035045624,0.024025797843933105,-0.6427466571331024,0.02120792865753174,-0.284726619720459,0.025963127613067627,-0.33687490224838257,0.003417074680328369,-0.25313228368759155,-0.008750945329666138,-0.19637680053710938,0.050887346267700195,-0.2265527844429016,0.03845536708831787,-0.23420655727386475,0.0188027024269104,-0.17968934774398804,0.009058773517608643,-0.1448434591293335,PEACE
0.0,0.0,-0.05095785856246948,-0.05091679096221924,-0.0744759738445282,-0.1440485119819641,-0.027780354022979736,-0.181127667427063,0.023024678230285645,-0.1938207745552063,-0.0516795814037323,-0.31867992877960205,-0.06644368171691895,-0.4314330518245697,-0.0782308280467987,-0.5055791735649109,-0.08828473091125488,-0.5718753635883331,-0.008522212505340576,-0.32708704471588135,0.0053934454917907715,-0.46524778008461,0.016774415969848633,-0.5559565126895905,0.029566466808319092,-0.6387206614017487,0.025873780250549316,-0.28967052698135376,0.038089215755462646,-0.3340717554092407,0.016666889190673828,-0.26248645782470703,0.002716541290283203,-0.2136235237121582,0.05344325304031372,-0.2318018674850464,0.04322916269302368,-0.21691346168518066,0.02150547504425049,-0.16954529285430908,0.007808327674865723,-0.1433466672897339,PEACE
0.0,0.0,-0.046679943799972534,-0.052028775215148926,-0.06466183066368103,-0.146448016166687,-0.015211224555969238,-0.18572348356246948,0.0343359112739563,-0.20329105854034424,-0.052122920751571655,-0.32209938764572144,-0.0626770555973053,-0.44121426343917847,-0.07034093141555786,-0.5210591554641724,-0.07650434970855713,-0.5895511209964752,-0.007538139820098877,-0.3332486152648926,0.009022951126098633,-0.4757221043109894,0.02262169122695923,-0.5659110248088837,0.03666955232620239,-0.6468218564987183,0.027191102504730225,-0.2977755069732666,0.044447481632232666,-0.34118515253067017,0.023380637168884277,-0.26716214418411255,0.00823754072189331,-0.21799272298812866,0.054677724838256836,-0.2398589849472046,0.05003499984741211,-0.22449374198913574,0.02510732412338257,-0.17450284957885742,0.00591123104095459,-0.14867931604385376,PEACE
0.0,0.0,-0.04643160104751587,-0.05375880002975464,-0.053159236907958984,-0.14287137985229492,0.002945244312286377,-0.1727045178413391,0.04999774694442749,-0.1898406744003296,-0.03912520408630371,-0.32921016216278076,-0.048964738845825195,-0.4497137665748596,-0.054181039333343506,-0.5316723883152008,-0.056685030460357666,-0.6031076312065125,0.007058978080749512,-0.3313932418823242,0.029408514499664307,-0.4720379710197449,0.048073649406433105,-0.5627889037132263,0.0664743185043335,-0.6441103518009186,0.041931331157684326,-0.28784728050231934,0.06972217559814453,-0.3350377082824707,0.047055840492248535,-0.25938737392425537,0.028611958026885986,-0.2084139585494995,0.06879299879074097,-0.22293609380722046,0.07254445552825928,-0.22021108865737915,0.04754984378814697,-0.1702951192855835,0.027029812335968018,-0.14264953136444092,PEACE
0.0,0.0,-0.04255390167236328,-0.050520896911621094,-0.045440495014190674,-0.13616251945495605,0.01164168119430542,-0.16048294305801392,0.05974400043487549,-0.1748732328414917,-0.02916008234024048,-0.33059757947921753,-0.03152430057525635,-0.4595440924167633,-0.03248327970504761,-0.5439473688602448,-0.03202241659164429,-0.6165532469749451,0.017580270767211914,-0.33308863639831543,0.04563421010971069,-0.4787321090698242,0.06785833835601807,-0.5711745619773865,0.0869903564453125,-0.6531961560249329,0.05165320634841919,-0.2906692624092102,0.08844846487045288,-0.328805148601532,0.06587928533554077,-0.2449139952659607,0.04343914985656738,-0.19179093837738037,0.07726085186004639,-0.2256811261177063,0.09250819683074951,-0.21098226308822632,0.06602811813354492,-0.15277618169784546,0.03967475891113281,-0.12250137329101562,PEACE
0.0,0.0,-0.04187661409378052,-0.0466763973236084,-0.04954659938812256,-0.1322641372680664,0.00905752182006836,-0.14974921941757202,0.06706124544143677,-0.15677165985107422,-0.023074567317962646,-0.3348335027694702,-0.01950281858444214,-0.47296494245529175,-0.018720626831054688,-0.5657806694507599,-0.016524016857147217,-0.6475872099399567,0.029684782028198242,-0.33779680728912354,0.0657339096069336,-0.4910489618778229,0.09287244081497192,-0.5889649093151093,0.11775046586990356,-0.6806377172470093,0.06651943922042847,-0.28804779052734375,0.10591626167297363,-0.32859939336776733,0.07804989814758301,-0.23379981517791748,0.054295897483825684,-0.16870880126953125,0.09191912412643433,-0.21289587020874023,0.09862327575683594,-0.18658661842346191,0.07007956504821777,-0.12467104196548462,0.04557543992996216,-0.0877382755279541,PEACE
0.0,0.0,-0.04705291986465454,-0.04365503787994385,-0.056693077087402344,-0.14017027616500854,0.011447608470916748,-0.15484076738357544,0.081942617893219,-0.1451120376586914,-0.023752212524414062,-0.36369407176971436,-0.01775646209716797,-0.5159598588943481,-0.013514995574951172,-0.6155283749103546,-0.008228003978729248,-0.7044171392917633,0.03633755445480347,-0.3673720359802246,0.08059179782867432,-0.5343124866485596,0.1152348518371582,-0.6412605047225952,0.14631420373916626,-0.7416486442089081,0.07684540748596191,-0.3115602135658264,0.11833953857421875,-0.34371960163116455,0.08404141664505005,-0.2211570143699646,0.053642213344573975,-0.1412000060081482,0.1048005223274231,-0.22672247886657715,0.12175619602203369,-0.19464445114135742,0.09396731853485107,-0.1195102334022522,0.06639188528060913,-0.07296997308731079,PEACE
0.0,0.0,-0.05120289325714111,-0.04631233215332031,-0.0631360411643982,-0.1501941680908203,0.005830049514770508,-0.15517675876617432,0.08088397979736328,-0.1364511251449585,-0.01991206407546997,-0.37822771072387695,-0.018394172191619873,-0.538199782371521,-0.016905784606933594,-0.644735187292099,-0.012843668460845947,-0.7390157878398895,0.04512679576873779,-0.3771169185638428,0.09023815393447876,-0.5536331534385681,0.12601417303085327,-0.6682198345661163,0.16111624240875244,-0.7780657708644867,0.08984529972076416,-0.31473714113235474,0.12500935792922974,-0.3407738208770752,0.08419299125671387,-0.21449381113052368,0.051585257053375244,-0.13349062204360962,0.12146997451782227,-0.22334277629852295,0.13908767700195312,-0.1931009292602539,0.11469680070877075,-0.11434304714202881,0.09293639659881592,-0.06423282623291016,PEACE
0.0,0.0,-0.050222694873809814,-0.06396174430847168,-0.06649422645568848,-0.17627251148223877,-0.0015237927436828613,-0.19186079502105713,0.07823050022125244,-0.16914606094360352,-0.024713099002838135,-0.41045427322387695,-0.026885986328125,-0.584118127822876,-0.023651301860809326,-0.6946635544300079,-0.019832491874694824,-0.7920171022415161,0.043399810791015625,-0.406244158744812,0.09295058250427246,-0.595036506652832,0.13092035055160522,-0.7202437818050385,0.1676650047302246,-0.8322406113147736,0.08862632513046265,-0.33699387311935425,0.12561261653900146,-0.3783600926399231,0.08828204870223999,-0.2593942880630493,0.05562788248062134,-0.16913551092147827,0.1190529465675354,-0.2390369176864624,0.15307706594467163,-0.211389422416687,0.16696137189865112,-0.1518268585205078,0.1756005883216858,-0.10670655965805054,PEACE
0.0,0.0,-0.059019625186920166,-0.05851244926452637,-0.08584928512573242,-0.16821813583374023,-0.024017333984375,-0.1788696050643921,0.0566670298576355,-0.16058367490768433,-0.040276944637298584,-0.4213191866874695,-0.050932228565216064,-0.5965157747268677,-0.05507391691207886,-0.7104958295822144,-0.05521881580352783,-0.8134059607982635,0.030136048793792725,-0.4281424880027771,0.07955896854400635,-0.6209853291511536,0.11876159906387329,-0.7443611323833466,0.15695881843566895,-0.8592915832996368,0.0776909589767456,-0.3640352487564087,0.11086481809616089,-0.3805728554725647,0.07010209560394287,-0.24833941459655762,0.040673673152923584,-0.16582143306732178,0.11131513118743896,-0.26648372411727905,0.1113208532333374,-0.19799906015396118,0.0795181393623352,-0.11348307132720947,0.054553329944610596,-0.06666278839111328,PEACE
0.0,0.0,-0.06501486897468567,-0.0655982494354248,-0.10627081990242004,-0.18614351749420166,-0.05500674247741699,-0.21085751056671143,0.02724754810333252,-0.191020667552948,-0.04456394910812378,-0.4443618059158325,-0.06013065576553345,-0.6351408362388611,-0.06908753514289856,-0.7567209005355835,-0.07326957583427429,-0.8669215738773346,0.026205599308013916,-0.4512495994567871,0.07179391384124756,-0.6662181615829468,0.10718828439712524,-0.7963691651821136,0.1422659158706665,-0.9192267060279846,0.07727962732315063,-0.38907545804977417,0.09095990657806396,-0.41253089904785156,0.045387089252471924,-0.28105324506759644,0.018485069274902344,-0.20069295167922974,0.11519384384155273,-0.2912171483039856,0.10410428047180176,-0.24757903814315796,0.06483715772628784,-0.16728603839874268,0.03877633810043335,-0.12401223182678223,PEACE
0.0,0.0,-0.06778502464294434,-0.07726693153381348,-0.11513981223106384,-0.20086216926574707,-0.07731324434280396,-0.22541117668151855,0.001076340675354004,-0.20834052562713623,-0.05560857057571411,-0.47729676961898804,-0.07567480206489563,-0.668005108833313,-0.0882413387298584,-0.7889010906219482,-0.093315988779068,-0.899804949760437,0.0172346830368042,-0.48480963706970215,0.058443307876586914,-0.702680766582489,0.09303385019302368,-0.8423181474208832,0.12966638803482056,-0.9704347848892212,0.07230943441390991,-0.4202934503555298,0.07742905616760254,-0.45548486709594727,0.03183978796005249,-0.31938081979751587,0.0068517327308654785,-0.22892212867736816,0.11302053928375244,-0.3212745189666748,0.08498764038085938,-0.2714748978614807,0.04418295621871948,-0.1902989149093628,0.021516382694244385,-0.1437070369720459,PEACE
0.0,0.0,-0.07008922100067139,-0.0736992359161377,-0.1240609884262085,-0.1964167356491089,-0.09493628144264221,-0.2224692702293396,-0.020725667476654053,-0.206903874874115,-0.0658913254737854,-0.48034578561782837,-0.09230953454971313,-0.6733018457889557,-0.10717582702636719,-0.7990531921386719,-0.11178088188171387,-0.9125173687934875,0.0055596232414245605,-0.4806070923805237,0.0465129017829895,-0.7013027667999268,0.08077973127365112,-0.851844072341919,0.11795639991760254,-0.9841049313545227,0.06098353862762451,-0.41094136238098145,0.06483983993530273,-0.4652869701385498,0.015480577945709229,-0.32779669761657715,-0.011521577835083008,-0.22980248928070068,0.10122525691986084,-0.3082754611968994,0.0735248327255249,-0.2961384654045105,0.03084123134613037,-0.21523618698120117,0.006995677947998047,-0.15885066986083984,PEACE
0.0,0.0,-0.07377350330352783,-0.06388485431671143,-0.1319342851638794,-0.18946033716201782,-0.1016128659248352,-0.22182148694992065,-0.027485638856887817,-0.20267987251281738,-0.07205334305763245,-0.4751502275466919,-0.10276898741722107,-0.6609390377998352,-0.12114793062210083,-0.7840161025524139,-0.12926524877548218,-0.8966896831989288,-3.769993782043457e-05,-0.4767264723777771,0.04183697700500488,-0.7024238407611847,0.07265472412109375,-0.853732168674469,0.10562527179718018,-0.9882256388664246,0.05570632219314575,-0.4074804186820984,0.052809298038482666,-0.47318869829177856,0.0018810927867889404,-0.3292102813720703,-0.024510443210601807,-0.22870981693267822,0.09615075588226318,-0.30393701791763306,0.0625385046005249,-0.30560386180877686,0.018206775188446045,-0.2158135175704956,-0.005438297986984253,-0.15231430530548096,PEACE
0.0,0.0,-0.07944044470787048,-0.0602034330368042,-0.13829126954078674,-0.17771375179290771,-0.11383518576622009,-0.2160908579826355,-0.041982799768447876,-0.20530128479003906,-0.08137556910514832,-0.4634634256362915,-0.11420267820358276,-0.6522386372089386,-0.13219425082206726,-0.775046706199646,-0.14070609211921692,-0.8878310322761536,-0.009447455406188965,-0.4671400785446167,0.0326310396194458,-0.69297856092453,0.06379842758178711,-0.8495468199253082,0.09583449363708496,-0.9909622669219971,0.046375155448913574,-0.3995246887207031,0.03664505481719971,-0.46623456478118896,-0.01010313630104065,-0.31762826442718506,-0.033312976360321045,-0.21524262428283691,0.08675217628479004,-0.29650717973709106,0.05156362056732178,-0.2989771366119385,0.006570279598236084,-0.211370050907135,-0.01855635643005371,-0.14846807718276978,PEACE
0.0,0.0,-0.0819857120513916,-0.054249346256256104,-0.14711245894432068,-0.1681939959526062,-0.13286328315734863,-0.2205715775489807,-0.062476158142089844,-0.21735608577728271,-0.09112784266471863,-0.4608147144317627,-0.12339603900909424,-0.6440771222114563,-0.14297491312026978,-0.7611732482910156,-0.15495529770851135,-0.8685636818408966,-0.022117167711257935,-0.46036332845687866,0.01835682988166809,-0.6868180632591248,0.044921040534973145,-0.8340792059898376,0.06959772109985352,-0.9644181728363037,0.03171992301940918,-0.39169585704803467,0.014956027269363403,-0.4716295003890991,-0.026619255542755127,-0.3296571969985962,-0.04656597971916199,-0.23087483644485474,0.07110321521759033,-0.2897290587425232,0.03002062439918518,-0.30602937936782837,-0.01209375262260437,-0.21942132711410522,-0.03456151485443115,-0.15618211030960083,PEACE
0.0,0.0,-0.07196861505508423,-0.046249568462371826,-0.14478954672813416,-0.15958565473556519,-0.14864033460617065,-0.23201638460159302,-0.08366319537162781,-0.24766671657562256,-0.09322521090507507,-0.4498840570449829,-0.1265360414981842,-0.6321579813957214,-0.14935117959976196,-0.7476660013198853,-0.16503211855888367,-0.8519861698150635,-0.02765849232673645,-0.45027005672454834,0.003604024648666382,-0.6796209514141083,0.021514177322387695,-0.820779025554657,0.03951147198677063,-0.9425898790359497,0.025670021772384644,-0.3876056671142578,-0.0075841546058654785,-0.4734698534011841,-0.049231529235839844,-0.3367311954498291,-0.06484004855155945,-0.23643141984939575,0.061770617961883545,-0.293091356754303,0.002443969249725342,-0.3050331473350525,-0.03913533687591553,-0.21581584215164185,-0.055879175662994385,-0.14826911687850952,PEACE
0.0,0.0,-0.08072647452354431,-0.04484391212463379,-0.15220993757247925,-0.16065198183059692,-0.16030997037887573,-0.2412576675415039,-0.08965063095092773,-0.24140071868896484,-0.10160577297210693,-0.4472377300262451,-0.13558921217918396,-0.6226086616516113,-0.1596543788909912,-0.73602294921875,-0.17960691452026367,-0.8339399695396423,-0.03885713219642639,-0.445476233959198,-0.0029271841049194336,-0.668369323015213,0.01714080572128296,-0.8141219913959503,0.034918367862701416,-0.9376860857009888,0.011005282402038574,-0.3793971538543701,-0.015900641679763794,-0.4682581424713135,-0.05367109179496765,-0.32919877767562866,-0.0683053731918335,-0.23362433910369873,0.04593333601951599,-0.2826995849609375,-0.0036214888095855713,-0.31750327348709106,-0.041090160608291626,-0.22685128450393677,-0.05723962187767029,-0.15780580043792725,PEACE
0.0,0.0,-0.07578584551811218,-0.04034316539764404,-0.14447641372680664,-0.1529340147972107,-0.14903336763381958,-0.23549628257751465,-0.08041617274284363,-0.24133652448654175,-0.09644663333892822,-0.42692363262176514,-0.12816059589385986,-0.5960962772369385,-0.1502782702445984,-0.7029900550842285,-0.16820526123046875,-0.79437255859375,-0.036379456520080566,-0.4258742332458496,-0.010247886180877686,-0.6320059299468994,0.004328489303588867,-0.7622358798980713,0.019249677658081055,-0.8717078566551208,0.011354923248291016,-0.3649570941925049,-0.01479300856590271,-0.4579995274543762,-0.050485461950302124,-0.32462841272354126,-0.063626229763031,-0.23214107751846313,0.04573240876197815,-0.27485454082489014,-0.00252532958984375,-0.3096817135810852,-0.03538787364959717,-0.2233932614326477,-0.04695779085159302,-0.1573328971862793,PEACE
0.0,0.0,-0.07507318258285522,-0.037825822830200195,-0.13920515775680542,-0.1399344801902771,-0.1494596004486084,-0.22152018547058105,-0.08643215894699097,-0.2248218059539795,-0.094207763671875,-0.39753907918930054,-0.12461215257644653,-0.5575647950172424,-0.14594921469688416,-0.657227635383606,-0.16296684741973877,-0.7421311438083649,-0.037449002265930176,-0.3984484076499939,-0.014712929725646973,-0.5902795195579529,0.00010573863983154297,-0.7150764167308807,0.015470236539840698,-0.8202357292175293,0.007003903388977051,-0.3421652317047119,-0.018972814083099365,-0.43113985657691956,-0.05305197834968567,-0.3085756301879883,-0.06618130207061768,-0.2230316400527954,0.039597392082214355,-0.2584022283554077,-0.0037625133991241455,-0.30441218614578247,-0.03604191541671753,-0.22625243663787842,-0.0492805540561676,-0.16216742992401123,PEACE
0.0,0.0,-0.06886336207389832,-0.033097147941589355,-0.13061851263046265,-0.13119375705718994,-0.13384294509887695,-0.20965754985809326,-0.0711575448513031,-0.21920859813690186,-0.087595134973526,-0.3811483681201935,-0.11718231439590454,-0.5318636894226074,-0.13799075782299042,-0.6269241273403168,-0.15392443537712097,-0.7075550258159637,-0.03310635685920715,-0.37910181283950806,-0.010394424200057983,-0.5607093572616577,0.003146946430206299,-0.6789210438728333,0.017292052507400513,-0.7774907946586609,0.009430527687072754,-0.3247692584991455,-0.009516030550003052,-0.41120508313179016,-0.042263150215148926,-0.2942250967025757,-0.05635985732078552,-0.21060806512832642,0.0401211678981781,-0.2458152174949646,0.0012198090553283691,-0.2826078534126282,-0.028458863496780396,-0.2054315209388733,-0.04060068726539612,-0.1436031460762024,PEACE
0.0,0.0,-0.06443217396736145,-0.03800368309020996,-0.11983183026313782,-0.1297701597213745,-0.11304274201393127,-0.1900162696838379,-0.05354338884353638,-0.19972753524780273,-0.07642778754234314,-0.35346028208732605,-0.09933009743690491,-0.49268075823783875,-0.11697503924369812,-0.5804391503334045,-0.13106980919837952,-0.6575934886932373,-0.025656938552856445,-0.35063302516937256,-0.0006915926933288574,-0.5202990770339966,0.01377519965171814,-0.6266132593154907,0.028300762176513672,-0.7186373770236969,0.014197707176208496,-0.29900968074798584,0.002672433853149414,-0.3767714500427246,-0.02764609456062317,-0.2694486975669861,-0.0414031445980072,-0.19387775659561157,0.04376929998397827,-0.2237614393234253,0.01606866717338562,-0.2608218789100647,-0.01181456446647644,-0.19364744424819946,-0.024686574935913086,-0.14068520069122314,PEACE
0.0,0.0,-0.05767631530761719,-0.039141297340393066,-0.10543695092201233,-0.1316511631011963,-0.09172573685646057,-0.18473106622695923,-0.03998616337776184,-0.19478100538253784,-0.0684678852558136,-0.3306253254413605,-0.08930373191833496,-0.4589030146598816,-0.10365742444992065,-0.5401724874973297,-0.1143597960472107,-0.6140104830265045,-0.020643025636672974,-0.3291264474391937,0.003765016794204712,-0.48269912600517273,0.019100576639175415,-0.5817935764789581,0.03360053896903992,-0.6682467758655548,0.017083019018173218,-0.28424692153930664,0.007941395044326782,-0.3519318997859955,-0.022514373064041138,-0.25885969400405884,-0.0374026894569397,-0.19105923175811768,0.04473564028739929,-0.21865803003311157,0.01990950107574463,-0.2475319504737854,-0.00589945912361145,-0.18792730569839478,-0.01697412133216858,-0.14067202806472778,PEACE
0.0,0.0,-0.05326148867607117,-0.0415802001953125,-0.09602609276771545,-0.13491827249526978,-0.07702574133872986,-0.1867973804473877,-0.029749035835266113,-0.19647586345672607,-0.05873936414718628,-0.3163914680480957,-0.07820305228233337,-0.43623867630958557,-0.09035900235176086,-0.5123102068901062,-0.09909453988075256,-0.581956297159195,-0.014250308275222778,-0.31425967812538147,0.0090179443359375,-0.4612926244735718,0.0235709547996521,-0.5530003905296326,0.03802090883255005,-0.6352129876613617,0.021411925554275513,-0.27022844552993774,0.01324772834777832,-0.33950769901275635,-0.015222668647766113,-0.25196194648742676,-0.028035134077072144,-0.18837964534759521,0.04881983995437622,-0.20522761344909668,0.027898728847503662,-0.2434409260749817,0.0018148422241210938,-0.18684279918670654,-0.009834647178649902,-0.14023840427398682,PEACE
0.0,0.0,-0.04952743649482727,-0.04776638746261597,-0.08682474493980408,-0.13892918825149536,-0.06814989447593689,-0.18328744173049927,-0.02275148034095764,-0.1861433982849121,-0.050172775983810425,-0.2939717471599579,-0.06854507327079773,-0.40520936250686646,-0.07904946804046631,-0.47462356090545654,-0.08623939752578735,-0.5379191935062408,-0.009359538555145264,-0.2909575402736664,0.013984590768814087,-0.42743414640426636,0.026570051908493042,-0.5102859139442444,0.03876441717147827,-0.5833504498004913,0.022640377283096313,-0.2504069209098816,0.014363199472427368,-0.3161848485469818,-0.012993156909942627,-0.2368653416633606,-0.024486660957336426,-0.17901909351348877,0.046171873807907104,-0.1911153793334961,0.026032298803329468,-0.22758948802947998,0.0026040375232696533,-0.17876577377319336,-0.006142526865005493,-0.13838118314743042,PEACE
0.0,0.0,-0.04588735103607178,-0.04533284902572632,-0.07891151309013367,-0.1323791742324829,-0.05739876627922058,-0.17640453577041626,-0.01247560977935791,-0.17945194244384766,-0.04714563488960266,-0.27951499819755554,-0.06227177381515503,-0.383470743894577,-0.07130444049835205,-0.44946902990341187,-0.07801815867424011,-0.5105074644088745,-0.008425325155258179,-0.2770375907421112,0.013539642095565796,-0.40416669845581055,0.025310635566711426,-0.4809035062789917,0.03648042678833008,-0.550226628780365,0.02207130193710327,-0.23994183540344238,0.016644775867462158,-0.3014567494392395,-0.007458359003067017,-0.23086994886398315,-0.017976701259613037,-0.17823296785354614,0.045551300048828125,-0.18614524602890015,0.026245921850204468,-0.21413147449493408,0.006232321262359619,-0.16825485229492188,-0.0005924701690673828,-0.13179081678390503,PEACE
0.0,0.0,-0.04335439205169678,-0.046814799308776855,-0.07329007983207703,-0.1342906355857849,-0.048083871603012085,-0.17831414937973022,-0.003504425287246704,-0.18348205089569092,-0.04063546657562256,-0.27786487340927124,-0.05597004294395447,-0.3783525824546814,-0.06508335471153259,-0.44385719299316406,-0.07128208875656128,-0.5043191313743591,-0.0032244622707366943,-0.2757435441017151,0.018789827823638916,-0.3981330692768097,0.031983524560928345,-0.47272005677223206,0.04514092206954956,-0.5387925803661346,0.025918245315551758,-0.2386237382888794,0.024472206830978394,-0.2996481657028198,0.0028105080127716064,-0.2313503623008728,-0.006250470876693726,-0.17868894338607788,0.04865163564682007,-0.1838449239730835,0.03488844633102417,-0.2187754511833191,0.015657097101211548,-0.17062366008758545,0.008327782154083252,-0.1289082169532776,PEACE
0.0,0.0,-0.040000736713409424,-0.05054134130477905,-0.0655883252620697,-0.13417822122573853,-0.037209004163742065,-0.17036086320877075,0.004618138074874878,-0.16899287700653076,-0.028827279806137085,-0.2667601704597473,-0.03992179036140442,-0.3651838004589081,-0.045588135719299316,-0.42878103256225586,-0.049565672874450684,-0.48574304580688477,0.007616132497787476,-0.2620231509208679,0.030547738075256348,-0.38057783246040344,0.043128401041030884,-0.4503527879714966,0.05536273121833801,-0.5121018290519714,0.03475716710090637,-0.22375869750976562,0.03286769986152649,-0.2723121643066406,0.008609592914581299,-0.21043705940246582,-0.002683967351913452,-0.16613233089447021,0.05429831147193909,-0.1672767996788025,0.04242125153541565,-0.19221025705337524,0.020535171031951904,-0.15492510795593262,0.009468019008636475,-0.12490230798721313,PEACE
0.0,0.0,-0.041410982608795166,-0.05463552474975586,-0.06429851055145264,-0.14243543148040771,-0.036046624183654785,-0.1789100170135498,0.0075792670249938965,-0.17702865600585938,-0.021569520235061646,-0.2819555401802063,-0.02661612629890442,-0.3865213990211487,-0.02992546558380127,-0.4528258144855499,-0.03178000450134277,-0.5127822160720825,0.01573646068572998,-0.2714870274066925,0.04511469602584839,-0.3854716718196869,0.06299769878387451,-0.4568186402320862,0.08071446418762207,-0.520656019449234,0.04201263189315796,-0.22846275568008423,0.04730910062789917,-0.2872067093849182,0.017890334129333496,-0.22236114740371704,0.002772122621536255,-0.17121398448944092,0.0602262020111084,-0.16952663660049438,0.04808676242828369,-0.19509166479110718,0.025814950466156006,-0.15890717506408691,0.016487061977386475,-0.12697994709014893,PEACE
0.0,0.0,-0.041571587324142456,-0.05432051420211792,-0.06952828168869019,-0.14399230480194092,-0.05329594016075134,-0.1915101408958435,-0.011668533086776733,-0.1909717321395874,-0.012618809938430786,-0.294522762298584,-0.015541940927505493,-0.39763763546943665,-0.017849236726760864,-0.46375638246536255,-0.018419086933135986,-0.5221396684646606,0.02413541078567505,-0.27725768089294434,0.058969736099243164,-0.39208921790122986,0.0792076587677002,-0.46463704109191895,0.09733772277832031,-0.5274701714515686,0.04919689893722534,-0.22925841808319092,0.04113459587097168,-0.2906484305858612,0.006773591041564941,-0.23216909170150757,-0.011453956365585327,-0.18435150384902954,0.06434506177902222,-0.16725647449493408,0.03920316696166992,-0.20684367418289185,0.010003626346588135,-0.16848361492156982,-0.004825204610824585,-0.13175618648529053,PEACE
0.0,0.0,-0.04254451394081116,-0.05355626344680786,-0.07194957137107849,-0.13521987199783325,-0.06814295053482056,-0.19104284048080444,-0.03503793478012085,-0.1951366662979126,-0.015718847513198853,-0.2931797504425049,-0.019509077072143555,-0.4003885090351105,-0.02275368571281433,-0.46774399280548096,-0.022974371910095215,-0.5276602506637573,0.02195638418197632,-0.2773079574108124,0.05407208204269409,-0.39982378482818604,0.07349592447280884,-0.4770210385322571,0.09121227264404297,-0.5420129299163818,0.04852777719497681,-0.23049861192703247,0.03226673603057861,-0.29916617274284363,-0.005724847316741943,-0.24556738138198853,-0.026547253131866455,-0.19738036394119263,0.06339073181152344,-0.16978031396865845,0.0318722128868103,-0.2174447774887085,-1.329183578491211e-05,-0.18298065662384033,-0.017265647649765015,-0.1465427279472351,PEACE
0.0,0.0,-0.04818236827850342,-0.06259298324584961,-0.0743412971496582,-0.14347296953201294,-0.0852307379245758,-0.19610559940338135,-0.07453754544258118,-0.21479028463363647,-0.02100759744644165,-0.29435768723487854,-0.03227987885475159,-0.4050052762031555,-0.03856325149536133,-0.47395169734954834,-0.04054120182991028,-0.5338159799575806,0.015706956386566162,-0.28141263127326965,0.03597152233123779,-0.40943169593811035,0.05141693353652954,-0.4943374991416931,0.0662461519241333,-0.5635179281234741,0.03976309299468994,-0.23950952291488647,0.0009601116180419922,-0.3127240538597107,-0.034809619188308716,-0.25735560059547424,-0.049612730741500854,-0.2072175145149231,0.04867994785308838,-0.18356668949127197,-0.000574946403503418,-0.22481286525726318,-0.0332283079624176,-0.19317662715911865,-0.04819372296333313,-0.16026663780212402,PEACE
0.0,0.0,-0.05656534433364868,-0.07413536310195923,-0.0779687762260437,-0.15049993991851807,-0.09091627597808838,-0.19839125871658325,-0.0929519534111023,-0.24112999439239502,-0.02295893430709839,-0.2933448255062103,-0.03553211688995361,-0.4079115390777588,-0.04126858711242676,-0.4808076024055481,-0.04325169324874878,-0.5427842736244202,0.01121288537979126,-0.2768302857875824,0.029225468635559082,-0.4121454358100891,0.04227250814437866,-0.5013474225997925,0.055181920528411865,-0.5773870348930359,0.030440449714660645,-0.23578912019729614,-0.012511789798736572,-0.31989768147468567,-0.04857751727104187,-0.2625262141227722,-0.0626828670501709,-0.21375155448913574,0.034107506275177,-0.1821972131729126,-0.018343687057495117,-0.23144853115081787,-0.049384236335754395,-0.20141762495040894,-0.06206580996513367,-0.1682436466217041,PEACE
0.0,0.0,-0.05934661626815796,-0.07830756902694702,-0.08218294382095337,-0.15685898065567017,-0.09688293933868408,-0.20608395338058472,-0.09703224897384644,-0.2478851079940796,-0.02113717794418335,-0.3013872504234314,-0.03529465198516846,-0.41398102045059204,-0.042330920696258545,-0.48868054151535034,-0.045854389667510986,-0.5500220656394958,0.010473310947418213,-0.28039926290512085,0.020197391510009766,-0.41473251581192017,0.03186732530593872,-0.5076816082000732,0.04457741975784302,-0.5826724767684937,0.026669979095458984,-0.2359268069267273,-0.025389760732650757,-0.31685829162597656,-0.06131824851036072,-0.2611161470413208,-0.0742192268371582,-0.21395552158355713,0.02540111541748047,-0.1797451376914978,-0.033989012241363525,-0.22933918237686157,-0.06470561027526855,-0.20044440031051636,-0.07630369067192078,-0.16756963729858398,PEACE
0.0,0.0,-0.057241231203079224,-0.07828259468078613,-0.07955437898635864,-0.1580248475074768,-0.09404546022415161,-0.2062435746192932,-0.09584006667137146,-0.24874770641326904,-0.014887452125549316,-0.2954025864601135,-0.028615742921829224,-0.41019654273986816,-0.035471975803375244,-0.48520174622535706,-0.038631319999694824,-0.5472955107688904,0.016031324863433838,-0.27231699228286743,0.023119032382965088,-0.4079652428627014,0.03261446952819824,-0.4988326132297516,0.04371517896652222,-0.5715391933917999,0.029062986373901367,-0.22623640298843384,-0.029942452907562256,-0.31039154529571533,-0.06684601306915283,-0.25741833448410034,-0.07915729284286499,-0.21214985847473145,0.022769153118133545,-0.16936469078063965,-0.04214632511138916,-0.2183372974395752,-0.07197985053062439,-0.1927977204322815,-0.08198782801628113,-0.16478484869003296,PEACE
0.0,0.0,-0.05949610471725464,-0.0818641185760498,-0.08151039481163025,-0.15932625532150269,-0.09791991114616394,-0.20637738704681396,-0.1003769040107727,-0.24961447715759277,-0.021062910556793213,-0.29995501041412354,-0.03450492024421692,-0.41632094979286194,-0.040754467248916626,-0.4911136031150818,-0.04433533549308777,-0.5528272688388824,0.010482490062713623,-0.2754508852958679,0.02072739601135254,-0.410331130027771,0.03353399038314819,-0.50163134932518,0.046557605266571045,-0.5768972933292389,0.024828553199768066,-0.22776693105697632,-0.03000032901763916,-0.31634461879730225,-0.06592229008674622,-0.25956273078918457,-0.07900267839431763,-0.21420133113861084,0.021523118019104004,-0.16923606395721436,-0.039608150720596313,-0.2214762568473816,-0.07136321067810059,-0.19820141792297363,-0.0845036506652832,-0.1712256669998169,PEACE
0.0,0.0,-0.05021822452545166,-0.06939828395843506,-0.07588812708854675,-0.1428702473640442,-0.08898594975471497,-0.18460804224014282,-0.0873553454875946,-0.22184711694717407,-0.02291610836982727,-0.2943720817565918,-0.03446120023727417,-0.4126059412956238,-0.04073813557624817,-0.48692214488983154,-0.04314899444580078,-0.5502568185329437,0.014447331428527832,-0.2777828872203827,0.034326016902923584,-0.40643709897994995,0.048759281635284424,-0.4945717453956604,0.06140303611755371,-0.5684522092342377,0.03718757629394531,-0.23454540967941284,-0.006137490272521973,-0.3035677969455719,-0.04060685634613037,-0.25619107484817505,-0.05587351322174072,-0.21060019731521606,0.04262232780456543,-0.17718011140823364,-0.010474979877471924,-0.21450358629226685,-0.045414477586746216,-0.1960873007774353,-0.06420320272445679,-0.17392492294311523,PEACE
0.0,0.0,-0.04696527123451233,-0.043821096420288086,-0.07994422316551208,-0.1264985203742981,-0.07890409231185913,-0.18760913610458374,-0.04085323214530945,-0.19511455297470093,-0.03228759765625,-0.29607564210891724,-0.03684711456298828,-0.4068004786968231,-0.038974225521087646,-0.4781826138496399,-0.037892669439315796,-0.5407046377658844,0.004685640335083008,-0.2881162464618683,0.025908470153808594,-0.4227973222732544,0.04045283794403076,-0.5085268020629883,0.05535954236984253,-0.5814244449138641,0.03380328416824341,-0.2460113763809204,0.017145216464996338,-0.3146597743034363,-0.013736724853515625,-0.24445217847824097,-0.027369946241378784,-0.18878012895584106,0.053247809410095215,-0.18762773275375366,0.02052009105682373,-0.22689217329025269,-0.006041288375854492,-0.1786351203918457,-0.01606762409210205,-0.13555753231048584,PEACE
0.0,0.0,-0.0490359365940094,-0.04199635982513428,-0.08321622014045715,-0.12962698936462402,-0.06864562630653381,-0.18430745601654053,-0.021574050188064575,-0.18704664707183838,-0.03790062665939331,-0.29402390122413635,-0.04062959551811218,-0.4024653434753418,-0.03952568769454956,-0.473332941532135,-0.03598788380622864,-0.5351283550262451,-0.0005627870559692383,-0.2867351472377777,0.016602516174316406,-0.4227541387081146,0.028624653816223145,-0.5084520876407623,0.04185861349105835,-0.5832151174545288,0.029375314712524414,-0.24529409408569336,0.019380569458007812,-0.31582361459732056,-0.008493304252624512,-0.23649495840072632,-0.020472943782806396,-0.17533153295516968,0.05119591951370239,-0.18672573566436768,0.024779200553894043,-0.22334933280944824,-0.0001366138458251953,-0.16971594095230103,-0.009775042533874512,-0.12397611141204834,PEACE
0.0,0.0,-0.04675114154815674,-0.04496455192565918,-0.07322344183921814,-0.13345587253570557,-0.04151201248168945,-0.1819465160369873,0.0055127739906311035,-0.1976628303527832,-0.043729424476623535,-0.28861361742019653,-0.042943984270095825,-0.3988229036331177,-0.03873291611671448,-0.47150087356567383,-0.033870965242385864,-0.5349061787128448,-0.005092620849609375,-0.28915703296661377,0.007876753807067871,-0.4245659410953522,0.01676231622695923,-0.5085308253765106,0.02627694606781006,-0.5842440128326416,0.02652841806411743,-0.2540915608406067,0.029709696769714355,-0.32363635301589966,0.006728053092956543,-0.24757379293441772,-0.005975663661956787,-0.1906147599220276,0.05234760046005249,-0.19844675064086914,0.03975647687911987,-0.22436177730560303,0.01850515604019165,-0.1732395887374878,0.007577776908874512,-0.1345970630645752,PEACE
0.0,0.0,-0.04822647571563721,-0.03761851787567139,-0.06954070925712585,-0.12624573707580566,-0.028722822666168213,-0.1862916350364685,0.01884979009628296,-0.21276074647903442,-0.055450648069381714,-0.2816920280456543,-0.05569443106651306,-0.3916076421737671,-0.05274003744125366,-0.46508610248565674,-0.048160821199417114,-0.5274314880371094,-0.01699119806289673,-0.2916336953639984,-0.011721014976501465,-0.4247371554374695,-0.005233168601989746,-0.5073207318782806,0.002188384532928467,-0.5816880166530609,0.014818072319030762,-0.26495879888534546,0.02599799633026123,-0.32852718234062195,0.007954299449920654,-0.2518320083618164,-0.005701184272766113,-0.19741135835647583,0.04273635149002075,-0.21782439947128296,0.04288196563720703,-0.24151325225830078,0.025258958339691162,-0.18895673751831055,0.011528193950653076,-0.1522873044013977,PEACE
0.0,0.0,-0.04714915156364441,-0.04001230001449585,-0.06622231006622314,-0.13137823343276978,-0.024619698524475098,-0.18727236986160278,0.022855401039123535,-0.20911633968353271,-0.05437690019607544,-0.2838512659072876,-0.05240809917449951,-0.39484989643096924,-0.048190027475357056,-0.4682079553604126,-0.042405396699905396,-0.5304091274738312,-0.01644521951675415,-0.2932453155517578,-0.011336803436279297,-0.42728710174560547,-0.004906654357910156,-0.510349452495575,0.0025013089179992676,-0.5853024125099182,0.015878260135650635,-0.2671457529067993,0.02935004234313965,-0.33694812655448914,0.011131525039672852,-0.2624526619911194,-0.0037509799003601074,-0.20752400159835815,0.0444912314414978,-0.22028565406799316,0.045335590839385986,-0.23978263139724731,0.02783203125,-0.18641364574432373,0.013846099376678467,-0.14945805072784424,PEACE
0.0,0.0,-0.04611867666244507,-0.03571218252182007,-0.06365987658500671,-0.12165844440460205,-0.019320011138916016,-0.17720568180084229,0.027501046657562256,-0.20476645231246948,-0.057220786809921265,-0.2763761878013611,-0.058645933866500854,-0.3894054889678955,-0.057600557804107666,-0.463348925113678,-0.055145710706710815,-0.5256132185459137,-0.01848846673965454,-0.28925564885139465,-0.01455157995223999,-0.421436607837677,-0.009511351585388184,-0.5054205060005188,-0.003594040870666504,-0.5801239907741547,0.014072597026824951,-0.26443904638290405,0.026192784309387207,-0.3343387246131897,0.010598361492156982,-0.2550901770591736,-0.0024022459983825684,-0.19806981086730957,0.0430302619934082,-0.2192603349685669,0.04426932334899902,-0.2442283034324646,0.029420018196105957,-0.18894243240356445,0.01687568426132202,-0.1501981019973755,PEACE
0.0,0.0,-0.04616260528564453,-0.03801250457763672,-0.06495791673660278,-0.12695372104644775,-0.019244134426116943,-0.17836612462997437,0.029198884963989258,-0.20154023170471191,-0.051341354846954346,-0.28118711709976196,-0.052992552518844604,-0.3927808701992035,-0.052396535873413086,-0.4659784734249115,-0.050377607345581055,-0.5282855927944183,-0.012744665145874023,-0.29054728150367737,-0.007205009460449219,-0.42314767837524414,-0.0011894702911376953,-0.5058146417140961,0.005902111530303955,-0.5810573399066925,0.018755793571472168,-0.26275956630706787,0.03445696830749512,-0.3345869481563568,0.016076624393463135,-0.256192147731781,0.0012254118919372559,-0.1994374394416809,0.046144306659698486,-0.21460241079330444,0.048200249671936035,-0.23860478401184082,0.03035414218902588,-0.18364346027374268,0.015500187873840332,-0.14556992053985596,PEACE
0.0,0.0,-0.047454506158828735,-0.04903578758239746,-0.07285356521606445,-0.13885337114334106,-0.03778734803199768,-0.17755377292633057,0.009178638458251953,-0.18655633926391602,-0.04065975546836853,-0.2895008325576782,-0.03956979513168335,-0.3966037631034851,-0.03717717528343201,-0.46791166067123413,-0.033976733684539795,-0.5297479331493378,-0.0008088350296020508,-0.28942298889160156,0.01471102237701416,-0.419048011302948,0.026329994201660156,-0.4999520778656006,0.038495421409606934,-0.5725057125091553,0.030718564987182617,-0.2532362937927246,0.039869487285614014,-0.3135400414466858,0.016769051551818848,-0.24610298871994019,0.002356886863708496,-0.19442695379257202,0.05577641725540161,-0.19699430465698242,0.045419275760650635,-0.20752954483032227,0.02255791425704956,-0.16385787725448608,0.008368492126464844,-0.1323038935661316,PEACE
0.0,0.0,-0.045836180448532104,-0.051637232303619385,-0.07877767086029053,-0.14324289560317993,-0.05906215310096741,-0.18596100807189941,-0.010802686214447021,-0.18738210201263428,-0.025739401578903198,-0.2995931804180145,-0.02276819944381714,-0.4037962555885315,-0.02034282684326172,-0.471926212310791,-0.016553163528442383,-0.5320315659046173,0.011759936809539795,-0.2885952293872833,0.036419808864593506,-0.41612619161605835,0.05083441734313965,-0.49597910046577454,0.06496113538742065,-0.5669892430305481,0.04085743427276611,-0.24442839622497559,0.03292053937911987,-0.3070085942745209,0.0014967918395996094,-0.23514699935913086,-0.014161109924316406,-0.17847084999084473,0.061037302017211914,-0.1828383207321167,0.035266757011413574,-0.21552753448486328,0.0076277852058410645,-0.16831737756729126,-0.00509113073348999,-0.12699800729751587,PEACE
0.0,0.0,-0.04702877998352051,-0.05607867240905762,-0.08077278733253479,-0.14862477779388428,-0.07028704881668091,-0.19831448793411255,-0.023471087217330933,-0.18954890966415405,-0.021678447723388672,-0.30020031332969666,-0.021818459033966064,-0.4038996994495392,-0.022327780723571777,-0.4724113941192627,-0.02063596248626709,-0.5308065712451935,0.014537155628204346,-0.28705307841300964,0.03556406497955322,-0.4149228632450104,0.04485023021697998,-0.49662846326828003,0.05414313077926636,-0.5674536526203156,0.04276686906814575,-0.24430370330810547,0.02400153875350952,-0.30535298585891724,-0.00835561752319336,-0.24014145135879517,-0.0240556001663208,-0.18622690439224243,0.06144750118255615,-0.1869281530380249,0.027854621410369873,-0.2224676012992859,0.0004976391792297363,-0.17542588710784912,-0.011078059673309326,-0.132179856300354,PEACE
0.0,0.0,-0.04473567008972168,-0.06805109977722168,-0.07249394059181213,-0.16237026453018188,-0.06550619006156921,-0.2109472155570984,-0.030893027782440186,-0.20262151956558228,-0.012770593166351318,-0.28912848234176636,-0.01596236228942871,-0.40007609128952026,-0.01868194341659546,-0.4729309678077698,-0.020668089389801025,-0.5323608815670013,0.02569270133972168,-0.27880775928497314,0.031103849411010742,-0.40463995933532715,0.025171935558319092,-0.4864709973335266,0.017445862293243408,-0.5542436838150024,0.05493426322937012,-0.2421407699584961,0.004897654056549072,-0.29045283794403076,-0.01741260290145874,-0.21810954809188843,-0.021826207637786865,-0.16327053308486938,0.07124710083007812,-0.18972599506378174,0.016101300716400146,-0.2116832137107849,-0.007148087024688721,-0.16016918420791626,-0.011039257049560547,-0.11881488561630249,PEACE
0.0,0.0,-0.049355924129486084,-0.07875412702560425,-0.0752447247505188,-0.15868854522705078,-0.07026246190071106,-0.2073572278022766,-0.039175212383270264,-0.20863187313079834,-0.013921082019805908,-0.2972659766674042,-0.024564296007156372,-0.3979966938495636,-0.028435230255126953,-0.4672943651676178,-0.029395759105682373,-0.525543212890625,0.023086488246917725,-0.2828696370124817,0.013530611991882324,-0.4051833152770996,0.0030478239059448242,-0.49148380756378174,-0.004516124725341797,-0.5612263679504395,0.04893463850021362,-0.24262624979019165,-0.011755228042602539,-0.28868162631988525,-0.029480934143066406,-0.2180931568145752,-0.026051074266433716,-0.17243832349777222,0.062337398529052734,-0.18863534927368164,-0.0012376904487609863,-0.20865881443023682,-0.018317759037017822,-0.15959489345550537,-0.014279603958129883,-0.1248437762260437,PEACE
0.0,0.0,-0.05109208822250366,-0.08613348007202148,-0.07776951789855957,-0.1554398536682129,-0.08655598759651184,-0.20295363664627075,-0.06508705019950867,-0.2009461522102356,-0.020443618297576904,-0.3038466274738312,-0.03179094195365906,-0.3982798755168915,-0.03393778204917908,-0.4672936797142029,-0.03391331434249878,-0.5234339833259583,0.013361990451812744,-0.2881940007209778,0.0036299824714660645,-0.40679222345352173,-0.003614664077758789,-0.49738284945487976,-0.006745636463165283,-0.5702219009399414,0.03568381071090698,-0.24683082103729248,-0.02398782968521118,-0.29470565915107727,-0.03872084617614746,-0.22549426555633545,-0.03297284245491028,-0.1848546862602234,0.04684823751449585,-0.19131219387054443,-0.017485857009887695,-0.2120649814605713,-0.03294607996940613,-0.16401350498199463,-0.028298139572143555,-0.13084053993225098,PEACE
0.0,0.0,-0.05199071764945984,-0.08757227659225464,-0.07151222229003906,-0.16085058450698853,-0.08456361293792725,-0.20438700914382935,-0.08144634962081909,-0.23896610736846924,-0.005441427230834961,-0.30263468623161316,-0.021992623805999756,-0.3990970253944397,-0.026893287897109985,-0.4712672531604767,-0.028093993663787842,-0.5301942527294159,0.024939417839050293,-0.2879343032836914,0.00867617130279541,-0.411563903093338,-0.0012198090553283691,-0.49854159355163574,-0.004813969135284424,-0.5737140476703644,0.04106265306472778,-0.2494921088218689,-0.03391250967979431,-0.2989236116409302,-0.04816240072250366,-0.23342108726501465,-0.038550615310668945,-0.19820636510849,0.04026371240615845,-0.195013165473938,-0.03631463646888733,-0.2185801863670349,-0.046468526124954224,-0.1686801314353943,-0.034046947956085205,-0.13922607898712158,PEACE
0.0,0.0,-0.04518306255340576,-0.10074317455291748,-0.06380194425582886,-0.16604870557785034,-0.08151882886886597,-0.2141956090927124,-0.08593311905860901,-0.24913597106933594,0.003300786018371582,-0.2921529710292816,-0.007388651371002197,-0.39848804473876953,-0.011424422264099121,-0.4802979826927185,-0.013704419136047363,-0.5401591956615448,0.022983789443969727,-0.26452165842056274,0.007144749164581299,-0.3960801362991333,-0.008407831192016602,-0.48685237765312195,-0.015998125076293945,-0.5564380884170532,0.025000572204589844,-0.22287487983703613,-0.044930100440979004,-0.29603028297424316,-0.05880531668663025,-0.22310632467269897,-0.04612991213798523,-0.18884479999542236,0.017121076583862305,-0.17672383785247803,-0.05385419726371765,-0.21417587995529175,-0.0621393620967865,-0.15922802686691284,-0.04968059062957764,-0.1313462257385254,PEACE
0.0,0.0,-0.05302223563194275,-0.09697163105010986,-0.06900987029075623,-0.16147714853286743,-0.08424919843673706,-0.208612322807312,-0.08847662806510925,-0.2569248676300049,0.0016050934791564941,-0.2976493537425995,-0.018380582332611084,-0.39950257539749146,-0.024450868368148804,-0.47388386726379395,-0.02803260087966919,-0.5318747162818909,0.026089251041412354,-0.2770735025405884,0.005560517311096191,-0.4104183316230774,-0.007064461708068848,-0.5024204552173615,-0.011962532997131348,-0.5750081539154053,0.03172415494918823,-0.2375515103340149,-0.04341435432434082,-0.30657681822776794,-0.05885842442512512,-0.23898667097091675,-0.049416959285736084,-0.2037583589553833,0.023029208183288574,-0.18727225065231323,-0.05177837610244751,-0.22548115253448486,-0.06297227740287781,-0.17585229873657227,-0.05218005180358887,-0.1466207504272461,PEACE
0.0,0.0,-0.045288801193237305,-0.07494878768920898,-0.06937924027442932,-0.15503454208374023,-0.0786314308643341,-0.201513409614563,-0.059652626514434814,-0.21795642375946045,-0.012230277061462402,-0.29613959789276123,-0.02257665991783142,-0.39763355255126953,-0.028158128261566162,-0.4676816463470459,-0.029562830924987793,-0.5256350934505463,0.02277052402496338,-0.2843785881996155,0.014651060104370117,-0.41236308217048645,0.012136280536651611,-0.4997042715549469,0.01328277587890625,-0.5731569826602936,0.04703330993652344,-0.2473791241645813,-0.013772428035736084,-0.3027805984020233,-0.03146013617515564,-0.23830527067184448,-0.029114723205566406,-0.1914377212524414,0.05529332160949707,-0.19571983814239502,-0.012035071849822998,-0.22124922275543213,-0.031714946031570435,-0.17453956604003906,-0.031391531229019165,-0.13743078708648682,PEACE
0.0,0.0,-0.04245710372924805,-0.06514674425125122,-0.07399481534957886,-0.15777742862701416,-0.06619065999984741,-0.20424509048461914,-0.030970513820648193,-0.19248849153518677,-0.02435973286628723,-0.2909775972366333,-0.03432479500770569,-0.39528465270996094,-0.04087218642234802,-0.46071842312812805,-0.043367236852645874,-0.5166127383708954,0.013571560382843018,-0.28618043661117554,0.017053425312042236,-0.41483747959136963,0.018906831741333008,-0.4981503188610077,0.024050593376159668,-0.5704586207866669,0.044841229915618896,-0.2498369812965393,0.002281010150909424,-0.2938684821128845,-0.021026551723480225,-0.2284153699874878,-0.0249117910861969,-0.18017816543579102,0.06614553928375244,-0.1961965560913086,0.014749586582183838,-0.21737545728683472,-0.008313894271850586,-0.17401957511901855,-0.011231601238250732,-0.1384117603302002,PEACE
0.0,0.0,-0.042017191648483276,-0.06132221221923828,-0.07095599174499512,-0.16229248046875,-0.044344156980514526,-0.20357507467269897,0.0021767020225524902,-0.1906794309616089,-0.025952845811843872,-0.291350781917572,-0.03749164938926697,-0.39584147930145264,-0.04430556297302246,-0.4626566171646118,-0.046221256256103516,-0.520789235830307,0.011450648307800293,-0.28808730840682983,0.018899738788604736,-0.41661566495895386,0.023718833923339844,-0.5017426609992981,0.03376287221908569,-0.5760309994220734,0.043052613735198975,-0.25156915187835693,0.019364118576049805,-0.2975282669067383,-0.007169663906097412,-0.24172288179397583,-0.015430152416229248,-0.19876742362976074,0.06682199239730835,-0.19895410537719727,0.02858448028564453,-0.2162286639213562,0.003204643726348877,-0.17211294174194336,-0.0035564303398132324,-0.1339055895805359,PEACE
0.0,0.0,-0.044739097356796265,-0.05887889862060547,-0.06819209456443787,-0.15892183780670166,-0.030526667833328247,-0.19831424951553345,0.017140090465545654,-0.1945602297782898,-0.03414958715438843,-0.2879669666290283,-0.04612979292869568,-0.39348113536834717,-0.053840309381484985,-0.4626311957836151,-0.05889204144477844,-0.5207533538341522,0.005345761775970459,-0.2862175703048706,0.01768416166305542,-0.4177097678184509,0.023880064487457275,-0.5021137595176697,0.0324668288230896,-0.575789213180542,0.038093507289886475,-0.24825429916381836,0.02881169319152832,-0.2984326481819153,0.005545079708099365,-0.2322225570678711,-0.003877580165863037,-0.1855979561805725,0.0642426609992981,-0.19144636392593384,0.04195761680603027,-0.21744060516357422,0.017727553844451904,-0.17395353317260742,0.007620036602020264,-0.14118987321853638,PEACE
0.0,0.0,-0.0461004376411438,-0.04991436004638672,-0.06392762064933777,-0.1439329981803894,-0.0197904109954834,-0.19526982307434082,0.027579069137573242,-0.21338802576065063,-0.04976049065589905,-0.2817424535751343,-0.0631670355796814,-0.3895091712474823,-0.07160991430282593,-0.46022433042526245,-0.07790923118591309,-0.5191813111305237,-0.010753512382507324,-0.28697651624679565,-0.0026980042457580566,-0.4184420108795166,0.0033412575721740723,-0.5016110241413116,0.010542869567871094,-0.5736750066280365,0.021240234375,-0.2547815442085266,0.02784782648086548,-0.30942124128341675,0.010088622570037842,-0.23943591117858887,-0.00034683942794799805,-0.1912243366241455,0.04812359809875488,-0.20434165000915527,0.04217839241027832,-0.2281806468963623,0.023069560527801514,-0.17992079257965088,0.011849820613861084,-0.14629459381103516,PEACE
0.0,0.0,-0.046933114528656006,-0.049090564250946045,-0.061308592557907104,-0.13839519023895264,-0.014191031455993652,-0.18904411792755127,0.03339415788650513,-0.21460145711898804,-0.052975088357925415,-0.2843538522720337,-0.06681162118911743,-0.38938426971435547,-0.07614010572433472,-0.4600785970687866,-0.08254405856132507,-0.5194968283176422,-0.014603257179260254,-0.29008281230926514,-0.0077588558197021484,-0.42103564739227295,-0.0020927786827087402,-0.5053108930587769,0.004985153675079346,-0.5760790109634399,0.01738029718399048,-0.25785017013549805,0.02490776777267456,-0.30981355905532837,0.008089840412139893,-0.237870991230011,-0.0019182562828063965,-0.189910888671875,0.044586181640625,-0.21162545680999756,0.04045438766479492,-0.2293514609336853,0.021355509757995605,-0.1758655309677124,0.009492993354797363,-0.1422865390777588,PEACE
0.0,0.0,-0.045966267585754395,-0.047461628913879395,-0.062281250953674316,-0.14094620943069458,-0.01551276445388794,-0.1948520541191101,0.03196287155151367,-0.2176012396812439,-0.051390647888183594,-0.2832745313644409,-0.06449443101882935,-0.38993126153945923,-0.0731557309627533,-0.46090710163116455,-0.07959479093551636,-0.5205172896385193,-0.012419581413269043,-0.290131151676178,-0.004852294921875,-0.42189961671829224,0.0014662742614746094,-0.5063455104827881,0.009079217910766602,-0.578708827495575,0.019949495792388916,-0.25828874111175537,0.02655959129333496,-0.31197166442871094,0.00899273157119751,-0.23904800415039062,-0.001444995403289795,-0.18966692686080933,0.047290921211242676,-0.2086659073829651,0.04128611087799072,-0.22945678234100342,0.022365570068359375,-0.17777776718139648,0.010937213897705078,-0.14381825923919678,PEACE
0.0,0.0,-0.046921372413635254,-0.0482029914855957,-0.0631837546825409,-0.14143645763397217,-0.017685651779174805,-0.19351595640182495,0.030372977256774902,-0.21381324529647827,-0.0505903959274292,-0.2832491993904114,-0.06461426615715027,-0.39061200618743896,-0.0739370584487915,-0.4615311026573181,-0.08049678802490234,-0.5215356647968292,-0.01187807321548462,-0.28862887620925903,-0.004874765872955322,-0.42124509811401367,0.0010710358619689941,-0.5074818730354309,0.00849539041519165,-0.581395834684372,0.020523369312286377,-0.25636547803878784,0.02501535415649414,-0.31015545129776,0.007327079772949219,-0.23425215482711792,-0.0024689435958862305,-0.1835108995437622,0.04770457744598389,-0.20834565162658691,0.04079979658126831,-0.23093819618225098,0.02179110050201416,-0.17751216888427734,0.011441707611083984,-0.14196646213531494,PEACE
0.0,0.0,-0.04838937520980835,-0.04944890737533569,-0.06519016623497009,-0.1441173553466797,-0.021024882793426514,-0.1953129768371582,0.026826202869415283,-0.21718227863311768,-0.04904422163963318,-0.2835509777069092,-0.06147778034210205,-0.3910556435585022,-0.07088577747344971,-0.46101051568984985,-0.07788988947868347,-0.5214839279651642,-0.010217010974884033,-0.2879026532173157,-0.003370344638824463,-0.42119300365448,0.0021131038665771484,-0.5071417391300201,0.009434819221496582,-0.5816800594329834,0.02209991216659546,-0.25520437955856323,0.025064408779144287,-0.31201380491256714,0.006971538066864014,-0.23847246170043945,-0.0023792386054992676,-0.18778514862060547,0.04950916767120361,-0.2076854109764099,0.03841805458068848,-0.22736823558807373,0.017836809158325195,-0.175045907497406,0.007111310958862305,-0.1399948000907898,PEACE
0.0,0.0,-0.04685086011886597,-0.05126601457595825,-0.06495073437690735,-0.14950799942016602,-0.021282315254211426,-0.20176994800567627,0.02624833583831787,-0.2222461700439453,-0.049019306898117065,-0.28721123933792114,-0.06044110655784607,-0.3951483368873596,-0.06854942440986633,-0.46449485421180725,-0.07539382576942444,-0.5235243141651154,-0.009513139724731445,-0.29261571168899536,-0.00036448240280151367,-0.42556262016296387,0.005780160427093506,-0.5103543996810913,0.013397753238677979,-0.5844542682170868,0.02339029312133789,-0.2598763108253479,0.026977241039276123,-0.3152712881565094,0.00831615924835205,-0.23929113149642944,-0.0015785694122314453,-0.1891588568687439,0.05121171474456787,-0.20908010005950928,0.041309893131256104,-0.23046821355819702,0.020619511604309082,-0.17917877435684204,0.009230375289916992,-0.14638185501098633,PEACE
0.0,0.0,-0.044191598892211914,-0.05139291286468506,-0.05995991826057434,-0.13792312145233154,-0.014287710189819336,-0.18235957622528076,0.033509135246276855,-0.2015230655670166,-0.05218711495399475,-0.2832598090171814,-0.06235167384147644,-0.3921050429344177,-0.06998038291931152,-0.4630523920059204,-0.07561525702476501,-0.5221434831619263,-0.012981057167053223,-0.29297977685928345,-0.004770219326019287,-0.4266233444213867,0.0022338032722473145,-0.5123200714588165,0.010374724864959717,-0.5866998434066772,0.020002245903015137,-0.26256173849105835,0.029675662517547607,-0.31289398670196533,0.013220727443695068,-0.2469974160194397,0.0017147064208984375,-0.20062768459320068,0.04779088497161865,-0.2124708890914917,0.045081257820129395,-0.22903972864151,0.02701401710510254,-0.18368208408355713,0.01436549425125122,-0.15363717079162598,PEACE
0.0,0.0,-0.049974143505096436,-0.053885698318481445,-0.06027030944824219,-0.1482558250427246,-0.008947789669036865,-0.18028318881988525,0.042124271392822266,-0.20615500211715698,-0.04197126626968384,-0.30927807092666626,-0.052697062492370605,-0.4245148003101349,-0.05987018346786499,-0.5040754079818726,-0.06218671798706055,-0.5728651285171509,0.000732421875,-0.30991190671920776,0.013856768608093262,-0.4510720372200012,0.026324987411499023,-0.5457523465156555,0.040071070194244385,-0.6290773451328278,0.034577906131744385,-0.26991474628448486,0.04630321264266968,-0.3165757656097412,0.02674776315689087,-0.2360140085220337,0.014706432819366455,-0.18895548582077026,0.061026155948638916,-0.21992385387420654,0.05429410934448242,-0.21064388751983643,0.03385639190673828,-0.15239167213439941,0.0220373272895813,-0.12491810321807861,PEACE
0.0,0.0,-0.052723467350006104,-0.05765622854232788,-0.07753312587738037,-0.17005985975265503,-0.02581888437271118,-0.20910292863845825,0.029787898063659668,-0.22362536191940308,-0.0476762056350708,-0.34589236974716187,-0.06039804220199585,-0.4767144024372101,-0.06774365901947021,-0.5644676983356476,-0.07184457778930664,-0.6398257911205292,0.0009827613830566406,-0.3477993607521057,0.01899278163909912,-0.5032010078430176,0.03385305404663086,-0.6051689088344574,0.050529539585113525,-0.6978046298027039,0.03913402557373047,-0.30402910709381104,0.05201202630996704,-0.34783935546875,0.028932690620422363,-0.26298391819000244,0.014002025127410889,-0.2077329158782959,0.06874442100524902,-0.23864150047302246,0.057966649532318115,-0.23498380184173584,0.035906195640563965,-0.17693132162094116,0.022858023643493652,-0.1432906985282898,PEACE
0.0,0.0,-0.057628124952316284,-0.06363058090209961,-0.08293676376342773,-0.18302875757217407,-0.022110164165496826,-0.2146439552307129,0.0502086877822876,-0.20903408527374268,-0.045852065086364746,-0.3844975233078003,-0.05435982346534729,-0.5337466895580292,-0.059241801500320435,-0.6340678036212921,-0.0612337589263916,-0.7225169241428375,0.010428369045257568,-0.39198940992355347,0.036116957664489746,-0.5642024278640747,0.05836910009384155,-0.6791574954986572,0.08263492584228516,-0.785831481218338,0.05395925045013428,-0.343250572681427,0.07017189264297485,-0.37056171894073486,0.03866112232208252,-0.2562614679336548,0.018797874450683594,-0.18638592958450317,0.08853799104690552,-0.2667158842086792,0.0819556713104248,-0.24175125360488892,0.05265820026397705,-0.17010891437530518,0.03256601095199585,-0.1317349672317505,PEACE
0.0,0.0,-0.06609290838241577,-0.05488467216491699,-0.10495904088020325,-0.17890578508377075,-0.047181546688079834,-0.21499216556549072,0.03031313419342041,-0.2158132791519165,-0.06411087512969971,-0.4030333161354065,-0.0861046314239502,-0.5670681297779083,-0.09901922941207886,-0.6776272654533386,-0.10729679465293884,-0.7774294912815094,-0.0011966824531555176,-0.4191385507583618,0.02061408758163452,-0.6108536422252655,0.040920913219451904,-0.7411398589611053,0.06369948387145996,-0.8609175980091095,0.04873627424240112,-0.37415289878845215,0.056427955627441406,-0.3864572048187256,0.02514493465423584,-0.25758087635040283,0.006581306457519531,-0.17871344089508057,0.08849048614501953,-0.2982937693595886,0.07774019241333008,-0.2618677020072937,0.04863208532333374,-0.1759966015815735,0.029125452041625977,-0.12735772132873535,PEACE
0.0,0.0,-0.06973183155059814,-0.06395375728607178,-0.11441114544868469,-0.18989074230194092,-0.058084726333618164,-0.22381621599197388,0.026012063026428223,-0.21971601247787476,-0.06689989566802979,-0.4283689260482788,-0.09057822823524475,-0.5995802879333496,-0.10498571395874023,-0.7113278806209564,-0.1141061782836914,-0.8144254982471466,0.0007298588752746582,-0.444227933883667,0.019681811332702637,-0.6431627571582794,0.03921163082122803,-0.7781722545623779,0.06320399045944214,-0.903748631477356,0.05474531650543213,-0.39639413356781006,0.055724501609802246,-0.40172404050827026,0.02080821990966797,-0.2634084224700928,0.0025759339332580566,-0.1767282485961914,0.09829956293106079,-0.31635719537734985,0.0795140266418457,-0.258847177028656,0.04680353403091431,-0.16505706310272217,0.02820420265197754,-0.1114429235458374,PEACE
0.0,0.0,-0.07451435923576355,-0.0708475112915039,-0.1246950626373291,-0.19663280248641968,-0.07347801327705383,-0.22809016704559326,0.00766366720199585,-0.2240917682647705,-0.07584086060523987,-0.45298492908477783,-0.10701340436935425,-0.6377454400062561,-0.12528443336486816,-0.7555407881736755,-0.13748571276664734,-0.8626158833503723,-0.004395425319671631,-0.46939337253570557,0.01614341139793396,-0.6807337701320648,0.033969610929489136,-0.8245036602020264,0.05462196469306946,-0.9519433379173279,0.05366775393486023,-0.4203888773918152,0.039678603410720825,-0.4275128245353699,0.008782178163528442,-0.2956129312515259,-0.006021827459335327,-0.20637071132659912,0.09927448630332947,-0.336759090423584,0.07046434283256531,-0.2931845784187317,0.042573481798172,-0.21052956581115723,0.02848830819129944,-0.15564918518066406,PEACE
0.0,0.0,-0.07644039392471313,-0.06293243169784546,-0.1397228240966797,-0.19145101308822632,-0.10402309894561768,-0.24433547258377075,-0.02856147289276123,-0.2439025640487671,-0.09108048677444458,-0.4534228444099426,-0.12721025943756104,-0.6324669122695923,-0.15159833431243896,-0.7448074519634247,-0.16931849718093872,-0.8441742956638336,-0.023450583219528198,-0.46383601427078247,-0.008692264556884766,-0.6905274093151093,-0.00024458765983581543,-0.8298027813434601,0.013472199440002441,-0.9472993016242981,0.034836381673812866,-0.40792542695999146,0.010161668062210083,-0.4598773717880249,-0.02407890558242798,-0.33161890506744385,-0.03490191698074341,-0.23727774620056152,0.08079028129577637,-0.31822967529296875,0.03973102569580078,-0.31927675008773804,0.007302194833755493,-0.23494642972946167,-0.0028976798057556152,-0.16955018043518066,PEACE
0.0,0.0,-0.07719245553016663,-0.056259334087371826,-0.15018045902252197,-0.1842065453529358,-0.12644916772842407,-0.243860125541687,-0.05086246132850647,-0.2556493878364563,-0.10213807225227356,-0.4490518569946289,-0.13884082436561584,-0.6211647689342499,-0.16455870866775513,-0.727681577205658,-0.1841597855091095,-0.8234891295433044,-0.03835532069206238,-0.4549819827079773,-0.026732414960861206,-0.6754432320594788,-0.019628524780273438,-0.8110087513923645,-0.008019417524337769,-0.9300482273101807,0.01855027675628662,-0.40150517225265503,-0.010248243808746338,-0.4653196334838867,-0.037801384925842285,-0.32614201307296753,-0.044255465269088745,-0.22862064838409424,0.06398358941078186,-0.31695467233657837,0.0165022611618042,-0.32922327518463135,-0.013295173645019531,-0.23638248443603516,-0.021166473627090454,-0.16816318035125732,PEACE
0.0,0.0,-0.06922367215156555,-0.05004763603210449,-0.1380404233932495,-0.17579567432403564,-0.11963295936584473,-0.24468445777893066,-0.05080416798591614,-0.2621226906776428,-0.09324079751968384,-0.4264999032020569,-0.12891414761543274,-0.5883815586566925,-0.15290462970733643,-0.6860434710979462,-0.1708192229270935,-0.7736274003982544,-0.03472444415092468,-0.43095338344573975,-0.027112901210784912,-0.639640212059021,-0.022478371858596802,-0.7653003931045532,-0.012925684452056885,-0.8748671412467957,0.01768466830253601,-0.37989670038223267,-0.008228600025177002,-0.45044687390327454,-0.034236907958984375,-0.3136559724807739,-0.04013678431510925,-0.21903705596923828,0.06062281131744385,-0.30066460371017456,0.020349860191345215,-0.3247259855270386,-0.00762292742729187,-0.2349134087562561,-0.015647172927856445,-0.16956138610839844,PEACE
0.0,0.0,-0.07098683714866638,-0.05429244041442871,-0.1331380307674408,-0.1699621081352234,-0.11882475018501282,-0.2454177737236023,-0.056898683309555054,-0.2587602138519287,-0.09492456912994385,-0.40700989961624146,-0.1276911199092865,-0.5595632195472717,-0.14985141158103943,-0.649371325969696,-0.16787099838256836,-0.7280976176261902,-0.04099082946777344,-0.4099414050579071,-0.03358188271522522,-0.6062330901622772,-0.029851853847503662,-0.7217709124088287,-0.022156596183776855,-0.8256308436393738,0.007476210594177246,-0.359241783618927,-0.014128804206848145,-0.4383503496646881,-0.03858429193496704,-0.3137301802635193,-0.04500073194503784,-0.2294294834136963,0.048144638538360596,-0.2787286043167114,0.0163668692111969,-0.32723164558410645,-0.011562615633010864,-0.24976521730422974,-0.021626830101013184,-0.18917971849441528,PEACE
0.0,0.0,-0.06946173310279846,-0.04898178577423096,-0.1315993368625641,-0.1731434464454651,-0.1108357310295105,-0.2419060468673706,-0.04921051859855652,-0.24698549509048462,-0.09275540709495544,-0.3863682150840759,-0.12300461530685425,-0.5279060900211334,-0.1429675817489624,-0.6144727468490601,-0.15885105729103088,-0.6897887289524078,-0.04097104072570801,-0.38951200246810913,-0.03283494710922241,-0.5757268071174622,-0.029795080423355103,-0.6853903532028198,-0.02443602681159973,-0.7793276906013489,0.005249530076980591,-0.34422755241394043,-0.016483306884765625,-0.41885337233543396,-0.039819926023483276,-0.3091397285461426,-0.04616272449493408,-0.2290104627609253,0.043021947145462036,-0.2721766233444214,0.010046988725662231,-0.3074643015861511,-0.013027191162109375,-0.2363993525505066,-0.01955440640449524,-0.17904925346374512,PEACE
0.0,0.0,-0.06303471326828003,-0.05525845289230347,-0.11193525791168213,-0.17048156261444092,-0.08189156651496887,-0.22386246919631958,-0.021676093339920044,-0.22350084781646729,-0.0741066038608551,-0.3568175733089447,-0.0973745584487915,-0.48369210958480835,-0.11262309551239014,-0.5666308701038361,-0.12568750977516174,-0.6400079429149628,-0.0254858136177063,-0.35941019654273987,-0.011797040700912476,-0.5258652567863464,-0.005743682384490967,-0.6296071410179138,0.00048467516899108887,-0.7178610563278198,0.016296803951263428,-0.31574326753616333,0.00572967529296875,-0.3806613087654114,-0.016102999448776245,-0.2825168967247009,-0.025333404541015625,-0.2089136838912964,0.05138188600540161,-0.24799764156341553,0.030367016792297363,-0.279502809047699,0.007524549961090088,-0.21513324975967407,-0.0038959085941314697,-0.16247797012329102,PEACE
0.0,0.0,-0.05895513296127319,-0.05737745761871338,-0.09795883297920227,-0.15904200077056885,-0.06458231806755066,-0.20312505960464478,-0.008233100175857544,-0.20719027519226074,-0.06618896126747131,-0.3298388719558716,-0.08606451749801636,-0.4476768374443054,-0.09857723116874695,-0.5250917077064514,-0.10847634077072144,-0.5962201952934265,-0.02026468515396118,-0.33099544048309326,-0.0050130486488342285,-0.47975242137908936,0.0047096312046051025,-0.574628621339798,0.014777004718780518,-0.6596032679080963,0.01816779375076294,-0.29108715057373047,0.015991926193237305,-0.3500276803970337,-0.006863325834274292,-0.26033562421798706,-0.01860770583152771,-0.19325017929077148,0.050257742404937744,-0.2302156686782837,0.03536170721054077,-0.2549467086791992,0.016014933586120605,-0.19805246591567993,0.006749927997589111,-0.15198463201522827,PEACE
0.0,0.0,-0.05614468455314636,-0.0556941032409668,-0.08771657943725586,-0.15359020233154297,-0.053260594606399536,-0.19552302360534668,-0.002084970474243164,-0.1995871663093567,-0.05499178171157837,-0.30922845005989075,-0.07448583841323853,-0.41979676485061646,-0.0862131416797638,-0.49405789375305176,-0.09461131691932678,-0.5611235797405243,-0.012470543384552002,-0.31038790941238403,0.0004875361919403076,-0.45075464248657227,0.009480059146881104,-0.5425293147563934,0.020108163356781006,-0.625694990158081,0.022649645805358887,-0.2716997265815735,0.021673262119293213,-0.32720211148262024,-2.0831823348999023e-05,-0.23883980512619019,-0.010533511638641357,-0.17661041021347046,0.05196499824523926,-0.21306604146957397,0.04137676954269409,-0.2408233880996704,0.021959781646728516,-0.18531149625778198,0.012593746185302734,-0.14398431777954102,PEACE
0.0,0.0,-0.049730777740478516,-0.050173401832580566,-0.07724213600158691,-0.14097702503204346,-0.0454559326171875,-0.181293785572052,0.0018274188041687012,-0.18552207946777344,-0.050245851278305054,-0.28538453578948975,-0.06678208708763123,-0.38868439197540283,-0.07666954398155212,-0.4569435715675354,-0.0829746425151825,-0.5184143781661987,-0.011638343334197998,-0.2876765727996826,-0.0005437731742858887,-0.41472160816192627,0.010378718376159668,-0.49777892231941223,0.023657143115997314,-0.5733327865600586,0.020294666290283203,-0.25414174795150757,0.024100780487060547,-0.2981080412864685,0.0032981038093566895,-0.21824514865875244,-0.007965445518493652,-0.16336959600448608,0.04743379354476929,-0.20316827297210693,0.03745537996292114,-0.21325719356536865,0.017974913120269775,-0.16069555282592773,0.006945013999938965,-0.12513220310211182,PEACE
0.0,0.0,-0.04384082555770874,-0.047290802001953125,-0.06671857833862305,-0.12828391790390015,-0.036900103092193604,-0.1658928394317627,0.007157862186431885,-0.17616671323776245,-0.040781259536743164,-0.25926461815834045,-0.05245023965835571,-0.35267698764801025,-0.06062030792236328,-0.41508322954177856,-0.0659264624118805,-0.47045549750328064,-0.0055585503578186035,-0.260808527469635,0.006442666053771973,-0.37628281116485596,0.01615840196609497,-0.453137069940567,0.028065860271453857,-0.52198326587677,0.023123085498809814,-0.22995513677597046,0.02953571081161499,-0.27669742703437805,0.009424746036529541,-0.205524742603302,-0.0015595555305480957,-0.15402722358703613,0.04665040969848633,-0.18361884355545044,0.03612184524536133,-0.19070321321487427,0.016962707042694092,-0.14320135116577148,0.0066988468170166016,-0.1094321608543396,PEACE
0.0,0.0,-0.04162529110908508,-0.04457730054855347,-0.06261143088340759,-0.1293366551399231,-0.02943703532218933,-0.16493278741836548,0.013469159603118896,-0.16947835683822632,-0.03588995337486267,-0.24663209915161133,-0.04450488090515137,-0.33624714612960815,-0.050011634826660156,-0.39481034874916077,-0.0536307692527771,-0.446785569190979,-0.001627504825592041,-0.24758869409561157,0.011551916599273682,-0.35648560523986816,0.021611332893371582,-0.4270940124988556,0.03307753801345825,-0.491062730550766,0.025434672832489014,-0.21775782108306885,0.032262325286865234,-0.26494237780570984,0.013426005840301514,-0.19923871755599976,0.0028052926063537598,-0.15277570486068726,0.04841119050979614,-0.17234164476394653,0.04100203514099121,-0.18284785747528076,0.022644460201263428,-0.1373794674873352,0.01223456859588623,-0.10626453161239624,PEACE
0.0,0.0,-0.04164174199104309,-0.04093116521835327,-0.05954015254974365,-0.11915713548660278,-0.02643132209777832,-0.15091240406036377,0.0141335129737854,-0.162004292011261,-0.03244304656982422,-0.2280098795890808,-0.039111167192459106,-0.31180012226104736,-0.044803112745285034,-0.3666386306285858,-0.04827427864074707,-0.415058434009552,-0.0004578232765197754,-0.2288185954093933,0.012445509433746338,-0.3313601016998291,0.022147715091705322,-0.39681941270828247,0.033370912075042725,-0.45618975162506104,0.024472177028656006,-0.20124441385269165,0.03254669904708862,-0.24625727534294128,0.014971435070037842,-0.18668514490127563,0.00531238317489624,-0.14579129219055176,0.04517066478729248,-0.16088098287582397,0.03875327110290527,-0.16937315464019775,0.02090907096862793,-0.12702685594558716,0.011191129684448242,-0.1001138687133789,PEACE
0.0,0.0,-0.03636467456817627,-0.03944522142410278,-0.05194956064224243,-0.11294907331466675,-0.020452022552490234,-0.15223443508148193,0.01575368642807007,-0.16785907745361328,-0.028293251991271973,-0.22345513105392456,-0.0337388813495636,-0.30358386039733887,-0.03803509473800659,-0.35557225346565247,-0.0411641001701355,-0.4010213017463684,0.002414107322692871,-0.22463244199752808,0.014510929584503174,-0.3231745958328247,0.02368992567062378,-0.3837054371833801,0.03375601768493652,-0.43665048480033875,0.02606642246246338,-0.19923865795135498,0.03562802076339722,-0.24384218454360962,0.018910706043243408,-0.1902816891670227,0.008280396461486816,-0.1498752236366272,0.04560720920562744,-0.16056817770004272,0.04225736856460571,-0.17370736598968506,0.0258217453956604,-0.13443267345428467,0.015766441822052002,-0.10493230819702148,PEACE
0.0,0.0,-0.03681457042694092,-0.03685098886489868,-0.05223721265792847,-0.10799139738082886,-0.01913684606552124,-0.1498824954032898,0.01720142364501953,-0.1668362021446228,-0.031675636768341064,-0.21169012784957886,-0.035024791955947876,-0.29275938868522644,-0.03866088390350342,-0.3453846871852875,-0.04207181930541992,-0.39107292890548706,-0.0010319352149963379,-0.21520227193832397,0.011110663414001465,-0.3144000768661499,0.020126402378082275,-0.3725748658180237,0.029251813888549805,-0.4242657721042633,0.022785604000091553,-0.19197744131088257,0.03149944543838501,-0.23398900032043457,0.01566028594970703,-0.18358218669891357,0.005119383335113525,-0.14757394790649414,0.04285794496536255,-0.15467053651809692,0.040444791316986084,-0.17020785808563232,0.023622870445251465,-0.13350200653076172,0.011956512928009033,-0.10744667053222656,PEACE
0.0,0.0,-0.03735452890396118,-0.03519928455352783,-0.05447414517402649,-0.09550559520721436,-0.0294991135597229,-0.1289343237876892,0.0011823177337646484,-0.1465693712234497,-0.03161263465881348,-0.20520704984664917,-0.037843525409698486,-0.2799472510814667,-0.041149407625198364,-0.3253890872001648,-0.04231184720993042,-0.36667248606681824,-0.0007562041282653809,-0.20918577909469604,0.012207567691802979,-0.30837586522102356,0.019911229610443115,-0.3689326047897339,0.028886616230010986,-0.4193204939365387,0.024278104305267334,-0.18666911125183105,0.03166401386260986,-0.23251664638519287,0.01711440086364746,-0.18840497732162476,0.008640468120574951,-0.15402907133102417,0.04575610160827637,-0.15090209245681763,0.03817594051361084,-0.1682499647140503,0.021099209785461426,-0.13595807552337646,0.011345446109771729,-0.11225205659866333,PEACE
0.0,0.0,-0.03099876642227173,-0.044732749462127686,-0.04098600149154663,-0.11062091588973999,-0.008409202098846436,-0.14792358875274658,0.02672487497329712,-0.15576058626174927,-0.023609519004821777,-0.2102644443511963,-0.02944767475128174,-0.29322460293769836,-0.032434940338134766,-0.3449122905731201,-0.03417336940765381,-0.389468789100647,0.00603938102722168,-0.21008312702178955,0.020492613315582275,-0.3058129847049713,0.03118199110031128,-0.36307448148727417,0.041159749031066895,-0.4093841314315796,0.027898669242858887,-0.1839936375617981,0.036866724491119385,-0.21954810619354248,0.022409796714782715,-0.18191778659820557,0.012415111064910889,-0.15266680717468262,0.044873833656311035,-0.14535534381866455,0.043796002864837646,-0.1623910665512085,0.02764958143234253,-0.13611871004104614,0.015424966812133789,-0.11496025323867798,PEACE
