x0,y0,x1,y1,x2,y2,x3,y3,x4,y4,x5,y5,x6,y6,x7,y7,x8,y8,x9,y9,x10,y10,x11,y11,x12,y12,x13,y13,x14,y14,x15,y15,x16,y16,x17,y17,x18,y18,x19,y19,x20,y20,label
0.0,0.0,-0.023449301719665527,-0.0766337513923645,-0.015270829200744629,-0.2165156900882721,-0.010073065757751465,-0.3133819103240967,-0.008793473243713379,-0.39568284153938293,0.053179383277893066,-0.1463666558265686,-0.02443408966064453,-0.11311912536621094,-0.01790022850036621,-0.12160259485244751,0.0033461451530456543,-0.13660377264022827,0.0819820761680603,-0.04920703172683716,-0.05346024036407471,0.0015288591384887695,-0.020798146724700928,-0.03112959861755371,0.013200163841247559,-0.05824774503707886,0.0801352858543396,0.04700201749801636,-0.044605255126953125,0.07633668184280396,-0.02119237184524536,0.04683029651641846,0.009697020053863525,0.028181731700897217,0.06837451457977295,0.12674778699874878,-0.020473361015319824,0.13434934616088867,-0.004597306251525879,0.115658700466156,0.025373101234436035,0.10599780082702637,THUMBS_UP
0.0,0.0,-0.02283686399459839,-0.07747334241867065,-0.012000560760498047,-0.21433597803115845,0.0005961060523986816,-0.3112965226173401,0.008780479431152344,-0.39255645871162415,0.05757421255111694,-0.14333951473236084,-0.020457208156585693,-0.11003744602203369,-0.014349281787872314,-0.12176752090454102,0.005632877349853516,-0.13663095235824585,0.08490890264511108,-0.04869198799133301,-0.0447155237197876,0.00035774707794189453,-0.012764513492584229,-0.032950520515441895,0.018567979335784912,-0.05898785591125488,0.08372753858566284,0.04468035697937012,-0.03459572792053223,0.07432597875595093,-0.013243138790130615,0.045853376388549805,0.015340209007263184,0.02775794267654419,0.07288855314254761,0.1246039867401123,-0.00819385051727295,0.1344631314277649,0.005082607269287109,0.11553239822387695,0.03079831600189209,0.10537397861480713,THUMBS_UP
0.0,0.0,-0.020650267601013184,-0.0859832763671875,-0.00805598497390747,-0.21594920754432678,0.00574648380279541,-0.3127993047237396,0.01626676321029663,-0.3998183012008667,0.06736171245574951,-0.14904510974884033,-0.008630931377410889,-0.12454485893249512,-0.0029398202896118164,-0.12864482402801514,0.01946556568145752,-0.1378260850906372,0.09492051601409912,-0.0544009804725647,-0.030766665935516357,-0.012471318244934082,-0.0003161430358886719,-0.03803509473800659,0.030451059341430664,-0.05705827474594116,0.09381943941116333,0.03947931528091431,-0.019345641136169434,0.06574875116348267,0.001050710678100586,0.04209756851196289,0.02902466058731079,0.027657508850097656,0.08081811666488647,0.12133383750915527,0.004327178001403809,0.13548433780670166,0.016985654830932617,0.11564069986343384,0.04084813594818115,0.10203695297241211,THUMBS_UP
0.0,0.0,-0.02222543954849243,-0.08943396806716919,-0.008628606796264648,-0.2225748598575592,0.00847923755645752,-0.3202006220817566,0.02198326587677002,-0.4034367501735687,0.07373332977294922,-0.1440698504447937,0.004728794097900391,-0.1199636459350586,0.00614011287689209,-0.13469457626342773,0.02710545063018799,-0.15288770198822021,0.10292160511016846,-0.055043041706085205,-0.021693825721740723,-0.012176573276519775,0.004096269607543945,-0.0423508882522583,0.03803795576095581,-0.0651099681854248,0.09930002689361572,0.03461533784866333,-0.013937056064605713,0.06617552042007446,0.0022588372230529785,0.036037981510162354,0.030451834201812744,0.01771754026412964,0.08390253782272339,0.11393797397613525,0.005881071090698242,0.138250470161438,0.014188170433044434,0.1103329062461853,0.0367206335067749,0.08593231439590454,THUMBS_UP
0.0,0.0,-0.00923466682434082,-0.10175281763076782,0.022659599781036377,-0.2243008017539978,0.04121488332748413,-0.32208251953125,0.054341673851013184,-0.41128942370414734,0.11276650428771973,-0.15291887521743774,0.042124390602111816,-0.12863552570343018,0.028148293495178223,-0.12997972965240479,0.0481991171836853,-0.1376243233680725,0.13033169507980347,-0.05677366256713867,0.017493367195129395,-0.030415356159210205,0.02143537998199463,-0.05061560869216919,0.05335426330566406,-0.07065743207931519,0.1211388111114502,0.03621494770050049,0.012063741683959961,0.05337512493133545,0.007540225982666016,0.02202683687210083,0.03603130578994751,0.001612842082977295,0.103199303150177,0.11190968751907349,0.01305246353149414,0.11832606792449951,-0.00844639539718628,0.08076494932174683,-0.00018924474716186523,0.052787721157073975,THUMBS_UP
0.0,0.0,-0.01856154203414917,-0.09148645401000977,0.014851808547973633,-0.24475574493408203,0.035860419273376465,-0.3485614061355591,0.04578137397766113,-0.4358742833137512,0.09763467311859131,-0.17278236150741577,0.0348697304725647,-0.16295766830444336,0.022877156734466553,-0.15585726499557495,0.038062095642089844,-0.15958184003829956,0.1239061951637268,-0.07574045658111572,0.007344722747802734,-0.0612187385559082,0.019211769104003906,-0.07981401681900024,0.0491374135017395,-0.10091030597686768,0.11878418922424316,0.017688214778900146,0.005467236042022705,0.021799981594085693,0.007981061935424805,-0.006397843360900879,0.03513741493225098,-0.02436882257461548,0.10219019651412964,0.091602623462677,0.010813236236572266,0.08651483058929443,-0.00224989652633667,0.06019794940948486,0.008841097354888916,0.04284226894378662,THUMBS_UP
0.0,0.0,-0.023054420948028564,-0.09994930028915405,0.01175457239151001,-0.253617525100708,0.0343325138092041,-0.3554871678352356,0.04263615608215332,-0.43979141116142273,0.09411394596099854,-0.1817317008972168,0.031522512435913086,-0.1745869517326355,0.021392345428466797,-0.16311174631118774,0.03857851028442383,-0.16302615404129028,0.11854356527328491,-0.08646297454833984,0.001289963722229004,-0.07487785816192627,0.016608595848083496,-0.08515232801437378,0.04849553108215332,-0.09688657522201538,0.11138111352920532,0.005288302898406982,0.0029114484786987305,0.004066944122314453,0.008077144622802734,-0.01631927490234375,0.0353928804397583,-0.026326477527618408,0.09459000825881958,0.07822567224502563,0.010055720806121826,0.07058548927307129,0.0074991583824157715,0.055754780769348145,0.026969611644744873,0.05081653594970703,THUMBS_UP
0.0,0.0,-0.022929489612579346,-0.09829765558242798,0.00043278932571411133,-0.26126062870025635,0.012691974639892578,-0.3675310015678406,0.016475021839141846,-0.4509427547454834,0.066769540309906,-0.20059174299240112,-0.006466984748840332,-0.20946002006530762,-0.0021007657051086426,-0.173336923122406,0.020468592643737793,-0.15963995456695557,0.08885729312896729,-0.09973472356796265,-0.038004934787750244,-0.09066838026046753,-0.0030006766319274902,-0.0801466703414917,0.036261558532714844,-0.07315224409103394,0.07949960231781006,-0.0011504888534545898,-0.03376662731170654,-0.0006136894226074219,-0.011050701141357422,-0.0014824867248535156,0.02616482973098755,0.002035200595855713,0.05811750888824463,0.08585691452026367,-0.02358013391494751,0.08313578367233276,-0.011217236518859863,0.07758653163909912,0.015881597995758057,0.07863843441009521,THUMBS_UP
0.0,0.0,-0.022218704223632812,-0.14564061164855957,-0.03626483678817749,-0.2934392988681793,-0.04462045431137085,-0.40651825070381165,-0.04556030035018921,-0.4978185296058655,0.001416623592376709,-0.24117040634155273,-0.10446304082870483,-0.21474313735961914,-0.08301186561584473,-0.18208575248718262,-0.044666588306427,-0.1931629180908203,0.012703001499176025,-0.14221525192260742,-0.10995447635650635,-0.1341782808303833,-0.07704395055770874,-0.11819761991500854,-0.040299296379089355,-0.13405746221542358,0.0142325758934021,-0.050962865352630615,-0.09983634948730469,-0.05031907558441162,-0.07149964570999146,-0.04401904344558716,-0.036383867263793945,-0.047724366188049316,0.008999168872833252,0.03489971160888672,-0.07680779695510864,0.022730588912963867,-0.05651116371154785,0.02424997091293335,-0.02417200803756714,0.02830415964126587,THUMBS_UP
0.0,0.0,-0.04399949312210083,-0.14588743448257446,-0.08554679155349731,-0.3032503128051758,-0.10180830955505371,-0.429611474275589,-0.0940433144569397,-0.5352281332015991,-0.059159696102142334,-0.28639844059944153,-0.16056519746780396,-0.2536993622779846,-0.14035409688949585,-0.2172108292579651,-0.1101309061050415,-0.231148362159729,-0.04879593849182129,-0.19238781929016113,-0.16700035333633423,-0.16729795932769775,-0.1366073489189148,-0.15063583850860596,-0.10200822353363037,-0.16205596923828125,-0.04367440938949585,-0.10511648654937744,-0.15533465147018433,-0.09504365921020508,-0.12746936082839966,-0.08118546009063721,-0.09322041273117065,-0.08847260475158691,-0.04286181926727295,-0.027080833911895752,-0.13450199365615845,-0.02928900718688965,-0.11434376239776611,-0.023881196975708008,-0.0819510817527771,-0.025493919849395752,THUMBS_UP
0.0,0.0,-0.03924208879470825,-0.1286410093307495,-0.086250901222229,-0.27053752541542053,-0.11086106300354004,-0.3922184109687805,-0.11176061630249023,-0.5026414096355438,-0.07416093349456787,-0.26378437876701355,-0.1841171681880951,-0.23832672834396362,-0.1639358401298523,-0.20233267545700073,-0.1339753270149231,-0.20694559812545776,-0.06436187028884888,-0.17466825246810913,-0.18737229704856873,-0.1508386731147766,-0.15782135725021362,-0.13636821508407593,-0.12240606546401978,-0.14009594917297363,-0.05988675355911255,-0.08700346946716309,-0.17423474788665771,-0.07744014263153076,-0.1450573205947876,-0.06756240129470825,-0.1111135482788086,-0.07362449169158936,-0.06080794334411621,-0.007480442523956299,-0.15455883741378784,-0.008673012256622314,-0.1308785080909729,-0.005437076091766357,-0.09839314222335815,-0.009567975997924805,THUMBS_UP
0.0,0.0,-0.02889859676361084,-0.10527157783508301,-0.07422614097595215,-0.22289115190505981,-0.10089266300201416,-0.314075767993927,-0.11052563786506653,-0.408061683177948,-0.05744624137878418,-0.17680537700653076,-0.15890222787857056,-0.1553267240524292,-0.15745607018470764,-0.14034384489059448,-0.1391836702823639,-0.14029157161712646,-0.05265820026397705,-0.07861042022705078,-0.1704670786857605,-0.07124209403991699,-0.15096259117126465,-0.06910336017608643,-0.11638981103897095,-0.06695473194122314,-0.05126821994781494,0.012677967548370361,-0.16652527451515198,0.00957036018371582,-0.14072075486183167,0.006555497646331787,-0.10418283939361572,0.003911316394805908,-0.05411010980606079,0.09150844812393188,-0.13927868008613586,0.08664810657501221,-0.12155964970588684,0.0718231201171875,-0.0931822657585144,0.06379610300064087,THUMBS_UP
0.0,0.0,-0.033618152141571045,-0.11349952220916748,-0.07738232612609863,-0.2363435924053192,-0.09602612257003784,-0.32941704988479614,-0.10275989770889282,-0.4123803973197937,-0.062293171882629395,-0.1848950982093811,-0.17174255847930908,-0.1554204225540161,-0.14822080731391907,-0.15485912561416626,-0.11467084288597107,-0.16261625289916992,-0.0546032190322876,-0.08409571647644043,-0.1777818500995636,-0.07443183660507202,-0.14784005284309387,-0.08344048261642456,-0.10792425274848938,-0.08130711317062378,-0.052056968212127686,0.005684316158294678,-0.1681603491306305,0.007272958755493164,-0.13839823007583618,-0.003619968891143799,-0.10029786825180054,-0.006896674633026123,-0.053428590297698975,0.08493858575820923,-0.1409401297569275,0.07913649082183838,-0.12090641260147095,0.06108546257019043,-0.08991527557373047,0.05514901876449585,THUMBS_UP
0.0,0.0,-0.03507351875305176,-0.11577767133712769,-0.08900469541549683,-0.224298357963562,-0.1182146966457367,-0.31788724660873413,-0.128774493932724,-0.41093629598617554,-0.08268767595291138,-0.17625755071640015,-0.18498331308364868,-0.14798033237457275,-0.1608733832836151,-0.1441745162010193,-0.12559908628463745,-0.14911216497421265,-0.07724013924598694,-0.08012735843658447,-0.19002342224121094,-0.06848663091659546,-0.16042056679725647,-0.07718884944915771,-0.12264057993888855,-0.07833272218704224,-0.0739922821521759,0.006442904472351074,-0.18053588271141052,0.00990283489227295,-0.15167447924613953,-0.0022509098052978516,-0.11653995513916016,-0.007362425327301025,-0.07275879383087158,0.08202695846557617,-0.15781432390213013,0.07854330539703369,-0.1370934247970581,0.06208908557891846,-0.10648530721664429,0.05817645788192749,THUMBS_UP
0.0,0.0,-0.03223443031311035,-0.1098170280456543,-0.08225855231285095,-0.2196124792098999,-0.11265063285827637,-0.30676183104515076,-0.12664860486984253,-0.3910765051841736,-0.08228880167007446,-0.16838109493255615,-0.18357491493225098,-0.14172405004501343,-0.16228970885276794,-0.13631510734558105,-0.1279011070728302,-0.14019274711608887,-0.07597830891609192,-0.07611548900604248,-0.19045662879943848,-0.06098067760467529,-0.16285133361816406,-0.06847888231277466,-0.12410935759544373,-0.070656418800354,-0.07312536239624023,0.007650554180145264,-0.17989802360534668,0.01650381088256836,-0.15334445238113403,0.0020619630813598633,-0.11758613586425781,-0.004588603973388672,-0.07311004400253296,0.08428919315338135,-0.159509539604187,0.08459275960922241,-0.1402263343334198,0.06402742862701416,-0.10823309421539307,0.056790292263031006,THUMBS_UP
0.0,0.0,-0.03460153937339783,-0.1067233681678772,-0.08306828141212463,-0.2190793752670288,-0.10881319642066956,-0.31290942430496216,-0.11921072006225586,-0.39763402938842773,-0.07768198847770691,-0.1632731556892395,-0.18072062730789185,-0.13538986444473267,-0.15867993235588074,-0.1273355484008789,-0.12487146258354187,-0.1322246789932251,-0.07001981139183044,-0.07097810506820679,-0.18687281012535095,-0.05098128318786621,-0.15854433178901672,-0.05687546730041504,-0.11899974942207336,-0.06105220317840576,-0.06657236814498901,0.011543869972229004,-0.1762981116771698,0.02809673547744751,-0.14784860610961914,0.017190992832183838,-0.11100402474403381,0.009621977806091309,-0.06636285781860352,0.0856161117553711,-0.15007534623146057,0.09598040580749512,-0.12965813279151917,0.07944190502166748,-0.09831410646438599,0.07211261987686157,THUMBS_UP
0.0,0.0,-0.029162228107452393,-0.09812939167022705,-0.06446349620819092,-0.20758241415023804,-0.07799682021141052,-0.29618197679519653,-0.07606455683708191,-0.3845534920692444,-0.03028818964958191,-0.14767199754714966,-0.13586238026618958,-0.11865448951721191,-0.1116921603679657,-0.11785888671875,-0.07707026600837708,-0.1268497109413147,-0.02041754126548767,-0.05306744575500488,-0.14193183183670044,-0.03851330280303955,-0.11470639705657959,-0.047027766704559326,-0.07550740242004395,-0.04478287696838379,-0.019847571849822998,0.03132975101470947,-0.1341632902622223,0.04146087169647217,-0.1071082055568695,0.030216634273529053,-0.06905403733253479,0.0258941650390625,-0.027700841426849365,0.10560625791549683,-0.11380216479301453,0.1108430027961731,-0.09284934401512146,0.09059500694274902,-0.05979520082473755,0.08299070596694946,THUMBS_UP
0.0,0.0,0.003243386745452881,-0.11906445026397705,0.005184948444366455,-0.23410895466804504,0.0021777451038360596,-0.3248109817504883,0.006308317184448242,-0.4097355604171753,0.027344852685928345,-0.1675194501876831,-0.030779987573623657,-0.1800919771194458,-0.009664267301559448,-0.16200333833694458,0.021493256092071533,-0.15577751398086548,0.02389705181121826,-0.07490456104278564,-0.04099225997924805,-0.10281169414520264,-0.004537522792816162,-0.09984946250915527,0.03120499849319458,-0.09622716903686523,0.01692110300064087,0.0010631680488586426,-0.04037073254585266,-0.02413785457611084,-0.011215269565582275,-0.020575404167175293,0.017580151557922363,-0.021041691303253174,0.006643354892730713,0.06778186559677124,-0.031148403882980347,0.05403399467468262,-0.013692110776901245,0.05241549015045166,0.007270395755767822,0.05602753162384033,THUMBS_UP
0.0,0.0,-0.02499040961265564,-0.09082913398742676,-0.014625191688537598,-0.22473958134651184,-0.005189180374145508,-0.325878769159317,-0.002373933792114258,-0.41302141547203064,0.05959063768386841,-0.17898166179656982,-0.0174638032913208,-0.17395323514938354,-0.020915329456329346,-0.15674614906311035,-0.006257116794586182,-0.14654332399368286,0.0784422755241394,-0.08704042434692383,-0.0377618670463562,-0.07892191410064697,-0.016932308673858643,-0.08073490858078003,0.007476598024368286,-0.07990604639053345,0.074602872133255,0.0007856488227844238,-0.034720540046691895,0.00047659873962402344,-0.01973789930343628,-0.007228076457977295,0.008155673742294312,-0.012851238250732422,0.05850490927696228,0.07310038805007935,-0.024307668209075928,0.07419633865356445,-0.011438190937042236,0.06924951076507568,0.017181217670440674,0.06747329235076904,THUMBS_UP
0.0,0.0,-0.0193290114402771,-0.10562384128570557,-0.012030243873596191,-0.23275801539421082,-0.004125803709030151,-0.3334842324256897,0.003973722457885742,-0.41893523931503296,0.07248938083648682,-0.1998732089996338,-0.01316910982131958,-0.20190078020095825,-0.01858997344970703,-0.17415106296539307,-0.001292198896408081,-0.15673214197158813,0.08861508965492249,-0.11141222715377808,-0.02523854374885559,-0.10997253656387329,-0.012453585863113403,-0.0970882773399353,0.01303437352180481,-0.08866900205612183,0.08512181043624878,-0.02503877878189087,-0.019804567098617554,-0.02882981300354004,-0.010893970727920532,-0.021196365356445312,0.015250712633132935,-0.01934915781021118,0.07021075487136841,0.05033564567565918,-0.010333091020584106,0.04957002401351929,-0.0024746358394622803,0.051497578620910645,0.0240040123462677,0.05033320188522339,THUMBS_UP
0.0,0.0,-0.020485639572143555,-0.11501801013946533,-0.004294216632843018,-0.24288758635520935,0.014367461204528809,-0.33802342414855957,0.032893091440200806,-0.426485151052475,0.0912368893623352,-0.21063625812530518,0.009010016918182373,-0.2061825394630432,-0.022283494472503662,-0.16700994968414307,-0.010734587907791138,-0.14965766668319702,0.1086546778678894,-0.12257242202758789,0.008510738611221313,-0.11658686399459839,-0.019074976444244385,-0.09658759832382202,-0.0036832988262176514,-0.08916586637496948,0.10737532377243042,-0.032989323139190674,0.011771351099014282,-0.029769837856292725,-0.011532098054885864,-0.023458421230316162,0.0061976611614227295,-0.023926198482513428,0.09701782464981079,0.04706096649169922,0.024155467748641968,0.04944336414337158,0.003733694553375244,0.046819865703582764,0.015314459800720215,0.04589259624481201,THUMBS_UP
0.0,0.0,-0.009918063879013062,-0.10685980319976807,0.015584439039230347,-0.23497501015663147,0.03572526574134827,-0.3378080725669861,0.05212309956550598,-0.42688822746276855,0.11610060930252075,-0.20363366603851318,0.0515001118183136,-0.21059411764144897,0.018443286418914795,-0.17071443796157837,0.025834619998931885,-0.14943581819534302,0.1352359652519226,-0.12170547246932983,0.0555000901222229,-0.12989568710327148,0.021671056747436523,-0.10727989673614502,0.03229653835296631,-0.09714317321777344,0.1355956792831421,-0.03380775451660156,0.06504279375076294,-0.045900702476501465,0.03269121050834656,-0.03353703022003174,0.04157435894012451,-0.028512001037597656,0.12779945135116577,0.04951190948486328,0.07969039678573608,0.043842971324920654,0.048871755599975586,0.04494166374206543,0.0476970374584198,0.04621380567550659,THUMBS_UP
0.0,0.0,-0.008029818534851074,-0.12433326244354248,0.02470526099205017,-0.2563852369785309,0.051749587059020996,-0.35863029956817627,0.07018494606018066,-0.45112553238868713,0.12553000450134277,-0.21971338987350464,0.08250612020492554,-0.2451862096786499,0.042315542697906494,-0.2089860439300537,0.03108423948287964,-0.1821795105934143,0.1450260877609253,-0.13933241367340088,0.08771419525146484,-0.1644115447998047,0.04414975643157959,-0.1429639458656311,0.038270413875579834,-0.1253209114074707,0.1432427167892456,-0.051454246044158936,0.09431540966033936,-0.07433676719665527,0.05265706777572632,-0.06762313842773438,0.04612767696380615,-0.0593414306640625,0.13117021322250366,0.03253579139709473,0.10366129875183105,0.014088153839111328,0.06651735305786133,0.006932735443115234,0.05149877071380615,0.008313894271850586,THUMBS_UP
0.0,0.0,-0.0068482160568237305,-0.14802157878875732,0.03607434034347534,-0.2894739508628845,0.07232540845870972,-0.38954484462738037,0.09128910303115845,-0.47946128249168396,0.14169979095458984,-0.24541407823562622,0.10662257671356201,-0.2757793366909027,0.06738364696502686,-0.2392275333404541,0.06126779317855835,-0.21264851093292236,0.1620836853981018,-0.16377371549606323,0.1102491021156311,-0.18879151344299316,0.06725156307220459,-0.16819751262664795,0.06570285558700562,-0.1527165174484253,0.16056454181671143,-0.07524579763412476,0.10983783006668091,-0.09451299905776978,0.07013022899627686,-0.09035933017730713,0.0702170729637146,-0.08620119094848633,0.14881110191345215,0.007824838161468506,0.11409890651702881,-0.007093369960784912,0.08182507753372192,-0.01722818613052368,0.07596874237060547,-0.018735170364379883,THUMBS_UP
0.0,0.0,-0.0006104707717895508,-0.1404067873954773,0.0427933931350708,-0.2710545063018799,0.07576096057891846,-0.36938226222991943,0.09456884860992432,-0.4588042199611664,0.1456126570701599,-0.22860389947891235,0.11499053239822388,-0.25425297021865845,0.07338273525238037,-0.21756631135940552,0.06910264492034912,-0.1942407488822937,0.1675124168395996,-0.1504395604133606,0.12236613035202026,-0.17248761653900146,0.07488071918487549,-0.1509668231010437,0.07492953538894653,-0.1350131630897522,0.16650277376174927,-0.06400275230407715,0.12267637252807617,-0.0822858214378357,0.07963961362838745,-0.07758420705795288,0.08142071962356567,-0.07085448503494263,0.15472054481506348,0.016606509685516357,0.12100517749786377,0.004700183868408203,0.08801913261413574,-0.003946423530578613,0.08531415462493896,-0.0026642680168151855,THUMBS_UP
0.0,0.0,0.0023763179779052734,-0.1296980381011963,0.04651707410812378,-0.2548845410346985,0.07862526178359985,-0.3512080907821655,0.09808170795440674,-0.4362366199493408,0.14911478757858276,-0.2038746476173401,0.12011444568634033,-0.2295362949371338,0.07776963710784912,-0.19175535440444946,0.07828056812286377,-0.16984081268310547,0.1706029772758484,-0.12640178203582764,0.12654680013656616,-0.14743685722351074,0.07805544137954712,-0.12600618600845337,0.08438849449157715,-0.11337107419967651,0.16875743865966797,-0.04239732027053833,0.12506788969039917,-0.05865603685379028,0.08112114667892456,-0.05419236421585083,0.08879953622817993,-0.0497477650642395,0.1571429967880249,0.033872008323669434,0.12089961767196655,0.02563619613647461,0.08790415525436401,0.018323302268981934,0.09066635370254517,0.018841207027435303,THUMBS_UP
0.0,0.0,0.005363523960113525,-0.11382251977920532,0.046298086643218994,-0.2346922755241394,0.07680284976959229,-0.3313206136226654,0.0974321961402893,-0.41787806153297424,0.15102797746658325,-0.1790676712989807,0.12153786420822144,-0.1916443109512329,0.07945942878723145,-0.16426622867584229,0.07469761371612549,-0.1469385027885437,0.17077165842056274,-0.09721845388412476,0.12342000007629395,-0.10803520679473877,0.07607007026672363,-0.09553086757659912,0.07409095764160156,-0.08639800548553467,0.1689532995223999,-0.013229548931121826,0.12142288684844971,-0.020666778087615967,0.07732510566711426,-0.02207028865814209,0.07579457759857178,-0.0225754976272583,0.15731436014175415,0.06334841251373291,0.12249720096588135,0.05885344743728638,0.0869869589805603,0.04983329772949219,0.08168262243270874,0.04653441905975342,THUMBS_UP
0.0,0.0,0.003263413906097412,-0.10328972339630127,0.041265130043029785,-0.21736159920692444,0.07110542058944702,-0.31325024366378784,0.09115064144134521,-0.40140828490257263,0.14743947982788086,-0.1637783646583557,0.10779708623886108,-0.16004300117492676,0.0663028359413147,-0.13708382844924927,0.06128925085067749,-0.12534040212631226,0.16552841663360596,-0.0796770453453064,0.11052435636520386,-0.07599407434463501,0.06517171859741211,-0.07067900896072388,0.06375283002853394,-0.06846970319747925,0.16213375329971313,0.005388081073760986,0.11044120788574219,0.010470569133758545,0.06883388757705688,0.004097402095794678,0.06898164749145508,-0.001046597957611084,0.1486150622367859,0.0836864709854126,0.11505353450775146,0.09147888422012329,0.07970672845840454,0.07892757654190063,0.07412111759185791,0.07047981023788452,THUMBS_UP
0.0,0.0,0.003464043140411377,-0.10863929986953735,0.03814607858657837,-0.2232476770877838,0.06552839279174805,-0.31941115856170654,0.08304613828659058,-0.40589937567710876,0.14177995920181274,-0.15790969133377075,0.08518636226654053,-0.14218932390213013,0.05172264575958252,-0.1270071268081665,0.05854618549346924,-0.1273437738418579,0.15757369995117188,-0.06971728801727295,0.08486557006835938,-0.05459439754486084,0.05229705572128296,-0.05623215436935425,0.06119459867477417,-0.06429904699325562,0.15409070253372192,0.016017675399780273,0.08528673648834229,0.02381807565689087,0.05640828609466553,0.015193939208984375,0.06642436981201172,0.0044481754302978516,0.1409739851951599,0.09048467874526978,0.09515094757080078,0.10013312101364136,0.06757181882858276,0.08548849821090698,0.06977391242980957,0.07149946689605713,THUMBS_UP
0.0,0.0,-0.002767503261566162,-0.1067238450050354,0.02662891149520874,-0.224501371383667,0.04823809862136841,-0.3216361403465271,0.06074422597885132,-0.40924084186553955,0.12711715698242188,-0.16312038898468018,0.06715863943099976,-0.14872145652770996,0.04023462533950806,-0.1314016580581665,0.04891395568847656,-0.13148349523544312,0.14374887943267822,-0.07565891742706299,0.06514769792556763,-0.059918880462646484,0.042382240295410156,-0.06012076139450073,0.05529099702835083,-0.07191628217697144,0.14084047079086304,0.010637402534484863,0.0688551664352417,0.016439199447631836,0.047012150287628174,0.010889828205108643,0.05991262197494507,-0.0012796521186828613,0.12852263450622559,0.08458995819091797,0.0823904275894165,0.09040474891662598,0.05938047170639038,0.07940006256103516,0.06316572427749634,0.06640338897705078,THUMBS_UP
0.0,0.0,-0.008959531784057617,-0.10855674743652344,0.018234431743621826,-0.23200523853302002,0.037322044372558594,-0.33262234926223755,0.04833352565765381,-0.41958215832710266,0.11106425523757935,-0.17178672552108765,0.04484158754348755,-0.1622968316078186,0.028643429279327393,-0.1510986089706421,0.043238699436187744,-0.15393167734146118,0.12906289100646973,-0.08432269096374512,0.03973263502120972,-0.07124209403991699,0.03539097309112549,-0.07527071237564087,0.05688446760177612,-0.09076976776123047,0.126193106174469,0.0024303793907165527,0.046591341495513916,0.0031083226203918457,0.03787553310394287,-0.0054035186767578125,0.05697757005691528,-0.019018828868865967,0.11394917964935303,0.07425045967102051,0.05927342176437378,0.07225000858306885,0.04762530326843262,0.06363540887832642,0.059224605560302734,0.0545194149017334,THUMBS_UP
0.0,0.0,-0.027763426303863525,-0.09420597553253174,-0.005297243595123291,-0.25066107511520386,0.010755777359008789,-0.3594626784324646,0.01329350471496582,-0.4446883797645569,0.06638836860656738,-0.20272314548492432,-0.003300189971923828,-0.20431876182556152,-0.0028104782104492188,-0.17417240142822266,0.017695724964141846,-0.16762852668762207,0.09275990724563599,-0.1146804690361023,-0.02795279026031494,-0.09728771448135376,0.0001341104507446289,-0.09414863586425781,0.036174237728118896,-0.09661227464675903,0.08928704261779785,-0.02382296323776245,-0.02012115716934204,-0.016937851905822754,-0.0009711384773254395,-0.022376418113708496,0.0338326096534729,-0.025280356407165527,0.07338851690292358,0.054885029792785645,-0.008806407451629639,0.05395841598510742,0.004965007305145264,0.04941338300704956,0.03590947389602661,0.048392415046691895,THUMBS_UP
0.0,0.0,-0.02671205997467041,-0.08763390779495239,-0.017129182815551758,-0.24235987663269043,-0.011461436748504639,-0.34467029571533203,-0.011718392372131348,-0.4263467490673065,0.04590046405792236,-0.18829834461212158,-0.03288614749908447,-0.1894206404685974,-0.02425485849380493,-0.15386778116226196,0.002710282802581787,-0.14554542303085327,0.07044082880020142,-0.10077720880508423,-0.05349266529083252,-0.0771026611328125,-0.019763648509979248,-0.06949293613433838,0.021618306636810303,-0.07276856899261475,0.06987720727920532,-0.009187936782836914,-0.043966472148895264,0.008495092391967773,-0.019192814826965332,0.006394863128662109,0.020112276077270508,0.00023436546325683594,0.05782127380371094,0.07634156942367554,-0.026611745357513428,0.08615237474441528,-0.009256422519683838,0.083088219165802,0.024560749530792236,0.07983458042144775,THUMBS_UP
0.0,0.0,-0.022286653518676758,-0.13004589080810547,-0.030784189701080322,-0.26236486434936523,-0.032306134700775146,-0.36571741104125977,-0.03223156929016113,-0.459099143743515,0.029076099395751953,-0.2018234133720398,-0.07305485010147095,-0.19562649726867676,-0.0635145902633667,-0.16753637790679932,-0.030612826347351074,-0.16888248920440674,0.03461843729019165,-0.10926002264022827,-0.08282601833343506,-0.10835903882980347,-0.06090283393859863,-0.09859275817871094,-0.02648293972015381,-0.10577791929244995,0.03049832582473755,-0.022751927375793457,-0.07834827899932861,-0.027839839458465576,-0.056130826473236084,-0.02255260944366455,-0.023677527904510498,-0.022080540657043457,0.020685434341430664,0.05710655450820923,-0.05920368432998657,0.04749327898025513,-0.044142842292785645,0.0456925630569458,-0.015134751796722412,0.04782545566558838,THUMBS_UP
0.0,0.0,-0.022161662578582764,-0.13456302881240845,-0.03106898069381714,-0.2672955393791199,-0.03427422046661377,-0.37123605608940125,-0.043370068073272705,-0.45476651191711426,0.014619290828704834,-0.1983150839805603,-0.09328162670135498,-0.16822665929794312,-0.07573658227920532,-0.1436435580253601,-0.040133655071258545,-0.15564954280853271,0.02333509922027588,-0.09811913967132568,-0.09620159864425659,-0.0866655707359314,-0.06753093004226685,-0.08126652240753174,-0.03289824724197388,-0.0942080020904541,0.023457884788513184,-0.012445807456970215,-0.08680462837219238,-0.006073296070098877,-0.06129300594329834,-0.007958054542541504,-0.028258442878723145,-0.011199474334716797,0.01690387725830078,0.06248295307159424,-0.06482881307601929,0.06141561269760132,-0.04720503091812134,0.05738556385040283,-0.016191482543945312,0.05698275566101074,THUMBS_UP
0.0,0.0,-0.044337570667266846,-0.14644116163253784,-0.08499127626419067,-0.29450950026512146,-0.10706830024719238,-0.41677236557006836,-0.10911679267883301,-0.5202270746231079,-0.046942949295043945,-0.2792360782623291,-0.15206500887870789,-0.2642284035682678,-0.15448343753814697,-0.22734779119491577,-0.13711711764335632,-0.2264878749847412,-0.03676319122314453,-0.18505334854125977,-0.15748578310012817,-0.1720287799835205,-0.13689306378364563,-0.1499730348587036,-0.10668784379959106,-0.15827453136444092,-0.03231632709503174,-0.097617506980896,-0.1485331654548645,-0.0858352780342102,-0.12371528148651123,-0.06925439834594727,-0.09076529741287231,-0.07639223337173462,-0.034345924854278564,-0.01738429069519043,-0.1257365345954895,-0.011182427406311035,-0.10946929454803467,-0.004051566123962402,-0.08063554763793945,-0.007314085960388184,THUMBS_UP
0.0,0.0,-0.03471606969833374,-0.11383461952209473,-0.06689614057540894,-0.24121412634849548,-0.07643944025039673,-0.3387147784233093,-0.07520312070846558,-0.42624998092651367,-0.02778017520904541,-0.17113545536994934,-0.13915112614631653,-0.15239989757537842,-0.11630138754844666,-0.14390909671783447,-0.0845409631729126,-0.1543084979057312,-0.0167616605758667,-0.0674363374710083,-0.1466723382472992,-0.06767433881759644,-0.11786431074142456,-0.06977444887161255,-0.0798342227935791,-0.06874990463256836,-0.014285385608673096,0.024196267127990723,-0.13606905937194824,0.016591429710388184,-0.10680201649665833,0.013802289962768555,-0.06825786828994751,0.012840211391448975,-0.021586358547210693,0.10323083400726318,-0.11238667368888855,0.09660106897354126,-0.08858358860015869,0.08435279130935669,-0.05485743284225464,0.07713449001312256,THUMBS_UP
0.0,0.0,-0.038589417934417725,-0.12107884883880615,-0.08142071962356567,-0.24858173727989197,-0.1112358570098877,-0.346829891204834,-0.12548395991325378,-0.4409298002719879,-0.05713462829589844,-0.18390077352523804,-0.1716422438621521,-0.15633976459503174,-0.14235535264015198,-0.1516571044921875,-0.10688650608062744,-0.16420280933380127,-0.04772835969924927,-0.08237606287002563,-0.18021303415298462,-0.07122713327407837,-0.14717698097229004,-0.07787728309631348,-0.10610949993133545,-0.07764452695846558,-0.04379570484161377,0.011242449283599854,-0.16868337988853455,0.01419001817703247,-0.13656198978424072,0.008996188640594482,-0.09646481275558472,0.00524216890335083,-0.04731971025466919,0.09475362300872803,-0.14333707094192505,0.09862083196640015,-0.1183738112449646,0.08320993185043335,-0.08295756578445435,0.07487338781356812,THUMBS_UP
0.0,0.0,-0.03405487537384033,-0.11287778615951538,-0.08065176010131836,-0.23818635940551758,-0.11098510026931763,-0.3350381851196289,-0.1260654330253601,-0.42738744616508484,-0.05828285217285156,-0.18493562936782837,-0.17480185627937317,-0.15678763389587402,-0.14816027879714966,-0.15179657936096191,-0.11181479692459106,-0.15832775831222534,-0.04823470115661621,-0.08198684453964233,-0.1800808310508728,-0.06831055879592896,-0.1501261293888092,-0.07150644063949585,-0.10816895961761475,-0.064858078956604,-0.04648780822753906,0.0139656662940979,-0.16493448615074158,0.021405398845672607,-0.13546669483184814,0.01681220531463623,-0.09602212905883789,0.014570236206054688,-0.05276578664779663,0.10121053457260132,-0.14709091186523438,0.104076087474823,-0.12099689245223999,0.09036487340927124,-0.08455389738082886,0.08640033006668091,THUMBS_UP
0.0,0.0,-0.034796297550201416,-0.11713391542434692,-0.08556222915649414,-0.24732708930969238,-0.1205320954322815,-0.34454676508903503,-0.14210426807403564,-0.4310072958469391,-0.07011127471923828,-0.19147664308547974,-0.18546289205551147,-0.16367435455322266,-0.1562824249267578,-0.16351401805877686,-0.11702537536621094,-0.1708543300628662,-0.06191462278366089,-0.08357453346252441,-0.1887839138507843,-0.06956779956817627,-0.1575189232826233,-0.07784444093704224,-0.11442846059799194,-0.0772390365600586,-0.06070876121520996,0.014855265617370605,-0.17876368761062622,0.019874155521392822,-0.14859157800674438,0.01172029972076416,-0.10679012537002563,0.005909264087677002,-0.06559818983078003,0.10580331087112427,-0.15942656993865967,0.10603731870651245,-0.13494977355003357,0.08561241626739502,-0.09699666500091553,0.07592064142227173,THUMBS_UP
0.0,0.0,-0.03437250852584839,-0.13000190258026123,-0.09104740619659424,-0.2512781023979187,-0.13008111715316772,-0.34954822063446045,-0.1518665850162506,-0.4390125274658203,-0.09984791278839111,-0.19019001722335815,-0.21453779935836792,-0.17690300941467285,-0.18483787775039673,-0.16411185264587402,-0.14220893383026123,-0.16283923387527466,-0.09574395418167114,-0.08515214920043945,-0.21859097480773926,-0.08432930707931519,-0.1850062608718872,-0.08166372776031494,-0.1408042311668396,-0.08246737718582153,-0.09581422805786133,0.011869609355926514,-0.21083882451057434,0.008829474449157715,-0.1768035888671875,0.00340425968170166,-0.1338193416595459,-0.0036339759826660156,-0.09744560718536377,0.10143274068832397,-0.1901608407497406,0.09572315216064453,-0.1633201241493225,0.0807846188545227,-0.12410509586334229,0.07317686080932617,THUMBS_UP
0.0,0.0,-0.040131330490112305,-0.13087773323059082,-0.10201796889305115,-0.23811495304107666,-0.1410941779613495,-0.33465832471847534,-0.15924638509750366,-0.4271679222583771,-0.12394767999649048,-0.16639286279678345,-0.23207765817642212,-0.14993786811828613,-0.19666212797164917,-0.14363527297973633,-0.15440568327903748,-0.14274293184280396,-0.11932352185249329,-0.05706268548965454,-0.2349492311477661,-0.05776333808898926,-0.1987009048461914,-0.061767518520355225,-0.15571662783622742,-0.061473965644836426,-0.11570793390274048,0.0434950590133667,-0.22420957684516907,0.03796494007110596,-0.18895766139030457,0.0259702205657959,-0.14660793542861938,0.020865797996520996,-0.11222246289253235,0.13256299495697021,-0.20124146342277527,0.12392455339431763,-0.17200607061386108,0.10599708557128906,-0.13362938165664673,0.09983611106872559,THUMBS_UP
0.0,0.0,-0.045532286167144775,-0.13067638874053955,-0.10694080591201782,-0.2370883822441101,-0.15108495950698853,-0.33231043815612793,-0.17162713408470154,-0.4209078252315521,-0.13605129718780518,-0.12780267000198364,-0.24658313393592834,-0.11427122354507446,-0.20917361974716187,-0.11672091484069824,-0.16551032662391663,-0.11802917718887329,-0.13037902116775513,-0.015911519527435303,-0.24623003602027893,-0.01434779167175293,-0.20928224921226501,-0.025206148624420166,-0.16592168807983398,-0.03156912326812744,-0.1230413019657135,0.0781935453414917,-0.23109692335128784,0.07902342081069946,-0.1958877444267273,0.06505560874938965,-0.15494510531425476,0.05474221706390381,-0.1152888834476471,0.15150177478790283,-0.193463534116745,0.145987868309021,-0.16662034392356873,0.1318933367729187,-0.13447973132133484,0.12581944465637207,THUMBS_UP
0.0,0.0,-0.044542551040649414,-0.12897127866744995,-0.10563924908638,-0.22883635759353638,-0.1623806655406952,-0.31523239612579346,-0.18765568733215332,-0.4045425355434418,-0.14764291048049927,-0.10405099391937256,-0.254486083984375,-0.09863406419754028,-0.2177610993385315,-0.10373169183731079,-0.17435264587402344,-0.10409891605377197,-0.14886915683746338,0.009627342224121094,-0.2568948566913605,0.000921785831451416,-0.2210492491722107,-0.013889014720916748,-0.17963147163391113,-0.014952301979064941,-0.14653730392456055,0.10161834955215454,-0.2452176809310913,0.09035289287567139,-0.21140950918197632,0.07445496320724487,-0.1726234257221222,0.07365113496780396,-0.14288857579231262,0.1673864722251892,-0.21730825304985046,0.1589152216911316,-0.19234725832939148,0.14768582582473755,-0.1638663411140442,0.14929968118667603,THUMBS_UP
0.0,0.0,-0.04775214195251465,-0.12625908851623535,-0.11243444681167603,-0.22625958919525146,-0.16628584265708923,-0.31561553478240967,-0.1888676881790161,-0.408761590719223,-0.14759215712547302,-0.10542857646942139,-0.25771844387054443,-0.09421777725219727,-0.22119036316871643,-0.09985744953155518,-0.17862695455551147,-0.10396379232406616,-0.14471250772476196,0.009127318859100342,-0.2579008936882019,0.004176318645477295,-0.22210988402366638,-0.01082909107208252,-0.1800830364227295,-0.014203310012817383,-0.13753914833068848,0.10298484563827515,-0.24409663677215576,0.09935116767883301,-0.2099657654762268,0.08177828788757324,-0.17007723450660706,0.07687288522720337,-0.12820139527320862,0.17214977741241455,-0.20729544758796692,0.1699446439743042,-0.1813163459300995,0.15488457679748535,-0.1514032483100891,0.15177619457244873,THUMBS_UP
0.0,0.0,-0.047685325145721436,-0.13377797603607178,-0.11341148614883423,-0.2388632893562317,-0.16182994842529297,-0.32695508003234863,-0.18307197093963623,-0.4146803915500641,-0.14408200979232788,-0.13421159982681274,-0.2526934742927551,-0.1156473159790039,-0.21850773692131042,-0.11485350131988525,-0.17774319648742676,-0.12024885416030884,-0.13774773478507996,-0.02079594135284424,-0.2542169988155365,-0.020686626434326172,-0.22044697403907776,-0.027810275554656982,-0.17952722311019897,-0.031447768211364746,-0.1297120451927185,0.0796658992767334,-0.2395540177822113,0.0733950138092041,-0.2053777277469635,0.05976134538650513,-0.1656074821949005,0.053416430950164795,-0.12061354517936707,0.1611337661743164,-0.20310142636299133,0.14650356769561768,-0.1754317283630371,0.13059639930725098,-0.14387112855911255,0.12719666957855225,THUMBS_UP
0.0,0.0,-0.043768614530563354,-0.1328306794166565,-0.10695955157279968,-0.24285387992858887,-0.1502678096294403,-0.33364608883857727,-0.16717946529388428,-0.4232240319252014,-0.13332480192184448,-0.15964436531066895,-0.2411574125289917,-0.13257098197937012,-0.2092265486717224,-0.1258394718170166,-0.16794553399085999,-0.13003605604171753,-0.1281454861164093,-0.04804438352584839,-0.24386727809906006,-0.039208829402923584,-0.20996147394180298,-0.041570305824279785,-0.16828027367591858,-0.04389578104019165,-0.12266033887863159,0.053865790367126465,-0.23033446073532104,0.05598163604736328,-0.19680535793304443,0.04554927349090576,-0.15619242191314697,0.03912478685379028,-0.11590576171875,0.14312231540679932,-0.20474502444267273,0.13744604587554932,-0.17727059125900269,0.12233859300613403,-0.14184293150901794,0.1167062520980835,THUMBS_UP
0.0,0.0,-0.04263073205947876,-0.12999194860458374,-0.1062290370464325,-0.24134933948516846,-0.14882579445838928,-0.33620813488960266,-0.16419202089309692,-0.4260258674621582,-0.12415355443954468,-0.17714738845825195,-0.2361302673816681,-0.13888609409332275,-0.20419901609420776,-0.1271975040435791,-0.16444560885429382,-0.1355447769165039,-0.11725324392318726,-0.06842494010925293,-0.23995566368103027,-0.048306405544281006,-0.2049773931503296,-0.04504227638244629,-0.16308200359344482,-0.05148780345916748,-0.11251690983772278,0.0329359769821167,-0.2263067662715912,0.04787355661392212,-0.19102129340171814,0.04004263877868652,-0.1491740345954895,0.028730332851409912,-0.1076178252696991,0.12554985284805298,-0.20031380653381348,0.12983423471450806,-0.17157846689224243,0.11530476808547974,-0.1339471936225891,0.10539710521697998,THUMBS_UP
0.0,0.0,-0.04210352897644043,-0.13108891248703003,-0.10665896534919739,-0.24502742290496826,-0.1465785801410675,-0.34376510977745056,-0.16020458936691284,-0.4371059834957123,-0.11489778757095337,-0.1791226863861084,-0.2301875352859497,-0.14214438199996948,-0.19770056009292603,-0.13520169258117676,-0.15652450919151306,-0.1469787359237671,-0.10520046949386597,-0.07028806209564209,-0.2331727147102356,-0.05042225122451782,-0.1973605453968048,-0.052467405796051025,-0.15259337425231934,-0.06036078929901123,-0.09989374876022339,0.0299605131149292,-0.22059601545333862,0.04836714267730713,-0.1848601996898651,0.03587043285369873,-0.1407490074634552,0.0227736234664917,-0.09620296955108643,0.121570885181427,-0.1929512917995453,0.1333494782447815,-0.1653929054737091,0.11364442110061646,-0.1257561445236206,0.09965664148330688,THUMBS_UP
0.0,0.0,-0.04046070575714111,-0.1249280571937561,-0.10229936242103577,-0.24604731798171997,-0.13655972480773926,-0.3478381633758545,-0.14695236086845398,-0.44512611627578735,-0.09285783767700195,-0.17657840251922607,-0.21599909663200378,-0.13908302783966064,-0.1835552155971527,-0.13495641946792603,-0.14038047194480896,-0.1456325650215149,-0.07988661527633667,-0.06290918588638306,-0.21937167644500732,-0.04024386405944824,-0.18187028169631958,-0.05001986026763916,-0.13369250297546387,-0.059323668479919434,-0.07418692111968994,0.037088215351104736,-0.20560848712921143,0.05940806865692139,-0.1682758927345276,0.042502522468566895,-0.12192371487617493,0.028354108333587646,-0.07268476486206055,0.12727820873260498,-0.17527693510055542,0.14243781566619873,-0.14776107668876648,0.11776173114776611,-0.10633617639541626,0.10259205102920532,THUMBS_UP
0.0,0.0,-0.0415840744972229,-0.11376404762268066,-0.09522581100463867,-0.24005329608917236,-0.12119662761688232,-0.3486192524433136,-0.12326401472091675,-0.4550974667072296,-0.057697683572769165,-0.16328293085098267,-0.1863151490688324,-0.1257118582725525,-0.1558823585510254,-0.13245457410812378,-0.1141669750213623,-0.14538317918777466,-0.042703866958618164,-0.05107229948043823,-0.19059163331985474,-0.026406407356262207,-0.15627339482307434,-0.04354172945022583,-0.10733503103256226,-0.04661673307418823,-0.04025176167488098,0.048720479011535645,-0.18201181292533875,0.07027947902679443,-0.14864495396614075,0.04871124029159546,-0.10126551985740662,0.037364959716796875,-0.04757624864578247,0.13972872495651245,-0.1559787094593048,0.15061324834823608,-0.13069996237754822,0.11968755722045898,-0.08969399333000183,0.10570895671844482,THUMBS_UP
0.0,0.0,-0.021647155284881592,-0.1382836103439331,-0.041002243757247925,-0.26603585481643677,-0.05381268262863159,-0.3796553313732147,-0.05883863568305969,-0.488605260848999,0.006485432386398315,-0.1655256748199463,-0.12204721570014954,-0.14508742094039917,-0.10700079798698425,-0.13539832830429077,-0.06537887454032898,-0.14900654554367065,0.016875863075256348,-0.03946775197982788,-0.13521841168403625,-0.03081381320953369,-0.10317081212997437,-0.04071313142776489,-0.05734947323799133,-0.06190955638885498,0.017001569271087646,0.0621066689491272,-0.12701427936553955,0.06927847862243652,-0.09647136926651001,0.04918617010116577,-0.0540543794631958,0.034349024295806885,0.007629841566085815,0.1483796238899231,-0.1035616397857666,0.1517537236213684,-0.08700883388519287,0.13284587860107422,-0.05410492420196533,0.12287366390228271,THUMBS_UP
0.0,0.0,-0.018787115812301636,-0.08621871471405029,-0.008622139692306519,-0.267553448677063,-0.0018353760242462158,-0.3858979642391205,-0.004591941833496094,-0.4656651020050049,0.03615233302116394,-0.19115877151489258,-0.05874350666999817,-0.19658160209655762,-0.04733356833457947,-0.16398173570632935,-0.017202168703079224,-0.1559658646583557,0.06575706601142883,-0.07666313648223877,-0.09193477034568787,-0.0543820858001709,-0.04766705632209778,-0.060374557971954346,-0.0021754801273345947,-0.06860917806625366,0.058205634355545044,0.0305059552192688,-0.08161833882331848,0.048656344413757324,-0.049679338932037354,0.02637767791748047,-0.004465699195861816,0.015178203582763672,0.041500359773635864,0.1258695125579834,-0.05821347236633301,0.12564194202423096,-0.03988620638847351,0.10799884796142578,-0.007358521223068237,0.10441124439239502,THUMBS_UP
0.0,0.0,-0.0217302143573761,-0.11095768213272095,0.009867668151855469,-0.2581089735031128,0.03384286165237427,-0.36156919598579407,0.045310914516448975,-0.4562646746635437,0.08946889638900757,-0.15011900663375854,0.0021524429321289062,-0.1424083709716797,0.005900323390960693,-0.14757013320922852,0.03182500600814819,-0.1576000452041626,0.11675983667373657,-0.028879106044769287,-0.037687063217163086,-0.02315741777420044,-0.0016814470291137695,-0.044150352478027344,0.0382920503616333,-0.05749553442001343,0.1030733585357666,0.07435226440429688,-0.03271377086639404,0.0707821249961853,-0.008401304483413696,0.04120063781738281,0.02377566695213318,0.027561604976654053,0.07804548740386963,0.15625321865081787,-0.015634804964065552,0.15876370668411255,0.002353161573410034,0.1362168788909912,0.03384596109390259,0.11879134178161621,THUMBS_UP
0.0,0.0,-0.030398637056350708,-0.10146111249923706,-0.012198925018310547,-0.2447168231010437,0.00878220796585083,-0.35274213552474976,0.021573901176452637,-0.44533976912498474,0.07421290874481201,-0.1356523633003235,-0.015309154987335205,-0.12236875295639038,-0.008171558380126953,-0.13322299718856812,0.018035829067230225,-0.14332163333892822,0.09863901138305664,-0.00992584228515625,-0.04715028405189514,-0.003988146781921387,-0.009032130241394043,-0.03315603733062744,0.029733657836914062,-0.04762989282608032,0.08731138706207275,0.09082180261611938,-0.044392138719558716,0.0865219235420227,-0.016662657260894775,0.05018240213394165,0.019061625003814697,0.03714275360107422,0.06673824787139893,0.16855543851852417,-0.02830520272254944,0.15909141302108765,-0.007974803447723389,0.137703537940979,0.027966022491455078,0.12671995162963867,THUMBS_UP
0.0,0.0,-0.012960374355316162,-0.1127098798751831,-0.021575868129730225,-0.23504304885864258,-0.01518923044204712,-0.36002787947654724,-0.019637644290924072,-0.4660238027572632,0.08563768863677979,-0.15176010131835938,-0.041186392307281494,-0.10228615999221802,-0.0435219407081604,-0.11351293325424194,-0.013739407062530518,-0.12826871871948242,0.10605257749557495,-0.03308415412902832,-0.049300432205200195,-0.0029653310775756836,-0.04164576530456543,-0.035701096057891846,-0.006588995456695557,-0.056727051734924316,0.09767895936965942,0.07322263717651367,-0.04362773895263672,0.09139329195022583,-0.03237009048461914,0.056047797203063965,0.0033417344093322754,0.03357201814651489,0.07728523015975952,0.163652241230011,-0.027550220489501953,0.1757088303565979,-0.028071701526641846,0.13910388946533203,0.0017443299293518066,0.11587733030319214,THUMBS_UP
0.0,0.0,-0.018797695636749268,-0.14045697450637817,-0.012044847011566162,-0.2867356538772583,-0.004109799861907959,-0.40219512581825256,0.0037984848022460938,-0.5065708458423615,0.026911437511444092,-0.15216416120529175,0.0021170973777770996,-0.1807268261909485,-0.005837738513946533,-0.2158489227294922,-0.003445923328399658,-0.24064481258392334,0.03398633003234863,-0.023208320140838623,-0.00040650367736816406,-0.07260555028915405,0.005795657634735107,-0.13124340772628784,0.006394386291503906,-0.14114201068878174,0.033966064453125,0.07544589042663574,0.005030274391174316,0.025933802127838135,0.005000054836273193,-0.023431599140167236,0.004456639289855957,-0.026296138763427734,0.025977909564971924,0.14475703239440918,0.011877596378326416,0.09998214244842529,0.006299257278442383,0.05622529983520508,0.0010363459587097168,0.04903554916381836,THUMBS_UP
0.0,0.0,-0.0081978440284729,-0.12726718187332153,0.017227232456207275,-0.2626771330833435,0.034880638122558594,-0.3739498257637024,0.05291390419006348,-0.4789139926433563,0.13352692127227783,-0.1722744107246399,0.03473860025405884,-0.1334417462348938,0.012289941310882568,-0.14385676383972168,0.03410309553146362,-0.1668921709060669,0.14833295345306396,-0.05757945775985718,0.018711984157562256,-0.027476787567138672,0.015501976013183594,-0.05919301509857178,0.04720360040664673,-0.09222012758255005,0.1392950415611267,0.04432392120361328,0.01865994930267334,0.05507880449295044,0.016587138175964355,0.023187458515167236,0.04821139574050903,-0.006370723247528076,0.1198204755783081,0.12117493152618408,0.03207880258560181,0.12695884704589844,0.024390220642089844,0.10169798135757446,0.04760485887527466,0.07488685846328735,THUMBS_UP
0.0,0.0,-0.003103017807006836,-0.11624729633331299,0.029780447483062744,-0.24281787872314453,0.05610102415084839,-0.3512115478515625,0.07551199197769165,-0.4516221880912781,0.15541625022888184,-0.17265760898590088,0.0769873857498169,-0.1412675380706787,0.04173320531845093,-0.13395655155181885,0.0546000599861145,-0.143474280834198,0.1706361174583435,-0.06721001863479614,0.07383185625076294,-0.04193580150604248,0.041341543197631836,-0.05577957630157471,0.05617791414260864,-0.07439517974853516,0.1622801423072815,0.030403316020965576,0.06788045167922974,0.04408687353134155,0.03997993469238281,0.021349668502807617,0.05703645944595337,-0.0020508170127868652,0.14235550165176392,0.11249685287475586,0.07276678085327148,0.12253373861312866,0.04068118333816528,0.09621238708496094,0.04456925392150879,0.06848889589309692,THUMBS_UP
0.0,0.0,0.0023859143257141113,-0.11380946636199951,0.041489481925964355,-0.23759692907333374,0.07118958234786987,-0.3458806276321411,0.09143829345703125,-0.4448659121990204,0.1657397747039795,-0.17344796657562256,0.1191815733909607,-0.15163397789001465,0.07566815614700317,-0.13556122779846191,0.07806569337844849,-0.13835233449935913,0.1845366358757019,-0.07437455654144287,0.12102746963500977,-0.05651295185089111,0.0726500153541565,-0.05968505144119263,0.07751113176345825,-0.06806087493896484,0.17938876152038574,0.02129662036895752,0.11651885509490967,0.03100442886352539,0.07304573059082031,0.018052279949188232,0.0789756178855896,0.005499839782714844,0.16257518529891968,0.10692781209945679,0.11578929424285889,0.11628603935241699,0.07778322696685791,0.0929633378982544,0.07579147815704346,0.07278430461883545,THUMBS_UP
0.0,0.0,0.0065381526947021484,-0.11563354730606079,0.047423601150512695,-0.2395988404750824,0.07890504598617554,-0.3436677157878876,0.09938865900039673,-0.4384653866291046,0.16733473539352417,-0.17017340660095215,0.13505035638809204,-0.15975302457809448,0.08717125654220581,-0.14007091522216797,0.081276535987854,-0.13791006803512573,0.18763524293899536,-0.07293868064880371,0.13323408365249634,-0.06528580188751221,0.08260297775268555,-0.06294286251068115,0.08257955312728882,-0.06891661882400513,0.18281573057174683,0.020498216152191162,0.12695950269699097,0.02385634183883667,0.08272784948348999,0.01598268747329712,0.08554375171661377,0.005517780780792236,0.16638588905334473,0.10269445180892944,0.12361150979995728,0.10777515172958374,0.08629655838012695,0.08659249544143677,0.08385986089706421,0.06716346740722656,THUMBS_UP
0.0,0.0,0.00798100233078003,-0.11545592546463013,0.05550193786621094,-0.23896145820617676,0.0899728536605835,-0.34168845415115356,0.11029177904129028,-0.436820387840271,0.17150557041168213,-0.1769276261329651,0.1503848433494568,-0.15541142225265503,0.09857583045959473,-0.1332067847251892,0.08819347620010376,-0.13394540548324585,0.1930791735649109,-0.08273136615753174,0.14771628379821777,-0.060566842555999756,0.09419667720794678,-0.05769437551498413,0.0920068621635437,-0.06954562664031982,0.18945461511611938,0.009678781032562256,0.1389971375465393,0.02686285972595215,0.09280949831008911,0.018551170825958252,0.09508877992630005,0.0013715624809265137,0.17429959774017334,0.09162992238998413,0.13424444198608398,0.10574740171432495,0.09691643714904785,0.08680993318557739,0.09577196836471558,0.06369709968566895,THUMBS_UP
0.0,0.0,0.009145200252532959,-0.11479973793029785,0.05519062280654907,-0.24069225788116455,0.08895003795623779,-0.34416061639785767,0.10783994197845459,-0.43672508001327515,0.16480839252471924,-0.18494904041290283,0.15596044063568115,-0.15895509719848633,0.10136717557907104,-0.1306414008140564,0.08699560165405273,-0.1267833709716797,0.1874070167541504,-0.0943874716758728,0.1626238226890564,-0.0696936845779419,0.10101979970932007,-0.059943437576293945,0.0930590033531189,-0.07082170248031616,0.186318039894104,-0.0048160552978515625,0.15404921770095825,0.0194624662399292,0.09998959302902222,0.014751911163330078,0.09583836793899536,-0.00411301851272583,0.17464029788970947,0.07399320602416992,0.15014487504959106,0.0922810435295105,0.10904276371002197,0.07741856575012207,0.10357487201690674,0.0549776554107666,THUMBS_UP
0.0,0.0,0.008191347122192383,-0.11970639228820801,0.05594545602798462,-0.2523375153541565,0.09001314640045166,-0.3567544221878052,0.1068839430809021,-0.45113682746887207,0.1634223461151123,-0.20922398567199707,0.16261661052703857,-0.18035459518432617,0.10879969596862793,-0.15329337120056152,0.09793591499328613,-0.1513676643371582,0.1862228512763977,-0.119870126247406,0.1724400520324707,-0.08873695135116577,0.10982471704483032,-0.08279687166213989,0.1062244176864624,-0.09839355945587158,0.1862819790840149,-0.030647754669189453,0.16596591472625732,-0.0007814764976501465,0.10954529047012329,-0.008708298206329346,0.10733920335769653,-0.030719101428985596,0.17658978700637817,0.049334585666656494,0.16184598207473755,0.07021933794021606,0.11935466527938843,0.05473428964614868,0.11375409364700317,0.030862033367156982,THUMBS_UP
0.0,0.0,0.0068089962005615234,-0.11977595090866089,0.0546298623085022,-0.2563265562057495,0.08489704132080078,-0.36137574911117554,0.09921401739120483,-0.45383980870246887,0.15633589029312134,-0.21719872951507568,0.1578691601753235,-0.1931019425392151,0.10232585668563843,-0.16204404830932617,0.09241694211959839,-0.15848004817962646,0.18073803186416626,-0.12936252355575562,0.17037296295166016,-0.10411876440048218,0.10646164417266846,-0.09554100036621094,0.10491383075714111,-0.1095811128616333,0.1827191710472107,-0.04159581661224365,0.16541647911071777,-0.016072392463684082,0.10819071531295776,-0.02057713270187378,0.10798412561416626,-0.039787471294403076,0.17508310079574585,0.03535693883895874,0.16180920600891113,0.05346184968948364,0.11801588535308838,0.04095500707626343,0.11337292194366455,0.020827651023864746,THUMBS_UP
0.0,0.0,0.005268990993499756,-0.1161840558052063,0.04644972085952759,-0.24995487928390503,0.0748366117477417,-0.35609549283981323,0.08670884370803833,-0.44607919454574585,0.140619695186615,-0.2142120599746704,0.15641069412231445,-0.19352692365646362,0.10100018978118896,-0.15710341930389404,0.08577418327331543,-0.15266942977905273,0.1631690263748169,-0.12962019443511963,0.17169135808944702,-0.11199188232421875,0.10578280687332153,-0.09327179193496704,0.0986793041229248,-0.10565680265426636,0.16821175813674927,-0.045477211475372314,0.1701289415359497,-0.022001922130584717,0.11049354076385498,-0.019887030124664307,0.10298627614974976,-0.040616750717163086,0.16451525688171387,0.0296136736869812,0.16697251796722412,0.04855453968048096,0.120250403881073,0.0394822359085083,0.10903126001358032,0.016659796237945557,THUMBS_UP
0.0,0.0,0.003804504871368408,-0.11637628078460693,0.042095303535461426,-0.2454160451889038,0.07018649578094482,-0.34704482555389404,0.081146240234375,-0.43634113669395447,0.12372124195098877,-0.19904839992523193,0.1534872055053711,-0.19627755880355835,0.1045953631401062,-0.15682274103164673,0.08568006753921509,-0.14639246463775635,0.143263041973114,-0.11626279354095459,0.17151129245758057,-0.11556631326675415,0.11018770933151245,-0.0898137092590332,0.09434276819229126,-0.09480905532836914,0.14985263347625732,-0.03668999671936035,0.17162418365478516,-0.02719026803970337,0.11484771966934204,-0.018095791339874268,0.09772717952728271,-0.03311026096343994,0.14842933416366577,0.03607892990112305,0.16945797204971313,0.05092120170593262,0.12790411710739136,0.04664945602416992,0.11099416017532349,0.026584863662719727,THUMBS_UP
0.0,0.0,0.0035033226013183594,-0.11216115951538086,0.041742801666259766,-0.24001431465148926,0.06902825832366943,-0.3427029848098755,0.07997065782546997,-0.432312935590744,0.12942081689834595,-0.2015918493270874,0.14879769086837769,-0.19339990615844727,0.09707921743392944,-0.15522706508636475,0.07880634069442749,-0.14485514163970947,0.15114468336105347,-0.11908113956451416,0.16233086585998535,-0.11410754919052124,0.1004834771156311,-0.09115421772003174,0.08826398849487305,-0.09656983613967896,0.1569409966468811,-0.03723233938217163,0.1631453037261963,-0.02680724859237671,0.10536623001098633,-0.019427239894866943,0.09172463417053223,-0.0333554744720459,0.15418201684951782,0.036541759967803955,0.16270440816879272,0.046416640281677246,0.11820417642593384,0.04241979122161865,0.10298001766204834,0.025925874710083008,THUMBS_UP
0.0,0.0,0.00728994607925415,-0.1123659610748291,0.04999053478240967,-0.23982781171798706,0.07757526636123657,-0.340575635433197,0.08959090709686279,-0.4267966151237488,0.14532065391540527,-0.19910073280334473,0.15128874778747559,-0.18823111057281494,0.09901398420333862,-0.1546562910079956,0.08513885736465454,-0.1453229784965515,0.16871631145477295,-0.11547374725341797,0.16267234086990356,-0.10718810558319092,0.10210013389587402,-0.09154659509658813,0.09766298532485962,-0.09682947397232056,0.17150133848190308,-0.030717968940734863,0.15957111120224,-0.019833683967590332,0.10564851760864258,-0.020474731922149658,0.10292553901672363,-0.033485472202301025,0.16524887084960938,0.04390674829483032,0.15575677156448364,0.05037200450897217,0.11299437284469604,0.03774827718734741,0.10655021667480469,0.021830439567565918,THUMBS_UP
0.0,0.0,0.0045168399810791016,-0.11233842372894287,0.04202550649642944,-0.23857200145721436,0.06954866647720337,-0.3414035439491272,0.08420079946517944,-0.43404698371887207,0.15299701690673828,-0.19724535942077637,0.13501578569412231,-0.1841694712638855,0.08848756551742554,-0.1546381711959839,0.08237916231155396,-0.14517676830291748,0.176740825176239,-0.1104004979133606,0.13717257976531982,-0.0956566333770752,0.08610635995864868,-0.08683985471725464,0.08623450994491577,-0.08961695432662964,0.17654091119766235,-0.023075461387634277,0.1320253610610962,-0.009404420852661133,0.0874890685081482,-0.013401687145233154,0.0908166766166687,-0.023497283458709717,0.166337251663208,0.054955363273620605,0.13318926095962524,0.0647575855255127,0.09713518619537354,0.05148947238922119,0.09604895114898682,0.035987019538879395,THUMBS_UP
0.0,0.0,0.001121819019317627,-0.11396521329879761,0.03512305021286011,-0.23827093839645386,0.06109970808029175,-0.33990049362182617,0.07656598091125488,-0.431418240070343,0.14669853448867798,-0.18986916542053223,0.11600911617279053,-0.1765989065170288,0.07566690444946289,-0.15415525436401367,0.07514083385467529,-0.1500503420829773,0.16852623224258423,-0.10194599628448486,0.11598467826843262,-0.08762121200561523,0.07120847702026367,-0.08514875173568726,0.07509547472000122,-0.08759021759033203,0.16725820302963257,-0.015563726425170898,0.11285561323165894,-0.00038373470306396484,0.07273125648498535,-0.010636627674102783,0.07837498188018799,-0.020998001098632812,0.15534520149230957,0.061843037605285645,0.1150510311126709,0.07477450370788574,0.07983189821243286,0.05753743648529053,0.07914990186691284,0.04119765758514404,THUMBS_UP
0.0,0.0,0.0004801154136657715,-0.11176455020904541,0.03167468309402466,-0.22848957777023315,0.05741459131240845,-0.3237881660461426,0.07305711507797241,-0.41411706805229187,0.14435136318206787,-0.16455549001693726,0.0917506217956543,-0.15068364143371582,0.057725369930267334,-0.13129067420959473,0.060736656188964844,-0.1256738305091858,0.16098695993423462,-0.07527095079421997,0.09214043617248535,-0.06664472818374634,0.05709117650985718,-0.06778252124786377,0.06114387512207031,-0.07209062576293945,0.1574534773826599,0.010752320289611816,0.09030932188034058,0.014291226863861084,0.05922675132751465,0.004272043704986572,0.06585937738418579,-0.0055876970291137695,0.1438271403312683,0.08588063716888428,0.09752970933914185,0.09120738506317139,0.06737518310546875,0.07593965530395508,0.06712853908538818,0.06089097261428833,THUMBS_UP
0.0,0.0,0.0008822083473205566,-0.10812920331954956,0.03254908323287964,-0.22228524088859558,0.05542057752609253,-0.31764042377471924,0.06742280721664429,-0.40468829870224,0.13606005907058716,-0.15162962675094604,0.07551580667495728,-0.13871783018112183,0.045771896839141846,-0.12295830249786377,0.05332052707672119,-0.12080216407775879,0.15127944946289062,-0.06202554702758789,0.07119691371917725,-0.052072107791900635,0.04367321729660034,-0.05404895544052124,0.05232393741607666,-0.06254583597183228,0.14715737104415894,0.02440565824508667,0.07402127981185913,0.025084972381591797,0.047725677490234375,0.015740036964416504,0.056577205657958984,0.0047920942306518555,0.13367712497711182,0.0991983413696289,0.08713716268539429,0.10162228345870972,0.06070965528488159,0.08847975730895996,0.06105595827102661,0.07543247938156128,THUMBS_UP
0.0,0.0,-0.0033726096153259277,-0.1106874942779541,0.0243910551071167,-0.22757211327552795,0.04300564527511597,-0.32497507333755493,0.053455233573913574,-0.4129127562046051,0.12122654914855957,-0.15979427099227905,0.056080639362335205,-0.15069735050201416,0.03305387496948242,-0.1357898712158203,0.04284745454788208,-0.1331956386566162,0.137448251247406,-0.06982135772705078,0.053022682666778564,-0.06097114086151123,0.0372195839881897,-0.0652114748954773,0.049713075160980225,-0.07864350080490112,0.13497638702392578,0.01710677146911621,0.05686497688293457,0.014072656631469727,0.039454102516174316,0.006832420825958252,0.05151098966598511,-0.004380345344543457,0.12315917015075684,0.09018838405609131,0.06957131624221802,0.08928549289703369,0.047275543212890625,0.07694357633590698,0.04850578308105469,0.06471168994903564,THUMBS_UP
0.0,0.0,-0.022204160690307617,-0.08740907907485962,0.0027801990509033203,-0.23449769616127014,0.021573424339294434,-0.34127289056777954,0.027956783771514893,-0.4250604808330536,0.08670049905776978,-0.16994214057922363,0.02372872829437256,-0.17179334163665771,0.016955792903900146,-0.15902918577194214,0.03278982639312744,-0.15900814533233643,0.11130648851394653,-0.07743579149246216,0.0029154419898986816,-0.07273036241531372,0.020207881927490234,-0.08095788955688477,0.04543566703796387,-0.0915488600730896,0.10697901248931885,0.013239383697509766,0.009268581867218018,0.0036423206329345703,0.018395543098449707,-0.012850642204284668,0.04126262664794922,-0.02409595251083374,0.0912327766418457,0.08605635166168213,0.022860288619995117,0.07363283634185791,0.024976611137390137,0.06231409311294556,0.04099065065383911,0.05775010585784912,THUMBS_UP
0.0,0.0,-0.02159029245376587,-0.111785888671875,-0.009396851062774658,-0.25813761353492737,-0.00244063138961792,-0.36287185549736023,0.0026978254318237305,-0.45513710379600525,0.06903082132339478,-0.20826464891433716,-0.021050989627838135,-0.20765554904937744,-0.015870869159698486,-0.17203861474990845,0.013134777545928955,-0.16113126277923584,0.08615309000015259,-0.11888349056243896,-0.031681597232818604,-0.10631763935089111,-0.006400644779205322,-0.09404850006103516,0.03213268518447876,-0.09328168630599976,0.08227568864822388,-0.02850186824798584,-0.0263749361038208,-0.02176278829574585,-0.0073680877685546875,-0.015565991401672363,0.0284385085105896,-0.01656663417816162,0.06702756881713867,0.05496180057525635,-0.017214536666870117,0.05835646390914917,-0.0029938817024230957,0.06024259328842163,0.030041038990020752,0.05922204256057739,THUMBS_UP
0.0,0.0,-0.018851816654205322,-0.10236930847167969,-0.016489744186401367,-0.26142990589141846,-0.014921128749847412,-0.36770376563072205,-0.012217283248901367,-0.4536294639110565,0.04549002647399902,-0.2053202986717224,-0.053482234477996826,-0.21464425325393677,-0.04289865493774414,-0.1725063920021057,-0.010778963565826416,-0.15839582681655884,0.06247389316558838,-0.11403155326843262,-0.06485360860824585,-0.11079543828964233,-0.034488022327423096,-0.09193837642669678,0.006163477897644043,-0.09141403436660767,0.059512197971343994,-0.02387160062789917,-0.057908713817596436,-0.016842663288116455,-0.033570706844329834,-0.007653713226318359,0.003314197063446045,-0.007515609264373779,0.04710829257965088,0.06279724836349487,-0.04019021987915039,0.06451535224914551,-0.025550425052642822,0.0665169358253479,0.005062282085418701,0.06649065017700195,THUMBS_UP
0.0,0.0,-0.022348225116729736,-0.15146082639694214,-0.03751915693283081,-0.29336661100387573,-0.045629918575286865,-0.4080299735069275,-0.05190366506576538,-0.5005978941917419,0.007023811340332031,-0.23698288202285767,-0.09568876028060913,-0.21340960264205933,-0.07979458570480347,-0.1823521852493286,-0.04469132423400879,-0.19406098127365112,0.01445627212524414,-0.13264423608779907,-0.10000544786453247,-0.1300908923149109,-0.07359689474105835,-0.11901885271072388,-0.03965264558792114,-0.12955111265182495,0.014102399349212646,-0.04162168502807617,-0.09199482202529907,-0.04742950201034546,-0.06863510608673096,-0.04394209384918213,-0.034840166568756104,-0.047032296657562256,0.008550524711608887,0.03861123323440552,-0.07318860292434692,0.025514960289001465,-0.05493593215942383,0.023892223834991455,-0.021385788917541504,0.024212419986724854,THUMBS_UP
0.0,0.0,-0.03288012742996216,-0.14478367567062378,-0.06801819801330566,-0.29684174060821533,-0.08665245771408081,-0.4178916811943054,-0.0830538272857666,-0.517647385597229,-0.03812217712402344,-0.253601610660553,-0.1350569725036621,-0.22851508855819702,-0.1170993447303772,-0.19929111003875732,-0.08790367841720581,-0.2122654914855957,-0.03022599220275879,-0.15413421392440796,-0.14031624794006348,-0.14648187160491943,-0.11416184902191162,-0.13232499361038208,-0.08179420232772827,-0.13724517822265625,-0.028799474239349365,-0.0663447380065918,-0.13050127029418945,-0.06817102432250977,-0.10800689458847046,-0.057965636253356934,-0.07638698816299438,-0.06436842679977417,-0.031790316104888916,0.00947868824005127,-0.11395919322967529,-0.0021845102310180664,-0.09359133243560791,0.004060328006744385,-0.06146252155303955,0.00721287727355957,THUMBS_UP
0.0,0.0,-0.03755754232406616,-0.12572377920150757,-0.08020567893981934,-0.2738719582557678,-0.10094797611236572,-0.397938996553421,-0.10269778966903687,-0.5041926205158234,-0.061082303524017334,-0.2576385736465454,-0.1686733365058899,-0.24298542737960815,-0.14772218465805054,-0.20175093412399292,-0.11596405506134033,-0.20627784729003906,-0.05165672302246094,-0.1663084626197815,-0.1736661195755005,-0.15805017948150635,-0.1457730531692505,-0.13385450839996338,-0.10840332508087158,-0.13334286212921143,-0.04836922883987427,-0.07793235778808594,-0.15974122285842896,-0.07890331745147705,-0.1323167085647583,-0.059875428676605225,-0.09657824039459229,-0.06107223033905029,-0.05116772651672363,0.0026338696479797363,-0.14093005657196045,-0.0072776079177856445,-0.11697345972061157,0.0024611949920654297,-0.08300673961639404,0.00547105073928833,THUMBS_UP
0.0,0.0,-0.027501702308654785,-0.12748932838439941,-0.07455998659133911,-0.27329978346824646,-0.10659229755401611,-0.39176100492477417,-0.11748993396759033,-0.4934007525444031,-0.07812196016311646,-0.25037330389022827,-0.18602198362350464,-0.24037492275238037,-0.16065311431884766,-0.21346718072891235,-0.12653464078903198,-0.21523761749267578,-0.0742330551147461,-0.16339623928070068,-0.19544467329978943,-0.15470290184020996,-0.16254329681396484,-0.14336419105529785,-0.1264662742614746,-0.14283204078674316,-0.0722343921661377,-0.07636642456054688,-0.18482309579849243,-0.07521837949752808,-0.15089905261993408,-0.0650070309638977,-0.11484241485595703,-0.06570470333099365,-0.07420927286148071,0.0041792988777160645,-0.1636040210723877,0.0021910667419433594,-0.13691920042037964,0.004373669624328613,-0.1046375036239624,0.002466142177581787,THUMBS_UP
0.0,0.0,-0.020707666873931885,-0.12304890155792236,-0.0624852180480957,-0.24827075004577637,-0.08939927816390991,-0.3467814326286316,-0.0989421010017395,-0.4377191960811615,-0.07629281282424927,-0.19538897275924683,-0.176802396774292,-0.1916736662387848,-0.16478434205055237,-0.18217599391937256,-0.13771039247512817,-0.18077778816223145,-0.07989484071731567,-0.10019588470458984,-0.18932011723518372,-0.11724907159805298,-0.1624346375465393,-0.118549644947052,-0.12455993890762329,-0.10997521877288818,-0.08241808414459229,-0.015103816986083984,-0.1857723891735077,-0.03799790143966675,-0.15626275539398193,-0.043922483921051025,-0.1204710602760315,-0.04100841283798218,-0.08421653509140015,0.06112253665924072,-0.1658799946308136,0.03727799654006958,-0.14429450035095215,0.023828446865081787,-0.1140405535697937,0.02392500638961792,THUMBS_UP
0.0,0.0,-0.021866023540496826,-0.1289675235748291,-0.06389451026916504,-0.25233256816864014,-0.08973437547683716,-0.35172390937805176,-0.0972556471824646,-0.44024115800857544,-0.09346550703048706,-0.20105552673339844,-0.1877039074897766,-0.1965206265449524,-0.16469022631645203,-0.1864832639694214,-0.13287276029586792,-0.18547546863555908,-0.09717190265655518,-0.10209733247756958,-0.1952950358390808,-0.12092083692550659,-0.16707253456115723,-0.11647689342498779,-0.13212430477142334,-0.10934317111968994,-0.10120898485183716,-0.014368891716003418,-0.1892005205154419,-0.04546463489532471,-0.16147366166114807,-0.04444056749343872,-0.12795311212539673,-0.03901386260986328,-0.1039852499961853,0.06508409976959229,-0.179172545671463,0.029097139835357666,-0.15566271543502808,0.026800870895385742,-0.12393110990524292,0.03430342674255371,THUMBS_UP
0.0,0.0,-0.026183128356933594,-0.13016843795776367,-0.07058089971542358,-0.23756259679794312,-0.09995114803314209,-0.3308478593826294,-0.1077193021774292,-0.4184500277042389,-0.1143265962600708,-0.18376672267913818,-0.19982337951660156,-0.17206323146820068,-0.17359298467636108,-0.16050934791564941,-0.14178380370140076,-0.16128122806549072,-0.11867183446884155,-0.08916747570037842,-0.20348429679870605,-0.10038226842880249,-0.17548266053199768,-0.0957605242729187,-0.1429746448993683,-0.09175199270248413,-0.12033969163894653,-0.0018963217735290527,-0.19662362337112427,-0.02349257469177246,-0.169700026512146,-0.023729681968688965,-0.13888555765151978,-0.021752774715423584,-0.11901026964187622,0.07651263475418091,-0.18348145484924316,0.05057579278945923,-0.16047072410583496,0.04572325944900513,-0.13351768255233765,0.04885268211364746,THUMBS_UP
0.0,0.0,-0.027757704257965088,-0.12777584791183472,-0.07145935297012329,-0.23369106650352478,-0.102450430393219,-0.324527382850647,-0.11116611957550049,-0.41305819153785706,-0.12091946601867676,-0.17667794227600098,-0.2035304605960846,-0.16554242372512817,-0.1756884753704071,-0.15835344791412354,-0.14382854104042053,-0.16185539960861206,-0.12361252307891846,-0.08100688457489014,-0.20659035444259644,-0.09218180179595947,-0.17770525813102722,-0.09162724018096924,-0.1458524465560913,-0.08839213848114014,-0.1229245662689209,0.006695210933685303,-0.19862988591194153,-0.015096008777618408,-0.1711728274822235,-0.01793307065963745,-0.14080935716629028,-0.016477584838867188,-0.11923551559448242,0.0849602222442627,-0.18404728174209595,0.05878323316574097,-0.16079506278038025,0.051517367362976074,-0.13441383838653564,0.05400973558425903,THUMBS_UP
0.0,0.0,-0.031923115253448486,-0.1308882236480713,-0.07820838689804077,-0.23804494738578796,-0.11043262481689453,-0.33071333169937134,-0.12206238508224487,-0.4186533987522125,-0.1227273941040039,-0.16944152116775513,-0.20670819282531738,-0.15933924913406372,-0.17898496985435486,-0.15609925985336304,-0.14778077602386475,-0.16056686639785767,-0.12478125095367432,-0.07103615999221802,-0.21130388975143433,-0.08562302589416504,-0.18310022354125977,-0.08875083923339844,-0.1504332721233368,-0.08506089448928833,-0.12363952398300171,0.017918705940246582,-0.20259782671928406,-0.005152225494384766,-0.17516273260116577,-0.011471211910247803,-0.14401745796203613,-0.010844767093658447,-0.11967629194259644,0.09470301866531372,-0.18605250120162964,0.06975018978118896,-0.16320547461509705,0.059569716453552246,-0.13659101724624634,0.06021571159362793,THUMBS_UP
0.0,0.0,-0.034521281719207764,-0.12465578317642212,-0.08492040634155273,-0.232319176197052,-0.11648380756378174,-0.32526612281799316,-0.12675002217292786,-0.4136301279067993,-0.11123883724212646,-0.16856878995895386,-0.20302963256835938,-0.15738940238952637,-0.17705890536308289,-0.15378421545028687,-0.14572688937187195,-0.15932482481002808,-0.10863053798675537,-0.0710606575012207,-0.20865502953529358,-0.07976794242858887,-0.1811944544315338,-0.08254784345626831,-0.1466456651687622,-0.08101630210876465,-0.10650360584259033,0.017955243587493896,-0.1994950771331787,0.0019088387489318848,-0.17114707827568054,-0.0055501461029052734,-0.13678526878356934,-0.006416916847229004,-0.10364919900894165,0.09700953960418701,-0.1812172532081604,0.07967555522918701,-0.1583051085472107,0.06847637891769409,-0.12803953886032104,0.06797391176223755,THUMBS_UP
0.0,0.0,-0.03261059522628784,-0.11131513118743896,-0.07645511627197266,-0.2337931990623474,-0.09716832637786865,-0.33238476514816284,-0.10171353816986084,-0.4198756515979767,-0.04939073324203491,-0.1647791862487793,-0.15985476970672607,-0.1533111333847046,-0.13826557993888855,-0.15056639909744263,-0.1044074296951294,-0.15377169847488403,-0.03886920213699341,-0.0685882568359375,-0.16938456892967224,-0.06950855255126953,-0.13684791326522827,-0.07735073566436768,-0.09269815683364868,-0.07332414388656616,-0.03525745868682861,0.01793128252029419,-0.15503418445587158,0.017360210418701172,-0.12309408187866211,0.006092846393585205,-0.08230859041213989,0.0043250322341918945,-0.03832310438156128,0.09623587131500244,-0.1295771300792694,0.09343379735946655,-0.10640370845794678,0.0751727819442749,-0.07263350486755371,0.0706101655960083,THUMBS_UP
0.0,0.0,-0.04428070783615112,-0.1362571120262146,-0.07836025953292847,-0.26834407448768616,-0.09525096416473389,-0.3755991458892822,-0.09643268585205078,-0.46948620676994324,-0.03333407640457153,-0.2404118776321411,-0.12325295805931091,-0.22828274965286255,-0.11747720837593079,-0.1892378330230713,-0.0944814682006836,-0.18919765949249268,-0.019641399383544922,-0.14965641498565674,-0.12682360410690308,-0.1484052538871765,-0.10962879657745361,-0.12124520540237427,-0.07726514339447021,-0.1216312050819397,-0.015177130699157715,-0.06745105981826782,-0.11843019723892212,-0.06774616241455078,-0.10056930780410767,-0.04818618297576904,-0.06774646043777466,-0.05266213417053223,-0.018019497394561768,0.005090475082397461,-0.10046786069869995,0.004169166088104248,-0.08419108390808105,0.012408971786499023,-0.05317795276641846,0.012282371520996094,THUMBS_UP
0.0,0.0,-0.03825390338897705,-0.1372971534729004,-0.061276376247406006,-0.2569934129714966,-0.07638120651245117,-0.35586515069007874,-0.08470255136489868,-0.44513845443725586,-0.0016238689422607422,-0.26038751006126404,-0.09340018033981323,-0.24313363432884216,-0.0820050835609436,-0.18950271606445312,-0.052130699157714844,-0.18863016366958618,0.011680066585540771,-0.17342215776443481,-0.09528064727783203,-0.16004693508148193,-0.07674580812454224,-0.13106238842010498,-0.04784810543060303,-0.13229554891586304,0.014221668243408203,-0.08974534273147583,-0.0865970253944397,-0.07894837856292725,-0.06842261552810669,-0.060218989849090576,-0.03825676441192627,-0.06450605392456055,0.010908782482147217,-0.013777077198028564,-0.06830155849456787,-0.004708409309387207,-0.05338013172149658,0.0008030533790588379,-0.023039817810058594,-0.005163967609405518,THUMBS_UP
0.0,0.0,-0.02414184808731079,-0.08932280540466309,-0.024960637092590332,-0.21373134851455688,-0.026507973670959473,-0.30880317091941833,-0.027884483337402344,-0.3874790668487549,0.04745304584503174,-0.1973477602005005,-0.03651660680770874,-0.19330179691314697,-0.033245086669921875,-0.15488135814666748,-0.008365452289581299,-0.14222216606140137,0.06606262922286987,-0.12468677759170532,-0.04510462284088135,-0.1053929328918457,-0.024915039539337158,-0.08993935585021973,0.007513701915740967,-0.09199869632720947,0.06709551811218262,-0.042685866355895996,-0.03457200527191162,-0.0280115008354187,-0.0186423659324646,-0.02210134267807007,0.011469364166259766,-0.027634859085083008,0.058706820011138916,0.03587716817855835,-0.01769256591796875,0.04530221223831177,-0.00609135627746582,0.04366689920425415,0.022135019302368164,0.03570157289505005,THUMBS_UP
0.0,0.0,-0.016638457775115967,-0.09842628240585327,-0.00963890552520752,-0.2161881923675537,-0.00547558069229126,-0.3081638813018799,-0.0032345056533813477,-0.3903539180755615,0.07900583744049072,-0.2190093994140625,0.0005885958671569824,-0.21042954921722412,-0.015409350395202637,-0.1517620086669922,0.0023581981658935547,-0.12243807315826416,0.10094088315963745,-0.1487346887588501,0.0022882819175720215,-0.13227206468582153,-0.01156240701675415,-0.09067428112030029,0.008876979351043701,-0.07908499240875244,0.10485202074050903,-0.06913864612579346,0.012726545333862305,-0.0568578839302063,-0.002430856227874756,-0.030395865440368652,0.016150295734405518,-0.02469390630722046,0.10072910785675049,0.007718145847320557,0.029129087924957275,0.015528261661529541,0.012971043586730957,0.027961432933807373,0.025852859020233154,0.031011760234832764,THUMBS_UP
0.0,0.0,-0.01874607801437378,-0.09218889474868774,-0.011990368366241455,-0.21338418126106262,-0.01035928726196289,-0.30846941471099854,-0.013380587100982666,-0.39525437355041504,0.08273953199386597,-0.23241862654685974,0.020651698112487793,-0.21950727701187134,-0.004353046417236328,-0.15768080949783325,0.002934396266937256,-0.13187098503112793,0.11101984977722168,-0.17038613557815552,0.031343042850494385,-0.14902764558792114,0.0030125975608825684,-0.0999327301979065,0.013214945793151855,-0.08791178464889526,0.12154024839401245,-0.09281784296035767,0.047425150871276855,-0.07380759716033936,0.019986331462860107,-0.04186558723449707,0.030726253986358643,-0.03883308172225952,0.12315213680267334,-0.015842318534851074,0.06790488958358765,-0.0037432312965393066,0.044000208377838135,0.015563428401947021,0.05140477418899536,0.019598066806793213,THUMBS_UP
0.0,0.0,-0.02219623327255249,-0.10479313135147095,-0.01601850986480713,-0.2377185821533203,-0.013102591037750244,-0.33632194995880127,-0.01677769422531128,-0.4227093458175659,0.08503907918930054,-0.25916028022766113,0.039997637271881104,-0.26406264305114746,0.01031959056854248,-0.20666426420211792,0.007183551788330078,-0.17305469512939453,0.11672276258468628,-0.20452040433883667,0.056345343589782715,-0.19552183151245117,0.021965205669403076,-0.14634525775909424,0.023622453212738037,-0.12459248304367065,0.13078373670578003,-0.1308196783065796,0.07389789819717407,-0.1199459433555603,0.04076719284057617,-0.08862411975860596,0.04256248474121094,-0.07900446653366089,0.1355629563331604,-0.05580019950866699,0.09574258327484131,-0.052240073680877686,0.06698369979858398,-0.03726094961166382,0.0641409158706665,-0.031403958797454834,THUMBS_UP
0.0,0.0,-0.02335900068283081,-0.113167405128479,-0.015438258647918701,-0.2529040575027466,-0.011311769485473633,-0.3523465394973755,-0.015398502349853516,-0.4368654787540436,0.08615773916244507,-0.27152279019355774,0.052000999450683594,-0.28643059730529785,0.020648658275604248,-0.22904375195503235,0.014922618865966797,-0.1932584047317505,0.11969983577728271,-0.21854501962661743,0.07073688507080078,-0.21876543760299683,0.03301239013671875,-0.16809970140457153,0.03291064500808716,-0.14317256212234497,0.13479089736938477,-0.14491093158721924,0.08899611234664917,-0.1370302438735962,0.052168428897857666,-0.10702455043792725,0.051834821701049805,-0.09741193056106567,0.14001935720443726,-0.06909894943237305,0.1074339747428894,-0.06359153985977173,0.07677268981933594,-0.05045270919799805,0.07334113121032715,-0.04622793197631836,THUMBS_UP
0.0,0.0,-0.016020238399505615,-0.12396937608718872,-0.004839003086090088,-0.25853854417800903,-0.0011533498764038086,-0.3565838634967804,-0.0037919282913208008,-0.4393332600593567,0.1013495922088623,-0.26758676767349243,0.06753981113433838,-0.2908444404602051,0.034904301166534424,-0.23206758499145508,0.035473406314849854,-0.20090097188949585,0.13334625959396362,-0.21203505992889404,0.08631908893585205,-0.22496753931045532,0.04679054021835327,-0.17268013954162598,0.052536964416503906,-0.14837080240249634,0.1459152102470398,-0.13667166233062744,0.10115355253219604,-0.1413484811782837,0.06306660175323486,-0.11241728067398071,0.0684959888458252,-0.10150837898254395,0.14842265844345093,-0.060130417346954346,0.11594778299331665,-0.0641789436340332,0.08498543500900269,-0.05657541751861572,0.08494526147842407,-0.05124324560165405,THUMBS_UP
0.0,0.0,-0.008324980735778809,-0.1265314221382141,0.012400150299072266,-0.25920185446739197,0.0230293869972229,-0.35929518938064575,0.024487793445587158,-0.4414388835430145,0.11749285459518433,-0.2524465322494507,0.09262621402740479,-0.2801082134246826,0.05482137203216553,-0.22808784246444702,0.05006164312362671,-0.19546562433242798,0.1460200548171997,-0.19027650356292725,0.11103880405426025,-0.2109246850013733,0.0636710524559021,-0.16888588666915894,0.06370508670806885,-0.14296668767929077,0.15364199876785278,-0.1116020679473877,0.12569624185562134,-0.12533867359161377,0.07989650964736938,-0.10673415660858154,0.07859182357788086,-0.09268021583557129,0.15076565742492676,-0.033664166927337646,0.1351083517074585,-0.04416477680206299,0.09831845760345459,-0.04687225818634033,0.09105372428894043,-0.04094821214675903,THUMBS_UP
0.0,0.0,-0.00458914041519165,-0.12705665826797485,0.023809373378753662,-0.25832828879356384,0.04040086269378662,-0.3553841710090637,0.04532575607299805,-0.43707141280174255,0.12780940532684326,-0.23605477809906006,0.10788369178771973,-0.28031015396118164,0.06739181280136108,-0.22745662927627563,0.060033559799194336,-0.18927627801895142,0.15331429243087769,-0.173204243183136,0.1208530068397522,-0.20639115571975708,0.07192784547805786,-0.16253560781478882,0.07215267419815063,-0.13171780109405518,0.15751957893371582,-0.09515482187271118,0.133233904838562,-0.11986756324768066,0.0855817198753357,-0.09839022159576416,0.08366358280181885,-0.07649552822113037,0.1517290472984314,-0.01817375421524048,0.1426788568496704,-0.035263240337371826,0.10480165481567383,-0.03968238830566406,0.09499013423919678,-0.030148088932037354,THUMBS_UP
0.0,0.0,-0.006877720355987549,-0.129364013671875,0.019743919372558594,-0.26462119817733765,0.034309208393096924,-0.3630152940750122,0.03716307878494263,-0.44497647881507874,0.12504053115844727,-0.24698323011398315,0.1001022458076477,-0.28038763999938965,0.06109488010406494,-0.2274293303489685,0.056175827980041504,-0.19132524728775024,0.1523788571357727,-0.18578624725341797,0.11502856016159058,-0.20883291959762573,0.0681111216545105,-0.16452258825302124,0.0698246955871582,-0.13453465700149536,0.15877550840377808,-0.10888838768005371,0.1273510456085205,-0.12422245740890503,0.08170682191848755,-0.10211807489395142,0.08185040950775146,-0.08258211612701416,0.15539079904556274,-0.031391024589538574,0.14038729667663574,-0.04259324073791504,0.10349816083908081,-0.04381078481674194,0.09597855806350708,-0.03497660160064697,THUMBS_UP
0.0,0.0,-0.009852826595306396,-0.11171287298202515,0.008974015712738037,-0.24157226085662842,0.020594239234924316,-0.3405498266220093,0.023098528385162354,-0.42785605788230896,0.1128227710723877,-0.24710199236869812,0.07231426239013672,-0.2578178644180298,0.03710067272186279,-0.2085874080657959,0.029602229595184326,-0.17798161506652832,0.14134138822555542,-0.1846470832824707,0.08414208889007568,-0.18838220834732056,0.043118417263031006,-0.1487862467765808,0.041220128536224365,-0.12932580709457397,0.1500721573829651,-0.10674965381622314,0.09375548362731934,-0.107479989528656,0.05507767200469971,-0.08329355716705322,0.054132938385009766,-0.07487022876739502,0.14832937717437744,-0.02837538719177246,0.10762661695480347,-0.02973407506942749,0.07607060670852661,-0.020534157752990723,0.07136595249176025,-0.016452014446258545,THUMBS_UP
0.0,0.0,-0.013376772403717041,-0.10331487655639648,0.0024663805961608887,-0.22740492224693298,0.010502099990844727,-0.32161664962768555,0.013764142990112305,-0.4064522087574005,0.0983782410621643,-0.23111921548843384,0.034719765186309814,-0.2231937050819397,0.00621795654296875,-0.17555737495422363,0.013117969036102295,-0.15642625093460083,0.12325316667556763,-0.16210895776748657,0.040089428424835205,-0.14786547422409058,0.009514212608337402,-0.11556756496429443,0.019816935062408447,-0.1072990894317627,0.12899935245513916,-0.08108896017074585,0.05062359571456909,-0.06848734617233276,0.02126377820968628,-0.051571428775787354,0.03244596719741821,-0.05256170034408569,0.12574690580368042,-0.002718687057495117,0.06517398357391357,0.004600942134857178,0.03797429800033569,0.01090174913406372,0.043914794921875,0.009481191635131836,THUMBS_UP
0.0,0.0,-0.018745243549346924,-0.0916094183921814,-0.012282490730285645,-0.21568584442138672,-0.01032191514968872,-0.31206634640693665,-0.00835639238357544,-0.3942442238330841,0.06918692588806152,-0.20202383399009705,-0.008031904697418213,-0.19225633144378662,-0.014250993728637695,-0.153206467628479,0.007140934467315674,-0.13777345418930054,0.09127211570739746,-0.1266764998435974,-0.013517618179321289,-0.10602802038192749,-0.007112681865692139,-0.08487385511398315,0.022530972957611084,-0.08451592922210693,0.09440737962722778,-0.043288230895996094,-0.0028360486030578613,-0.03178095817565918,0.00038564205169677734,-0.017147421836853027,0.027173876762390137,-0.017746388912200928,0.0875476598739624,0.03305637836456299,0.011544346809387207,0.037261903285980225,0.0139426589012146,0.04485362768173218,0.03885173797607422,0.044698119163513184,THUMBS_UP
0.0,0.0,-0.021059632301330566,-0.09605759382247925,-0.020583808422088623,-0.21712857484817505,-0.022635996341705322,-0.30817463994026184,-0.02196061611175537,-0.39133766293525696,0.05066484212875366,-0.18396365642547607,-0.030329585075378418,-0.1706719994544983,-0.024108290672302246,-0.14198040962219238,0.002171456813812256,-0.13318008184432983,0.07034796476364136,-0.10762232542037964,-0.03549826145172119,-0.08209633827209473,-0.01575702428817749,-0.07315707206726074,0.017652511596679688,-0.07495421171188354,0.07296949625015259,-0.026476681232452393,-0.025005817413330078,-0.007109642028808594,-0.009090960025787354,-0.0046735405921936035,0.022425353527069092,-0.009866833686828613,0.06482601165771484,0.04848259687423706,-0.01018744707107544,0.06189781427383423,0.002818584442138672,0.061619460582733154,0.03327304124832153,0.05678838491439819,THUMBS_UP
0.0,0.0,-0.021580040454864502,-0.1095626950263977,-0.0329056978225708,-0.2294774353504181,-0.03967207670211792,-0.32493579387664795,-0.036969900131225586,-0.41293683648109436,0.02299487590789795,-0.1844017505645752,-0.06986355781555176,-0.1770470142364502,-0.058836400508880615,-0.15220171213150024,-0.029638946056365967,-0.15108072757720947,0.033300161361694336,-0.10474538803100586,-0.07605147361755371,-0.0917559266090393,-0.05465799570083618,-0.0835161805152893,-0.023077189922332764,-0.08802765607833862,0.03396153450012207,-0.02533435821533203,-0.06786805391311646,-0.009678006172180176,-0.0453452467918396,-0.009684622287750244,-0.013799548149108887,-0.016096055507659912,0.02874910831451416,0.05037665367126465,-0.04716306924819946,0.05783730745315552,-0.031114161014556885,0.05108976364135742,-0.0009971261024475098,0.04389923810958862,THUMBS_UP
0.0,0.0,-0.018158376216888428,-0.13286703824996948,-0.028249919414520264,-0.2631554901599884,-0.03410452604293823,-0.36875271797180176,-0.03525137901306152,-0.4559089243412018,0.016587436199188232,-0.2102941870689392,-0.07677346467971802,-0.19008851051330566,-0.06540495157241821,-0.16264957189559937,-0.035175442695617676,-0.16922014951705933,0.022645115852355957,-0.11889421939849854,-0.08385556936264038,-0.11360740661621094,-0.06164693832397461,-0.09982174634933472,-0.03128093481063843,-0.10548537969589233,0.020261943340301514,-0.037919700145721436,-0.07747095823287964,-0.038594722747802734,-0.05701941251754761,-0.031966209411621094,-0.028203248977661133,-0.03235208988189697,0.013228356838226318,0.034151315689086914,-0.058057546615600586,0.025022923946380615,-0.045010149478912354,0.02541130781173706,-0.01950746774673462,0.028563082218170166,THUMBS_UP
0.0,0.0,-0.02829962968826294,-0.16233444213867188,-0.06025022268295288,-0.3323545455932617,-0.07854509353637695,-0.47153612971305847,-0.07134121656417847,-0.5836984515190125,-0.043949902057647705,-0.32497531175613403,-0.14899399876594543,-0.319435179233551,-0.12961417436599731,-0.27132874727249146,-0.09925830364227295,-0.2698236107826233,-0.038804829120635986,-0.23808211088180542,-0.1559787392616272,-0.234810471534729,-0.1264815330505371,-0.2070704698562622,-0.09217745065689087,-0.20570921897888184,-0.03878694772720337,-0.15495645999908447,-0.1454235315322876,-0.1593652367591858,-0.11811715364456177,-0.1350545883178711,-0.08523952960968018,-0.13252896070480347,-0.04399532079696655,-0.07980859279632568,-0.12787103652954102,-0.09548407793045044,-0.10865086317062378,-0.07870340347290039,-0.07889240980148315,-0.07279098033905029,THUMBS_UP
0.0,0.0,-0.020163238048553467,-0.1418401002883911,-0.061014533042907715,-0.2999439835548401,-0.0882190465927124,-0.4287452697753906,-0.08051639795303345,-0.5375514626502991,-0.06612551212310791,-0.28336262702941895,-0.17854014039039612,-0.2903357744216919,-0.161199152469635,-0.2599969506263733,-0.13078653812408447,-0.24975568056106567,-0.06769376993179321,-0.1973477005958557,-0.187541663646698,-0.20297777652740479,-0.1609230637550354,-0.18831461668014526,-0.125599205493927,-0.18089747428894043,-0.07005441188812256,-0.11278623342514038,-0.17760661244392395,-0.1294562816619873,-0.15123537182807922,-0.11760669946670532,-0.11851269006729126,-0.1117587685585022,-0.07423323392868042,-0.036319851875305176,-0.15953126549720764,-0.05653351545333862,-0.1374504566192627,-0.050448596477508545,-0.10720175504684448,-0.046665728092193604,THUMBS_UP
0.0,0.0,-0.014764130115509033,-0.12445068359375,-0.046935200691223145,-0.2476435899734497,-0.06785446405410767,-0.3462383449077606,-0.058495938777923584,-0.4420653283596039,-0.052362799644470215,-0.16798025369644165,-0.1495693325996399,-0.17410069704055786,-0.1337166428565979,-0.17793315649032593,-0.10541290044784546,-0.1788651943206787,-0.05562758445739746,-0.0751764178276062,-0.16485381126403809,-0.10357666015625,-0.1400490403175354,-0.11553609371185303,-0.10513007640838623,-0.10458648204803467,-0.06006014347076416,0.0044596195220947266,-0.16232722997665405,-0.026602089405059814,-0.1338544487953186,-0.03831678628921509,-0.09980404376983643,-0.03361642360687256,-0.06460654735565186,0.06898236274719238,-0.14149698615074158,0.046675682067871094,-0.11883586645126343,0.031278133392333984,-0.09127283096313477,0.030410706996917725,THUMBS_UP
0.0,0.0,-0.022202253341674805,-0.12672287225723267,-0.05957216024398804,-0.22967463731765747,-0.08333659172058105,-0.32261866331100464,-0.08587723970413208,-0.4093288779258728,-0.08973705768585205,-0.1542152762413025,-0.17800456285476685,-0.17001986503601074,-0.1547679305076599,-0.17380291223526,-0.12569934129714966,-0.17038196325302124,-0.09372800588607788,-0.06308162212371826,-0.18972328305244446,-0.10143208503723145,-0.1638863980770111,-0.11598831415176392,-0.13123902678489685,-0.105998694896698,-0.09613800048828125,0.014759838581085205,-0.18429729342460632,-0.02213364839553833,-0.1567610502243042,-0.03883016109466553,-0.12448301911354065,-0.03264683485031128,-0.09672516584396362,0.07880842685699463,-0.16620475053787231,0.050910770893096924,-0.14619264006614685,0.03427785634994507,-0.12013876438140869,0.038066208362579346,THUMBS_UP
0.0,0.0,-0.026063501834869385,-0.12581831216812134,-0.06526482105255127,-0.2290617823600769,-0.08880317211151123,-0.3222503960132599,-0.0872310996055603,-0.4080342650413513,-0.0998677909374237,-0.15339112281799316,-0.17858585715293884,-0.16026043891906738,-0.15267014503479004,-0.1570015549659729,-0.12180876731872559,-0.15568166971206665,-0.10370659828186035,-0.06091499328613281,-0.18691712617874146,-0.08982092142105103,-0.1607176661491394,-0.09467852115631104,-0.12930330634117126,-0.08734029531478882,-0.10538125038146973,0.02001035213470459,-0.18104562163352966,-0.012934565544128418,-0.15599867701530457,-0.022975504398345947,-0.12680867314338684,-0.018941879272460938,-0.10510608553886414,0.08739054203033447,-0.16779619455337524,0.05857682228088379,-0.148258775472641,0.04570925235748291,-0.12368130683898926,0.048325181007385254,THUMBS_UP
0.0,0.0,-0.029934823513031006,-0.11973023414611816,-0.07025933265686035,-0.2116268277168274,-0.09578171372413635,-0.29869168996810913,-0.10019358992576599,-0.3860056400299072,-0.11699876189231873,-0.15384584665298462,-0.1859680414199829,-0.14675062894821167,-0.1610443890094757,-0.13968300819396973,-0.13289973139762878,-0.1406421661376953,-0.12101832032203674,-0.0673331618309021,-0.19174277782440186,-0.0787702202796936,-0.1650475561618805,-0.08033406734466553,-0.1360728144645691,-0.0771716833114624,-0.11947080492973328,0.01330190896987915,-0.18690621852874756,-0.006176888942718506,-0.1620492935180664,-0.012066304683685303,-0.13390326499938965,-0.010959744453430176,-0.11438199877738953,0.0832071304321289,-0.17312216758728027,0.06507009267807007,-0.15335649251937866,0.05416077375411987,-0.12896424531936646,0.054146647453308105,THUMBS_UP
0.0,0.0,-0.032047390937805176,-0.1167096495628357,-0.07595100998878479,-0.20845061540603638,-0.10398229956626892,-0.29436418414115906,-0.108030766248703,-0.37420353293418884,-0.1282830834388733,-0.14701950550079346,-0.18691784143447876,-0.13614660501480103,-0.16077139973640442,-0.13280200958251953,-0.13409003615379333,-0.13528352975845337,-0.13503366708755493,-0.06253057718276978,-0.19520670175552368,-0.07063782215118408,-0.17018815875053406,-0.07338684797286987,-0.14253908395767212,-0.07121634483337402,-0.13462936878204346,0.016406357288360596,-0.19006776809692383,0.0010048747062683105,-0.16819432377815247,-0.006520271301269531,-0.14214438199996948,-0.006451606750488281,-0.13021206855773926,0.08389782905578613,-0.17762693762779236,0.06526929140090942,-0.1591646671295166,0.05469560623168945,-0.1371496021747589,0.05375570058822632,THUMBS_UP
0.0,0.0,-0.030180394649505615,-0.11824333667755127,-0.07434138655662537,-0.2103058099746704,-0.10503792762756348,-0.28984975814819336,-0.11035120487213135,-0.36018332839012146,-0.1260831356048584,-0.14125442504882812,-0.18788006901741028,-0.13631737232208252,-0.16051378846168518,-0.13555580377578735,-0.1327776312828064,-0.1373080015182495,-0.13071370124816895,-0.0550990104675293,-0.193499356508255,-0.06726330518722534,-0.1678347885608673,-0.07215160131454468,-0.14000505208969116,-0.06886887550354004,-0.128698468208313,0.024216890335083008,-0.1868799924850464,0.0065381526947021484,-0.16397744417190552,-0.0021958351135253906,-0.1371295154094696,-0.00046515464782714844,-0.12258565425872803,0.09286028146743774,-0.17284280061721802,0.07149350643157959,-0.15356168150901794,0.05993843078613281,-0.13072624802589417,0.060122132301330566,THUMBS_UP
0.0,0.0,-0.03245818614959717,-0.11971026659011841,-0.08050206303596497,-0.2174587845802307,-0.11049959063529968,-0.30209630727767944,-0.11685439944267273,-0.3816758096218109,-0.11604619026184082,-0.1545068621635437,-0.1950589120388031,-0.14446932077407837,-0.16727903485298157,-0.13935714960098267,-0.13727739453315735,-0.14218205213546753,-0.11711940169334412,-0.06529009342193604,-0.19889646768569946,-0.07240569591522217,-0.17273464798927307,-0.07520818710327148,-0.14219802618026733,-0.07290130853652954,-0.115459144115448,0.017709434032440186,-0.19191062450408936,0.005548000335693359,-0.1673966646194458,-0.003449559211730957,-0.1373502016067505,-0.0034230947494506836,-0.11186060309410095,0.09115421772003174,-0.17797726392745972,0.07561218738555908,-0.1578863263130188,0.06253385543823242,-0.13103964924812317,0.061611056327819824,THUMBS_UP
0.0,0.0,-0.03274768590927124,-0.12046080827713013,-0.08308878540992737,-0.2367103099822998,-0.10949519276618958,-0.33207106590270996,-0.10986194014549255,-0.4195500314235687,-0.0888732373714447,-0.16247648000717163,-0.19226685166358948,-0.1563330888748169,-0.16498112678527832,-0.1591578722000122,-0.12924093008041382,-0.16184353828430176,-0.08285936713218689,-0.06512558460235596,-0.19941890239715576,-0.08002209663391113,-0.17006906867027283,-0.09018778800964355,-0.13080912828445435,-0.08450579643249512,-0.08274266123771667,0.018811404705047607,-0.19093835353851318,0.007792115211486816,-0.16135284304618835,-0.010753870010375977,-0.12331601977348328,-0.010865926742553711,-0.08528771996498108,0.09413653612136841,-0.17293572425842285,0.07951927185058594,-0.14940670132637024,0.060576796531677246,-0.11616823077201843,0.06034117937088013,THUMBS_UP
0.0,0.0,-0.03405439853668213,-0.10824495553970337,-0.07486274838447571,-0.2310619354248047,-0.08646103739738464,-0.33057326078414917,-0.08361119031906128,-0.4172735810279846,-0.05289602279663086,-0.15813827514648438,-0.16739371418952942,-0.14710205793380737,-0.14278331398963928,-0.1458989977836609,-0.1073046624660492,-0.14984291791915894,-0.04697459936141968,-0.06031745672225952,-0.17765361070632935,-0.061285316944122314,-0.14638552069664001,-0.06772494316101074,-0.10498952865600586,-0.06060904264450073,-0.047322750091552734,0.026661276817321777,-0.16859623789787292,0.033297836780548096,-0.13722652196884155,0.020234286785125732,-0.09811139106750488,0.018796980381011963,-0.05187493562698364,0.10544580221176147,-0.14459994435310364,0.11371397972106934,-0.12132337689399719,0.09235268831253052,-0.0878576934337616,0.08546316623687744,THUMBS_UP
0.0,0.0,-0.03266686201095581,-0.10018700361251831,-0.06689408421516418,-0.2187039852142334,-0.06166750192642212,-0.31377893686294556,-0.04000309109687805,-0.39919334650039673,-0.01125800609588623,-0.12772035598754883,-0.12619364261627197,-0.10681450366973877,-0.09938222169876099,-0.11083406209945679,-0.061629682779312134,-0.12108808755874634,7.766485214233398e-05,-0.022830605506896973,-0.13363757729530334,-0.01754838228225708,-0.10240587592124939,-0.02810889482498169,-0.06211841106414795,-0.023713350296020508,-0.0015541315078735352,0.06943154335021973,-0.12750548124313354,0.07100540399551392,-0.09721112251281738,0.059017181396484375,-0.05730849504470825,0.058909714221954346,-0.013649344444274902,0.14959484338760376,-0.10860782861709595,0.14646172523498535,-0.0852004885673523,0.12815260887145996,-0.051033467054367065,0.12388789653778076,THUMBS_UP
0.0,0.0,-0.03719988465309143,-0.13894754648208618,-0.05715656280517578,-0.2704414129257202,-0.06422877311706543,-0.376426637172699,-0.06436410546302795,-0.4788520634174347,0.003876924514770508,-0.194166898727417,-0.08993682265281677,-0.15221726894378662,-0.07081249356269836,-0.13515537977218628,-0.03446483612060547,-0.15810954570770264,0.019916892051696777,-0.08312469720840454,-0.08927786350250244,-0.05474823713302612,-0.06000837683677673,-0.06467193365097046,-0.01963818073272705,-0.0884619951248169,0.02455240488052368,0.00811225175857544,-0.07953482866287231,0.029892385005950928,-0.05310976505279541,0.021973848342895508,-0.01187288761138916,-0.0034906864166259766,0.02268904447555542,0.08807849884033203,-0.060839712619781494,0.11069798469543457,-0.03656649589538574,0.10413259267807007,0.0039376020431518555,0.09015989303588867,THUMBS_UP
0.0,0.0,-0.014388680458068848,-0.1221923828125,-0.02133774757385254,-0.2577728033065796,-0.02276766300201416,-0.37157830595970154,-0.022930830717086792,-0.47475388646125793,-0.011752605438232422,-0.13018804788589478,-0.016822993755340576,-0.16690951585769653,0.007143676280975342,-0.1739749312400818,0.024794399738311768,-0.17567145824432373,-0.004107236862182617,-0.034992337226867676,-0.019196420907974243,-0.05731654167175293,0.010973334312438965,-0.09756302833557129,0.03371018171310425,-0.11495280265808105,-0.0014337897300720215,0.043240249156951904,-0.020685166120529175,0.012915313243865967,0.012391626834869385,-0.02799856662750244,0.041421592235565186,-0.047889649868011475,0.0034449100494384766,0.10314112901687622,-0.010580241680145264,0.0779808759689331,0.015641868114471436,0.03982895612716675,0.04143244028091431,0.022639989852905273,THUMBS_UP
0.0,0.0,-0.0225333571434021,-0.1316901445388794,-0.015377640724182129,-0.26107221841812134,-0.008349955081939697,-0.3656637668609619,-0.0032149553298950195,-0.47346729040145874,0.10637754201889038,-0.1936245560646057,-0.010452061891555786,-0.1370941400527954,-0.029312610626220703,-0.14534306526184082,-0.008650600910186768,-0.16592305898666382,0.127116858959198,-0.07902359962463379,-0.018440335988998413,-0.033081233501434326,-0.018942654132843018,-0.07322472333908081,0.010313570499420166,-0.10849165916442871,0.12067621946334839,0.02617061138153076,-0.013823717832565308,0.03979790210723877,-0.013467848300933838,0.0032237768173217773,0.016224205493927002,-0.02218019962310791,0.10001945495605469,0.10602676868438721,-0.004740774631500244,0.11711853742599487,-0.004382908344268799,0.09053301811218262,0.021729588508605957,0.06792861223220825,THUMBS_UP
0.0,0.0,-0.018712103366851807,-0.10667985677719116,0.009771972894668579,-0.24500519037246704,0.029074132442474365,-0.3518607020378113,0.04169517755508423,-0.4536040425300598,0.13450580835342407,-0.18348699808120728,0.053961217403411865,-0.12333834171295166,0.012121438980102539,-0.1180989146232605,0.024024903774261475,-0.1436205506324768,0.15689587593078613,-0.06936103105545044,0.04684484004974365,-0.020634114742279053,0.009468138217926025,-0.03678399324417114,0.031896889209747314,-0.06899988651275635,0.15120458602905273,0.037183940410614014,0.052118778228759766,0.06514203548431396,0.019348323345184326,0.04468333721160889,0.03550302982330322,0.01618748903274536,0.13409340381622314,0.12421548366546631,0.06777966022491455,0.1480640172958374,0.03415369987487793,0.12655609846115112,0.036248207092285156,0.0980215072631836,THUMBS_UP
0.0,0.0,-0.009599804878234863,-0.11649549007415771,0.0267336368560791,-0.25677597522735596,0.053176164627075195,-0.36993837356567383,0.06895816326141357,-0.47498711943626404,0.15756267309188843,-0.19875472784042358,0.09156692028045654,-0.1361653208732605,0.04460915923118591,-0.12673258781433105,0.0493546724319458,-0.14473247528076172,0.1807510256767273,-0.08845555782318115,0.09250432252883911,-0.031397104263305664,0.045839786529541016,-0.046057045459747314,0.05568408966064453,-0.0705835223197937,0.17763131856918335,0.01606154441833496,0.09503620862960815,0.05567371845245361,0.05421262979507446,0.033674418926239014,0.06277018785476685,0.007200837135314941,0.16248953342437744,0.10549765825271606,0.10447663068771362,0.13851714134216309,0.06437021493911743,0.11111617088317871,0.061462581157684326,0.07775121927261353,THUMBS_UP
0.0,0.0,-0.0081234872341156,-0.11094629764556885,0.02251434326171875,-0.24771326780319214,0.046429336071014404,-0.3634883165359497,0.059757888317108154,-0.46899327635765076,0.15342795848846436,-0.20588624477386475,0.0952407717704773,-0.15597498416900635,0.05050092935562134,-0.13460087776184082,0.051034629344940186,-0.14261722564697266,0.17877793312072754,-0.10142624378204346,0.10611069202423096,-0.054195940494537354,0.052742958068847656,-0.05294919013977051,0.05892336368560791,-0.0683717131614685,0.1798359751701355,0.000579535961151123,0.11357349157333374,0.04304349422454834,0.06458687782287598,0.031807661056518555,0.06656479835510254,0.010880827903747559,0.16739392280578613,0.09153962135314941,0.1224668025970459,0.1307125687599182,0.07834303379058838,0.11285221576690674,0.07134038209915161,0.0836912989616394,THUMBS_UP
0.0,0.0,0.0019585490226745605,-0.11488598585128784,0.036694347858428955,-0.24834418296813965,0.06503480672836304,-0.36647096276283264,0.08097529411315918,-0.4730607271194458,0.1664677858352661,-0.21806055307388306,0.12437105178833008,-0.1770414113998413,0.07979017496109009,-0.14212805032730103,0.07690602540969849,-0.14321941137313843,0.19365715980529785,-0.12261831760406494,0.13522803783416748,-0.08081001043319702,0.08277708292007446,-0.06423872709274292,0.08624118566513062,-0.07715421915054321,0.19682472944259644,-0.02219754457473755,0.1425457000732422,0.01397925615310669,0.0950918197631836,0.016316533088684082,0.096565842628479,-0.003204822540283203,0.18650925159454346,0.07261455059051514,0.15314054489135742,0.1030239462852478,0.1137043833732605,0.09211236238479614,0.10836672782897949,0.0666925311088562,THUMBS_UP
0.0,0.0,0.006205886602401733,-0.12378817796707153,0.04533165693283081,-0.26320695877075195,0.07100731134414673,-0.3812958002090454,0.08423072099685669,-0.48667284846305847,0.16904300451278687,-0.2338598370552063,0.14304667711257935,-0.21248888969421387,0.09593802690505981,-0.1720874309539795,0.08780843019485474,-0.16484838724136353,0.1984807252883911,-0.14697402715682983,0.15486133098602295,-0.1229180097579956,0.10063338279724121,-0.09415209293365479,0.09801501035690308,-0.09729713201522827,0.20315968990325928,-0.05099833011627197,0.16317600011825562,-0.030591130256652832,0.11388736963272095,-0.015367269515991211,0.10998034477233887,-0.025058329105377197,0.19562500715255737,0.04182612895965576,0.1723232865333557,0.0587918758392334,0.13292360305786133,0.05488920211791992,0.124423086643219,0.03777801990509033,THUMBS_UP
0.0,0.0,0.0054756999015808105,-0.11831939220428467,0.047623008489608765,-0.2541218400001526,0.07206079363822937,-0.3710474669933319,0.0866609513759613,-0.4725925624370575,0.1700250208377838,-0.22185850143432617,0.149387925863266,-0.21490371227264404,0.096978098154068,-0.1703660488128662,0.08931180834770203,-0.15849846601486206,0.19812938570976257,-0.13253557682037354,0.1632365882396698,-0.12239551544189453,0.10175034403800964,-0.09257632493972778,0.09923657774925232,-0.09455728530883789,0.2016136348247528,-0.035464584827423096,0.1710151731967926,-0.0258600115776062,0.11312982439994812,-0.01160973310470581,0.10882499814033508,-0.019627392292022705,0.19329407811164856,0.05760324001312256,0.17637202143669128,0.0667303204536438,0.1310860812664032,0.061804354190826416,0.12164995074272156,0.04785323143005371,THUMBS_UP
0.0,0.0,0.007337629795074463,-0.11806124448776245,0.04767987132072449,-0.2508903741836548,0.07239982485771179,-0.3653949499130249,0.08950188755989075,-0.4670007824897766,0.1686272919178009,-0.20687520503997803,0.14594337344169617,-0.20314306020736694,0.09483137726783752,-0.15839654207229614,0.08431091904640198,-0.1418771743774414,0.19568374752998352,-0.11753219366073608,0.15788665413856506,-0.11021953821182251,0.09843841195106506,-0.07878607511520386,0.0925128161907196,-0.0761595368385315,0.1986408531665802,-0.022187352180480957,0.16550388932228088,-0.014933526515960693,0.11113396286964417,0.0012205839157104492,0.10515615344047546,-0.004619896411895752,0.19020453095436096,0.06870430707931519,0.17295768857002258,0.07737743854522705,0.12992683053016663,0.0734362006187439,0.11987480521202087,0.05960202217102051,THUMBS_UP
0.0,0.0,0.007057219743728638,-0.12346905469894409,0.04535433650016785,-0.2604679465293884,0.07148018479347229,-0.3749135732650757,0.0889911949634552,-0.4763862192630768,0.16828277707099915,-0.21667122840881348,0.13541337847709656,-0.20304596424102783,0.08729836344718933,-0.1603010892868042,0.07660207152366638,-0.14534908533096313,0.19533702731132507,-0.12400990724563599,0.14479312300682068,-0.10830390453338623,0.08973154425621033,-0.07892334461212158,0.08341982960700989,-0.07430136203765869,0.1984376609325409,-0.025763869285583496,0.15274497866630554,-0.012308001518249512,0.10267582535743713,0.0023197531700134277,0.09733769297599792,-0.002278447151184082,0.1895313560962677,0.0683218240737915,0.16514822840690613,0.0803719162940979,0.12488546967506409,0.07702714204788208,0.1156054437160492,0.06442481279373169,THUMBS_UP
0.0,0.0,0.0008294582366943359,-0.1208234429359436,0.03346100449562073,-0.25837570428848267,0.058055728673934937,-0.37784579396247864,0.07293733954429626,-0.48497751355171204,0.16010257601737976,-0.2242356538772583,0.1119253933429718,-0.18221288919448853,0.06623956561088562,-0.14504611492156982,0.06184914708137512,-0.14651203155517578,0.1885845959186554,-0.12810009717941284,0.12351259589195251,-0.0855061411857605,0.06946781277656555,-0.06733429431915283,0.06817945837974548,-0.07946044206619263,0.19296368956565857,-0.0260964035987854,0.1332557499408722,0.011204957962036133,0.08304259181022644,0.013586163520812988,0.0812549889087677,-0.004894912242889404,0.18346914649009705,0.06990230083465576,0.14638718962669373,0.09933960437774658,0.1034955084323883,0.0908653736114502,0.0953051745891571,0.06885653734207153,THUMBS_UP
0.0,0.0,-0.003536015748977661,-0.11501240730285645,0.025514841079711914,-0.25278180837631226,0.044972777366638184,-0.3702124357223511,0.0579189658164978,-0.47387468814849854,0.14647120237350464,-0.20834195613861084,0.08608990907669067,-0.17287439107894897,0.043854475021362305,-0.1422087550163269,0.04245501756668091,-0.1422804594039917,0.17421573400497437,-0.11032694578170776,0.09721946716308594,-0.07673108577728271,0.049394428730010986,-0.06754040718078613,0.051057279109954834,-0.07682722806930542,0.1778935194015503,-0.00905221700668335,0.1045076847076416,0.019624769687652588,0.0611148476600647,0.015832722187042236,0.06378722190856934,0.0004673004150390625,0.1681639552116394,0.08469325304031372,0.11858624219894409,0.11117452383041382,0.07782691717147827,0.09801673889160156,0.07128608226776123,0.07615059614181519,THUMBS_UP
0.0,0.0,-0.015486389398574829,-0.11178785562515259,0.004912972450256348,-0.2599889934062958,0.01656782627105713,-0.37519869208335876,0.026830434799194336,-0.48038357496261597,0.11805129051208496,-0.21179571747779846,0.031606972217559814,-0.16434836387634277,0.0050182342529296875,-0.150190532207489,0.020999014377593994,-0.16279619932174683,0.14442211389541626,-0.1040334701538086,0.024035930633544922,-0.05374079942703247,0.011789023876190186,-0.07042771577835083,0.04018115997314453,-0.10475528240203857,0.14473426342010498,0.004383087158203125,0.034099280834198,0.03391087055206299,0.01901686191558838,0.012392282485961914,0.042628586292266846,-0.01729494333267212,0.13277775049209595,0.09644448757171631,0.05355638265609741,0.11434221267700195,0.03556811809539795,0.09437191486358643,0.04804950952529907,0.06755709648132324,THUMBS_UP
0.0,0.0,-0.02284666895866394,-0.10307759046554565,-0.008260607719421387,-0.2574502229690552,0.001092374324798584,-0.37380823493003845,0.009744226932525635,-0.4780440032482147,0.0919651985168457,-0.19847702980041504,0.004308342933654785,-0.16262966394424438,-0.0014947056770324707,-0.1632804274559021,0.02325761318206787,-0.17808660864830017,0.12277674674987793,-0.09184509515762329,-0.012414932250976562,-0.041067421436309814,0.006522834300994873,-0.07127165794372559,0.04167383909225464,-0.10275012254714966,0.12374228239059448,0.014815270900726318,0.0009500384330749512,0.043699800968170166,0.013913452625274658,0.015106916427612305,0.04616522789001465,-0.009214580059051514,0.1121058464050293,0.10357910394668579,0.028641700744628906,0.11987775564193726,0.03735029697418213,0.10316503047943115,0.0650060772895813,0.08836382627487183,THUMBS_UP
0.0,0.0,-0.02718985080718994,-0.0954248309135437,-0.029585987329483032,-0.2382417917251587,-0.035515397787094116,-0.3473672866821289,-0.03556346893310547,-0.45017415285110474,0.05635786056518555,-0.17733711004257202,-0.03820323944091797,-0.11914265155792236,-0.031688809394836426,-0.1301274299621582,-0.0031890273094177246,-0.1488979458808899,0.08829563856124878,-0.07147717475891113,-0.04963326454162598,0.0032387971878051758,-0.019962847232818604,-0.034495651721954346,0.01920318603515625,-0.0676426887512207,0.09274667501449585,0.03438371419906616,-0.03224053978919983,0.08655565977096558,-0.01080930233001709,0.05404543876647949,0.02538597583770752,0.02964872121810913,0.08510476350784302,0.12363743782043457,-0.00269925594329834,0.15707862377166748,0.011914849281311035,0.13500827550888062,0.04449719190597534,0.11685609817504883,THUMBS_UP
0.0,0.0,-0.032412171363830566,-0.10864228010177612,-0.04082298278808594,-0.2482433319091797,-0.04608422517776489,-0.35346174240112305,-0.048701733350753784,-0.45843902230262756,0.04158812761306763,-0.1623554229736328,-0.06882309913635254,-0.09008705615997314,-0.06818100810050964,-0.11987745761871338,-0.040622055530548096,-0.15740394592285156,0.07276558876037598,-0.048666179180145264,-0.07847148180007935,0.02561819553375244,-0.05430081486701965,-0.02833688259124756,-0.015318632125854492,-0.07629227638244629,0.0784263014793396,0.05647844076156616,-0.060064345598220825,0.10012310743331909,-0.04170727729797363,0.058014094829559326,-0.005641639232635498,0.025804460048675537,0.07185614109039307,0.14352726936340332,-0.02847754955291748,0.16911232471466064,-0.01467907428741455,0.13941043615341187,0.017927229404449463,0.11178934574127197,THUMBS_UP
0.0,0.0,-0.03579515218734741,-0.11692541837692261,-0.05159381031990051,-0.2485712766647339,-0.05999857187271118,-0.3488249182701111,-0.06307423114776611,-0.45569565892219543,0.04045075178146362,-0.173475444316864,-0.08807390928268433,-0.0863720178604126,-0.08598446846008301,-0.11543124914169312,-0.05536317825317383,-0.15473634004592896,0.06656074523925781,-0.05318170785903931,-0.09042921662330627,0.02125251293182373,-0.06964111328125,-0.028667926788330078,-0.027415037155151367,-0.07689094543457031,0.07203865051269531,0.05618894100189209,-0.069975346326828,0.0932016372680664,-0.05273991823196411,0.05931735038757324,-0.012370169162750244,0.030697643756866455,0.06652271747589111,0.14828187227249146,-0.04049164056777954,0.161263108253479,-0.027089059352874756,0.13653194904327393,0.01028585433959961,0.11323601007461548,THUMBS_UP
0.0,0.0,-0.02674812078475952,-0.11954432725906372,-0.041339755058288574,-0.25064927339553833,-0.0503021776676178,-0.3462912142276764,-0.057595521211624146,-0.4398104250431061,0.026122689247131348,-0.18181085586547852,-0.09125885367393494,-0.12340110540390015,-0.08778595924377441,-0.1408514380455017,-0.054052919149398804,-0.1665855050086975,0.04653102159500122,-0.06009018421173096,-0.1042070984840393,-0.006976127624511719,-0.07909536361694336,-0.04985123872756958,-0.031099170446395874,-0.0883985161781311,0.050105273723602295,0.048957228660583496,-0.09035620093345642,0.06999814510345459,-0.06705275177955627,0.0338362455368042,-0.022676199674606323,0.009425997734069824,0.044333815574645996,0.13767212629318237,-0.06811079382896423,0.13951444625854492,-0.04791504144668579,0.11144810914993286,-0.0045531392097473145,0.09077876806259155,THUMBS_UP
0.0,0.0,-0.039797425270080566,-0.11416518688201904,-0.0937834084033966,-0.22160041332244873,-0.12446296215057373,-0.32589271664619446,-0.14206716418266296,-0.4295422434806824,-0.06523621082305908,-0.1350148320198059,-0.18678495287895203,-0.08827251195907593,-0.1621437668800354,-0.10137826204299927,-0.12523123621940613,-0.11660629510879517,-0.04579693078994751,-0.02507239580154419,-0.19051367044448853,0.0012145638465881348,-0.1584901213645935,-0.02325993776321411,-0.11174124479293823,-0.030149400234222412,-0.03815203905105591,0.06764191389083862,-0.17233774065971375,0.09560537338256836,-0.14038360118865967,0.06600391864776611,-0.09675580263137817,0.05382925271987915,-0.03754734992980957,0.14687788486480713,-0.13948854804039001,0.1716301441192627,-0.11696293950080872,0.14232975244522095,-0.0795782208442688,0.13059359788894653,THUMBS_UP
0.0,0.0,-0.042664408683776855,-0.11968135833740234,-0.10522699356079102,-0.22659388184547424,-0.1467944085597992,-0.3249949812889099,-0.1756654977798462,-0.41458308696746826,-0.10503271222114563,-0.14114654064178467,-0.22461795806884766,-0.10448181629180908,-0.20226621627807617,-0.11912357807159424,-0.16823336482048035,-0.1330111026763916,-0.09131217002868652,-0.034741222858428955,-0.23075413703918457,-0.016671419143676758,-0.20121532678604126,-0.044478535652160645,-0.15553337335586548,-0.05043119192123413,-0.08348357677459717,0.054659485816955566,-0.21282699704170227,0.07632207870483398,-0.18122702836990356,0.04310929775238037,-0.13855060935020447,0.0302809476852417,-0.0792165994644165,0.13125473260879517,-0.1779046356678009,0.15751534700393677,-0.15476229786872864,0.1250162124633789,-0.11890169978141785,0.10883212089538574,THUMBS_UP
0.0,0.0,-0.037444114685058594,-0.12270259857177734,-0.09623390436172485,-0.22737887501716614,-0.13631176948547363,-0.31930631399154663,-0.1550956666469574,-0.4114700257778168,-0.10558852553367615,-0.14910119771957397,-0.22050142288208008,-0.1252790093421936,-0.19385820627212524,-0.13278353214263916,-0.15742436051368713,-0.14239877462387085,-0.0965009331703186,-0.04146760702133179,-0.230313241481781,-0.04067319631576538,-0.19889211654663086,-0.059393227100372314,-0.15328606963157654,-0.06040751934051514,-0.09290319681167603,0.05135691165924072,-0.21599513292312622,0.05278444290161133,-0.1828426718711853,0.026693224906921387,-0.13993555307388306,0.01963585615158081,-0.09109723567962646,0.1299871802330017,-0.18731361627578735,0.13296037912368774,-0.16161340475082397,0.10748755931854248,-0.12529847025871277,0.09950608015060425,THUMBS_UP
0.0,0.0,-0.03594321012496948,-0.1253819465637207,-0.08808481693267822,-0.22513502836227417,-0.12623488903045654,-0.3158486485481262,-0.14525717496871948,-0.4052334427833557,-0.11372849345207214,-0.1395101547241211,-0.21372461318969727,-0.1276206374168396,-0.18602529168128967,-0.1347610354423523,-0.15088054537773132,-0.1402643918991089,-0.10840070247650146,-0.03331875801086426,-0.22455191612243652,-0.042646825313568115,-0.19590193033218384,-0.06084471940994263,-0.1555841565132141,-0.06035113334655762,-0.10531175136566162,0.058954596519470215,-0.21328970789909363,0.04638874530792236,-0.1831597089767456,0.02372974157333374,-0.14499592781066895,0.020537614822387695,-0.10269483923912048,0.13448071479797363,-0.18877440690994263,0.12459313869476318,-0.16426387429237366,0.10165655612945557,-0.13172194361686707,0.09668612480163574,THUMBS_UP
0.0,0.0,-0.03882157802581787,-0.1249437928199768,-0.09232735633850098,-0.2225666046142578,-0.1309395432472229,-0.31416893005371094,-0.15122589468955994,-0.4006783068180084,-0.12418407201766968,-0.13273966312408447,-0.21927660703659058,-0.12347143888473511,-0.1918562352657318,-0.12737339735031128,-0.15763846039772034,-0.13479679822921753,-0.12060651183128357,-0.030986547470092773,-0.22776338458061218,-0.04037821292877197,-0.2000860571861267,-0.05549478530883789,-0.16270363330841064,-0.057670533657073975,-0.11619704961776733,0.058139026165008545,-0.2148093581199646,0.04705226421356201,-0.18691164255142212,0.026846230030059814,-0.15207737684249878,0.021640479564666748,-0.11120805144309998,0.13045603036880493,-0.19062379002571106,0.12158823013305664,-0.16789737343788147,0.0999678373336792,-0.1381651759147644,0.09365224838256836,THUMBS_UP
0.0,0.0,-0.03986138105392456,-0.12394893169403076,-0.09377500414848328,-0.217794269323349,-0.13422974944114685,-0.30580976605415344,-0.15558955073356628,-0.3930937349796295,-0.1317741572856903,-0.1321081519126892,-0.2232254445552826,-0.11948400735855103,-0.19282028079032898,-0.12294024229049683,-0.15821415185928345,-0.12925869226455688,-0.1285456120967865,-0.031576693058013916,-0.22749805450439453,-0.03863203525543213,-0.1982153356075287,-0.053350746631622314,-0.16242456436157227,-0.054860472679138184,-0.12226641178131104,0.057239830493927,-0.2144443690776825,0.04590219259262085,-0.18594911694526672,0.026617348194122314,-0.1520075798034668,0.021785736083984375,-0.11462435126304626,0.12932151556015015,-0.18981781601905823,0.12105005979537964,-0.16732361912727356,0.0993950366973877,-0.13869044184684753,0.09251993894577026,THUMBS_UP
0.0,0.0,-0.0426255464553833,-0.12366443872451782,-0.09626394510269165,-0.2153811752796173,-0.13520723581314087,-0.30446863174438477,-0.1544259488582611,-0.3926132023334503,-0.13116317987442017,-0.1248159408569336,-0.22243764996528625,-0.11103701591491699,-0.19216930866241455,-0.11639374494552612,-0.1583317518234253,-0.12553691864013672,-0.1263144314289093,-0.025419235229492188,-0.22722554206848145,-0.03066641092300415,-0.19938671588897705,-0.04695737361907959,-0.16399842500686646,-0.051042795181274414,-0.11939024925231934,0.06260645389556885,-0.21189260482788086,0.05391955375671387,-0.18435639142990112,0.033990442752838135,-0.151014506816864,0.027739405632019043,-0.11154687404632568,0.1333577036857605,-0.18619829416275024,0.12497591972351074,-0.16341808438301086,0.10392606258392334,-0.13467612862586975,0.09756183624267578,THUMBS_UP
0.0,0.0,-0.044870853424072266,-0.11785823106765747,-0.10032045841217041,-0.20911800861358643,-0.13490042090415955,-0.3008849620819092,-0.15175828337669373,-0.38657453656196594,-0.12251800298690796,-0.11956959962844849,-0.21897077560424805,-0.09206444025039673,-0.190700501203537,-0.10685956478118896,-0.15822291374206543,-0.11991477012634277,-0.1128213107585907,-0.021846890449523926,-0.22075748443603516,-0.011836826801300049,-0.19476649165153503,-0.03686600923538208,-0.15817540884017944,-0.04455846548080444,-0.10372063517570496,0.06359684467315674,-0.20492002367973328,0.07212567329406738,-0.17849519848823547,0.04477989673614502,-0.14283469319343567,0.03429830074310303,-0.0951128900051117,0.13417530059814453,-0.1750650405883789,0.14095687866210938,-0.15426120162010193,0.11477363109588623,-0.12390124797821045,0.10398232936859131,THUMBS_UP
0.0,0.0,-0.054152846336364746,-0.09872841835021973,-0.12251594662666321,-0.177379310131073,-0.16738131642341614,-0.2582997679710388,-0.19154727458953857,-0.3474937677383423,-0.11251306533813477,-0.10757440328598022,-0.21619519591331482,-0.03843116760253906,-0.19232353568077087,-0.060160934925079346,-0.1606319546699524,-0.08438003063201904,-0.0894826352596283,-0.015004098415374756,-0.21214213967323303,0.04518502950668335,-0.185462087392807,0.012411355972290039,-0.14617353677749634,-0.007048249244689941,-0.07296615839004517,0.06462681293487549,-0.18498027324676514,0.12585115432739258,-0.15854614973068237,0.08535748720169067,-0.12216445803642273,0.05951869487762451,-0.06003117561340332,0.13389647006988525,-0.14560255408287048,0.1846523880958557,-0.12646198272705078,0.147655189037323,-0.09620130062103271,0.12230724096298218,THUMBS_UP
0.0,0.0,-0.05331242084503174,-0.09779894351959229,-0.11801999807357788,-0.1932370662689209,-0.15242880582809448,-0.28616440296173096,-0.16611388325691223,-0.38348230719566345,-0.07837510108947754,-0.1275399923324585,-0.18608248233795166,-0.0579337477684021,-0.16193431615829468,-0.07848519086837769,-0.126975417137146,-0.10172349214553833,-0.054150938987731934,-0.03518509864807129,-0.17941734194755554,0.03203052282333374,-0.1511724889278412,-0.0012047886848449707,-0.10962110757827759,-0.01751929521560669,-0.037446796894073486,0.04723292589187622,-0.15451005101203918,0.11362183094024658,-0.1273745596408844,0.0772663950920105,-0.08948951959609985,0.0549202561378479,-0.02761894464492798,0.12022995948791504,-0.11494773626327515,0.16990214586257935,-0.09617334604263306,0.1376526951789856,-0.06583064794540405,0.1176711916923523,THUMBS_UP
0.0,0.0,-0.04477173089981079,-0.08677130937576294,-0.10820049047470093,-0.1520974040031433,-0.15898865461349487,-0.1582505702972412,-0.18114688992500305,-0.1430918574333191,-0.062130868434906006,-0.11214941740036011,-0.16968077421188354,-0.03981828689575195,-0.15238738059997559,-0.05982828140258789,-0.11867666244506836,-0.07665175199508667,-0.0411372184753418,-0.018152356147766113,-0.16622686386108398,0.0490383505821228,-0.14483940601348877,0.015482306480407715,-0.105431467294693,-0.00021064281463623047,-0.028696656227111816,0.06354641914367676,-0.14406141638755798,0.12374347448348999,-0.12302586436271667,0.08861637115478516,-0.08698436617851257,0.06474852561950684,-0.02242898941040039,0.13580137491226196,-0.10813027620315552,0.17526018619537354,-0.09527450799942017,0.14418870210647583,-0.0673598051071167,0.12423330545425415,THUMBS_UP
0.0,0.0,-0.04183971881866455,-0.1146782636642456,-0.0982254147529602,-0.20773392915725708,-0.13153645396232605,-0.3105570375919342,-0.15202686190605164,-0.4111977815628052,-0.058957695960998535,-0.11485826969146729,-0.16805538535118103,-0.046493351459503174,-0.1428661346435547,-0.08370393514633179,-0.1041930615901947,-0.1098986268043518,-0.04080420732498169,-0.012783825397491455,-0.16577327251434326,0.04211139678955078,-0.14372509717941284,-0.0009388327598571777,-0.10228139162063599,-0.020347893238067627,-0.03410983085632324,0.07350069284439087,-0.14327967166900635,0.10938143730163574,-0.12299847602844238,0.06694716215133667,-0.08910053968429565,0.04915428161621094,-0.034083425998687744,0.13963788747787476,-0.11744827032089233,0.1609722375869751,-0.09939008951187134,0.12731820344924927,-0.06697952747344971,0.11376702785491943,THUMBS_UP
0.0,0.0,-0.0379449725151062,-0.08635872602462769,-0.06232452392578125,-0.17837274074554443,-0.08390605449676514,-0.26563358306884766,-0.09787571430206299,-0.36275967955589294,0.04580169916152954,-0.05176901817321777,-0.08686071634292603,0.02812594175338745,-0.08586850762367249,-0.018223166465759277,-0.04984939098358154,-0.05010640621185303,0.05781686305999756,0.05054211616516113,-0.08627936244010925,0.11868590116500854,-0.07545134425163269,0.06559187173843384,-0.03745102882385254,0.034788429737091064,0.05444061756134033,0.13448446989059448,-0.0779719352722168,0.1821146011352539,-0.06174290180206299,0.1285492181777954,-0.023637890815734863,0.10565483570098877,0.042916715145111084,0.20794862508773804,-0.045439839363098145,0.23012375831604004,-0.035313189029693604,0.19350606203079224,-0.001954376697540283,0.17349213361740112,THUMBS_UP
0.0,0.0,-0.03581428527832031,-0.09090977907180786,-0.06274986267089844,-0.1792137622833252,-0.07155084609985352,-0.2703079283237457,-0.07500731945037842,-0.36957961320877075,0.021379053592681885,-0.04420351982116699,-0.08986923098564148,0.052537381649017334,-0.07938867807388306,0.012879252433776855,-0.0401078462600708,-0.029448091983795166,0.04036295413970947,0.05406522750854492,-0.08487355709075928,0.12032514810562134,-0.0727682113647461,0.05959528684616089,-0.04152494668960571,0.02139967679977417,0.043381571769714355,0.1334294080734253,-0.07362300157546997,0.1898598074913025,-0.05780017375946045,0.1275380253791809,-0.025398850440979004,0.09161561727523804,0.03885495662689209,0.20245492458343506,-0.04842656850814819,0.23873448371887207,-0.03975409269332886,0.18829822540283203,-0.011582136154174805,0.15123116970062256,THUMBS_UP
0.0,0.0,-0.017870664596557617,-0.1112108826637268,-0.012599825859069824,-0.2154262661933899,-0.003321349620819092,-0.30933699011802673,0.009552061557769775,-0.3962095379829407,0.08480268716812134,-0.0759623646736145,-0.027949035167694092,0.018872499465942383,-0.027953535318374634,-0.03682088851928711,0.005682229995727539,-0.08801162242889404,0.10222148895263672,0.024920642375946045,-0.02399870753288269,0.09047162532806396,-0.02001708745956421,0.02775472402572632,0.0059850215911865234,-0.0032215118408203125,0.09967952966690063,0.1073451042175293,-0.01346433162689209,0.15902072191238403,-0.00887078046798706,0.09660732746124268,0.017086684703826904,0.06495159864425659,0.08664935827255249,0.1781519055366516,0.004899322986602783,0.20839685201644897,0.004653036594390869,0.1626521348953247,0.02973705530166626,0.1284896731376648,THUMBS_UP
0.0,0.0,-0.02041703462600708,-0.11832714080810547,-0.01074594259262085,-0.23916327953338623,-0.0049294233322143555,-0.3429698348045349,0.01003938913345337,-0.44217821955680847,0.08605903387069702,-0.12901407480239868,0.012941360473632812,-0.040062904357910156,-0.0018023252487182617,-0.07711571455001831,0.016905367374420166,-0.12589460611343384,0.10224610567092896,-0.024361789226531982,0.009601175785064697,0.0499730110168457,0.0031532645225524902,0.0022139549255371094,0.026881515979766846,-0.03758591413497925,0.09976077079772949,0.06492877006530762,0.017629563808441162,0.1199418306350708,0.009404897689819336,0.07469642162322998,0.029761552810668945,0.037677884101867676,0.08884197473526001,0.13707059621810913,0.024611353874206543,0.17669528722763062,0.015029966831207275,0.13724571466445923,0.03322792053222656,0.09325331449508667,THUMBS_UP
0.0,0.0,-0.01711452007293701,-0.1265236735343933,-0.009476989507675171,-0.24251389503479004,-0.0023058056831359863,-0.3402545154094696,0.009710729122161865,-0.43525511026382446,0.0745953917503357,-0.11240899562835693,0.000827491283416748,-0.05608898401260376,0.0002887248992919922,-0.10310894250869751,0.0241243839263916,-0.13714289665222168,0.08806687593460083,0.002533555030822754,-0.007150590419769287,0.03978246450424194,0.007997632026672363,-0.014536380767822266,0.033111631870269775,-0.04109156131744385,0.08552664518356323,0.09364587068557739,0.0003553032875061035,0.11332368850708008,0.01380300521850586,0.06515634059906006,0.039012014865875244,0.04260057210922241,0.0767817497253418,0.16314464807510376,0.014770328998565674,0.17893749475479126,0.02294611930847168,0.1416846513748169,0.049244582653045654,0.11197042465209961,THUMBS_UP
0.0,0.0,-0.025510549545288086,-0.10669463872909546,-0.03000795841217041,-0.22751593589782715,-0.030022889375686646,-0.32425862550735474,-0.014410287141799927,-0.42111897468566895,0.049931108951568604,-0.13928711414337158,-0.06889477372169495,-0.0854501724243164,-0.05984795093536377,-0.09685635566711426,-0.02741461992263794,-0.11102908849716187,0.06822729110717773,-0.024209797382354736,-0.07564926147460938,0.017840087413787842,-0.043822675943374634,-0.013996899127960205,-0.0001850128173828125,-0.03871184587478638,0.06681454181671143,0.07720690965652466,-0.06089109182357788,0.09188282489776611,-0.036166369915008545,0.0658717155456543,0.004995882511138916,0.0519871711730957,0.055924057960510254,0.15651339292526245,-0.03559193015098572,0.15864652395248413,-0.01603981852531433,0.14169126749038696,0.02304244041442871,0.13273662328720093,THUMBS_UP
0.0,0.0,-0.03124755620956421,-0.11135894060134888,-0.03822144865989685,-0.23064696788787842,-0.03321143984794617,-0.3253322243690491,-0.010704725980758667,-0.40967366099357605,0.03519120812416077,-0.14064687490463257,-0.08209022879600525,-0.08927124738693237,-0.07423704862594604,-0.09881877899169922,-0.042603999376297,-0.11258530616760254,0.05339786410331726,-0.020219266414642334,-0.09199956059455872,0.01729816198348999,-0.057371288537979126,-0.01559746265411377,-0.015236139297485352,-0.037686824798583984,0.05048719048500061,0.08183282613754272,-0.07524260878562927,0.09417414665222168,-0.05096903443336487,0.06630456447601318,-0.01002761721611023,0.05314826965332031,0.04037603735923767,0.16347038745880127,-0.05007925629615784,0.16557663679122925,-0.03180202841758728,0.14580702781677246,0.005122274160385132,0.13405394554138184,THUMBS_UP
0.0,0.0,-0.04042884707450867,-0.10179835557937622,-0.03655073046684265,-0.23979228734970093,-0.022670209407806396,-0.3342953026294708,0.0002891421318054199,-0.4071536958217621,0.03856313228607178,-0.13655364513397217,-0.06912925839424133,-0.09489357471466064,-0.06235644221305847,-0.10037052631378174,-0.03739294409751892,-0.11075723171234131,0.06457173824310303,-0.01711040735244751,-0.08495920896530151,0.01289600133895874,-0.04728209972381592,-0.016012132167816162,-0.00884103775024414,-0.03713136911392212,0.06142538785934448,0.08159399032592773,-0.06779259443283081,0.09322565793991089,-0.04297032952308655,0.06611454486846924,-0.0061299800872802734,0.05133497714996338,0.05117690563201904,0.16264891624450684,-0.04297688603401184,0.1639276146888733,-0.02559646964073181,0.14648449420928955,0.009415090084075928,0.1345335841178894,THUMBS_UP
0.0,0.0,-0.03830412030220032,-0.10481637716293335,-0.037592142820358276,-0.24431270360946655,-0.027336478233337402,-0.33859455585479736,-0.003934264183044434,-0.40262413024902344,0.04628452658653259,-0.13054919242858887,-0.06257593631744385,-0.1000247597694397,-0.05846381187438965,-0.11111181974411011,-0.03286519646644592,-0.1185528039932251,0.07078537344932556,-0.009710073471069336,-0.08315059542655945,0.014454066753387451,-0.04653269052505493,-0.023817121982574463,-0.006653964519500732,-0.04708760976791382,0.06707033514976501,0.08988583087921143,-0.06756645441055298,0.09033626317977905,-0.04124215245246887,0.05942714214324951,-0.0015865862369537354,0.046200454235076904,0.05540540814399719,0.16730833053588867,-0.04171118140220642,0.16024208068847656,-0.022112339735031128,0.14100563526153564,0.01587483286857605,0.13086354732513428,THUMBS_UP
0.0,0.0,-0.02918347716331482,-0.11253535747528076,-0.03141257166862488,-0.2386382818222046,-0.025781840085983276,-0.33144411444664,-0.004990756511688232,-0.4073466956615448,0.05052149295806885,-0.13867849111557007,-0.06858348846435547,-0.09504532814025879,-0.06525495648384094,-0.10706651210784912,-0.034794777631759644,-0.1168520450592041,0.0695185661315918,-0.019159138202667236,-0.08234822750091553,0.015878677368164062,-0.04827180504798889,-0.022771775722503662,-0.005034387111663818,-0.04799246788024902,0.06603652238845825,0.0833972692489624,-0.06685435771942139,0.08825111389160156,-0.040894150733947754,0.05777233839035034,0.0022927820682525635,0.043299078941345215,0.05367743968963623,0.16363418102264404,-0.04292714595794678,0.15713655948638916,-0.022764205932617188,0.13780128955841064,0.01749366521835327,0.1281832456588745,THUMBS_UP
0.0,0.0,-0.038337498903274536,-0.0964425802230835,-0.030519992113113403,-0.2406948208808899,-0.014597713947296143,-0.338593989610672,0.009141325950622559,-0.41947343945503235,0.057491838932037354,-0.14469188451766968,-0.043107420206069946,-0.11238384246826172,-0.04245159029960632,-0.11466109752655029,-0.019189119338989258,-0.12124282121658325,0.08596581220626831,-0.02948439121246338,-0.061807453632354736,0.002918720245361328,-0.029310494661331177,-0.030065417289733887,0.009261995553970337,-0.05550438165664673,0.08276230096817017,0.06992757320404053,-0.04823005199432373,0.08063161373138428,-0.024898409843444824,0.05014145374298096,0.01324281096458435,0.03274226188659668,0.06999927759170532,0.1497616171836853,-0.02529376745223999,0.14873546361923218,-0.007390886545181274,0.13071435689926147,0.029062330722808838,0.11921966075897217,THUMBS_UP
0.0,0.0,-0.0319046676158905,-0.0884324312210083,-0.01501283049583435,-0.24050867557525635,0.0013209879398345947,-0.3432546555995941,0.01599457859992981,-0.42415839433670044,0.06929472088813782,-0.16048455238342285,-0.023566097021102905,-0.14054852724075317,-0.02689787745475769,-0.13284164667129517,-0.004735469818115234,-0.13091504573822021,0.0969911515712738,-0.050432562828063965,-0.041810691356658936,-0.02806997299194336,-0.013513028621673584,-0.050520479679107666,0.023004740476608276,-0.06942445039749146,0.09455427527427673,0.05075794458389282,-0.029818683862686157,0.05574113130569458,-0.012534230947494507,0.026483595371246338,0.01959088444709778,0.008081138134002686,0.08095261454582214,0.13152766227722168,-0.007413029670715332,0.12879431247711182,0.0054066479206085205,0.11179733276367188,0.035296112298965454,0.1005905270576477,THUMBS_UP
0.0,0.0,-0.010490089654922485,-0.1106950044631958,0.00852048397064209,-0.23789361119270325,0.024235844612121582,-0.34193751215934753,0.04395633935928345,-0.43900832533836365,0.10436922311782837,-0.18163979053497314,0.00924009084701538,-0.172151118516922,-0.0015721023082733154,-0.1493358016014099,0.01989036798477173,-0.13851839303970337,0.11828082799911499,-0.07111507654190063,0.00014799833297729492,-0.06518948078155518,0.006318807601928711,-0.07037770748138428,0.03619492053985596,-0.08272051811218262,0.11241394281387329,0.03044271469116211,0.0033798515796661377,0.023847579956054688,0.005945533514022827,0.011037707328796387,0.03396528959274292,-0.0017910003662109375,0.09626024961471558,0.11050856113433838,0.01739811897277832,0.10202145576477051,0.018711626529693604,0.09675729274749756,0.044727861881256104,0.09100073575973511,THUMBS_UP
0.0,0.0,0.013260841369628906,-0.1019238829612732,0.06124618649482727,-0.21044683456420898,0.09699848294258118,-0.3009425401687622,0.12296143174171448,-0.39125892519950867,0.1680985391139984,-0.1394416093826294,0.10090777277946472,-0.17265748977661133,0.051454633474349976,-0.14489012956619263,0.04161766171455383,-0.11870813369750977,0.17791756987571716,-0.04521441459655762,0.09447827935218811,-0.08996641635894775,0.04310289025306702,-0.08047628402709961,0.03876790404319763,-0.06073862314224243,0.16403678059577942,0.04471319913864136,0.0885290801525116,0.004081010818481445,0.044939786195755005,-0.002072572708129883,0.04579630494117737,0.007192134857177734,0.14010271430015564,0.12614983320236206,0.08708193898200989,0.09654337167739868,0.05278441309928894,0.08131915330886841,0.05164012312889099,0.08427447080612183,THUMBS_UP
0.0,0.0,0.022046297788619995,-0.11820816993713379,0.08167877793312073,-0.22985875606536865,0.12394610047340393,-0.3138025104999542,0.1511877477169037,-0.39738595485687256,0.18403878808021545,-0.14375382661819458,0.15237149596214294,-0.19858026504516602,0.1013517677783966,-0.17221328616142273,0.08511438965797424,-0.1409074068069458,0.19593432545661926,-0.06063723564147949,0.1454618275165558,-0.1187276840209961,0.08907565474510193,-0.10124784708023071,0.08170625567436218,-0.07254266738891602,0.18426117300987244,0.023349225521087646,0.13639035820960999,-0.026243090629577637,0.08663877844810486,-0.026085972785949707,0.08257922530174255,-0.00794452428817749,0.16300281882286072,0.10276609659194946,0.13051828742027283,0.06552481651306152,0.09378626942634583,0.05098229646682739,0.08834770321846008,0.05943673849105835,THUMBS_UP
0.0,0.0,0.024839401245117188,-0.13605248928070068,0.0860634446144104,-0.24880945682525635,0.12739914655685425,-0.3323444724082947,0.15296369791030884,-0.41227826476097107,0.18246573209762573,-0.1522408425807953,0.16902285814285278,-0.22775548696517944,0.11580955982208252,-0.19875690340995789,0.0981021523475647,-0.16218143701553345,0.19490474462509155,-0.07409244775772095,0.16381186246871948,-0.1480669379234314,0.10225170850753784,-0.12718188762664795,0.09459877014160156,-0.08900165557861328,0.18377971649169922,0.007949352264404297,0.15768051147460938,-0.053744494915008545,0.10032081604003906,-0.054530322551727295,0.0925031304359436,-0.024371743202209473,0.1631212830543518,0.08551603555679321,0.1520899534225464,0.04160112142562866,0.111935555934906,0.015764236450195312,0.0998879075050354,0.02651500701904297,THUMBS_UP
0.0,0.0,0.026057302951812744,-0.1371293067932129,0.08808156847953796,-0.24880635738372803,0.1293652355670929,-0.33180513978004456,0.15505215525627136,-0.41164228320121765,0.18411675095558167,-0.15372678637504578,0.17641696333885193,-0.23337942361831665,0.12367305159568787,-0.20404070615768433,0.10463038086891174,-0.16713857650756836,0.19517311453819275,-0.07440263032913208,0.16881588101387024,-0.1504698097705841,0.10692837834358215,-0.12957292795181274,0.09804460406303406,-0.0931054949760437,0.18375346064567566,0.007985472679138184,0.1606556475162506,-0.05524486303329468,0.10275676846504211,-0.055399179458618164,0.09421458840370178,-0.026600658893585205,0.16320112347602844,0.08672374486923218,0.1538621485233307,0.04100745916366577,0.11382725834846497,0.015107929706573486,0.10253247618675232,0.024182915687561035,THUMBS_UP
0.0,0.0,0.02971455454826355,-0.13318803906440735,0.09540075063705444,-0.23568397760391235,0.1392003297805786,-0.3118843138217926,0.16771751642227173,-0.38962602615356445,0.18761122226715088,-0.1277768313884735,0.18640363216400146,-0.21108591556549072,0.1307433843612671,-0.18856579065322876,0.10777181386947632,-0.15416604280471802,0.19460445642471313,-0.048458874225616455,0.17674916982650757,-0.1314922571182251,0.1108102798461914,-0.11727017164230347,0.09787321090698242,-0.08125686645507812,0.18041682243347168,0.03129780292510986,0.16625767946243286,-0.03690570592880249,0.10494935512542725,-0.04192274808883667,0.09258705377578735,-0.013061344623565674,0.15753400325775146,0.10654866695404053,0.15494710206985474,0.06033778190612793,0.11466771364212036,0.03135448694229126,0.102078378200531,0.040422260761260986,THUMBS_UP
0.0,0.0,0.03902280330657959,-0.1335974931716919,0.11044132709503174,-0.22441405057907104,0.15892857313156128,-0.2930743098258972,0.19179463386535645,-0.36312276124954224,0.1955612301826477,-0.09854596853256226,0.19729083776474,-0.1862047016620636,0.141230046749115,-0.16806724667549133,0.12050086259841919,-0.13716956973075867,0.19855791330337524,-0.018436431884765625,0.18434715270996094,-0.11012351512908936,0.12016701698303223,-0.10277783870697021,0.11004006862640381,-0.06938546895980835,0.17950153350830078,0.05759245157241821,0.16723918914794922,-0.019582927227020264,0.10776495933532715,-0.033391594886779785,0.09730976819992065,-0.006968796253204346,0.15171772241592407,0.12601512670516968,0.14794445037841797,0.07245856523513794,0.11038410663604736,0.03658491373062134,0.09912341833114624,0.042888522148132324,THUMBS_UP
0.0,0.0,0.04702165722846985,-0.13071101903915405,0.12306228280067444,-0.20864105224609375,0.17601606249809265,-0.26849693059921265,0.21303430199623108,-0.32815900444984436,0.200016587972641,-0.06617903709411621,0.20855358242988586,-0.16448676586151123,0.15067198872566223,-0.15193971991539001,0.13040098547935486,-0.11988082528114319,0.19818326830863953,0.010270833969116211,0.19030258059501648,-0.09547397494316101,0.1253175437450409,-0.09404033422470093,0.11779311299324036,-0.05453521013259888,0.17470350861549377,0.08009779453277588,0.1678832471370697,-0.008741140365600586,0.10952994227409363,-0.028868019580841064,0.1020950973033905,0.004867076873779297,0.14313778281211853,0.14030194282531738,0.14122065901756287,0.0791475772857666,0.10729548335075378,0.041116416454315186,0.09939447045326233,0.055754780769348145,THUMBS_UP
0.0,0.0,0.05409356951713562,-0.1266954243183136,0.13341447710990906,-0.1932079792022705,0.18951979279518127,-0.24457964301109314,0.22958943247795105,-0.3007497787475586,0.20676454901695251,-0.036457836627960205,0.2173287570476532,-0.14170676469802856,0.1576339304447174,-0.13993430137634277,0.13253739476203918,-0.1122312843799591,0.20205792784690857,0.038097083568573,0.1962900459766388,-0.08114531636238098,0.13042017817497253,-0.08857566118240356,0.11712977290153503,-0.04977405071258545,0.17514321208000183,0.10199272632598877,0.16775909066200256,-0.0032753348350524902,0.10951754450798035,-0.02872633934020996,0.09834972023963928,0.006449997425079346,0.13943752646446228,0.15281206369400024,0.13300743699073792,0.07306963205337524,0.09912165999412537,0.03473556041717529,0.08989879488945007,0.05458897352218628,THUMBS_UP
0.0,0.0,0.06159782409667969,-0.11473029851913452,0.14259082078933716,-0.1659223735332489,0.20078569650650024,-0.20821750164031982,0.24428653717041016,-0.25969982147216797,0.2062685489654541,-0.004150331020355225,0.22229284048080444,-0.10676631331443787,0.1631947159767151,-0.11630517244338989,0.1366889476776123,-0.0936526358127594,0.1971476674079895,0.07028937339782715,0.19449079036712646,-0.05140504240989685,0.13039565086364746,-0.06881409883499146,0.11662566661834717,-0.029622316360473633,0.16605544090270996,0.12931793928146362,0.15972238779067993,0.02060985565185547,0.10544925928115845,-0.013477802276611328,0.09482181072235107,0.021327435970306396,0.1277218461036682,0.17270255088806152,0.12272083759307861,0.08859467506408691,0.09157991409301758,0.04640066623687744,0.08277249336242676,0.06786185503005981,THUMBS_UP
0.0,0.0,0.06280052661895752,-0.11441591382026672,0.14439815282821655,-0.16118782758712769,0.2035670280456543,-0.19859889149665833,0.24781620502471924,-0.2470884621143341,0.20508384704589844,0.004199862480163574,0.22033566236495972,-0.10021215677261353,0.16032445430755615,-0.11248207092285156,0.13564497232437134,-0.08848133683204651,0.1945691704750061,0.07914221286773682,0.1919572949409485,-0.04693576693534851,0.12849384546279907,-0.06928563117980957,0.11617308855056763,-0.029779136180877686,0.16185051202774048,0.13572776317596436,0.15409457683563232,0.022991418838500977,0.1012532114982605,-0.015720009803771973,0.09281140565872192,0.019833862781524658,0.12263208627700806,0.17576247453689575,0.11535382270812988,0.08843082189559937,0.08483320474624634,0.044193804264068604,0.07748055458068848,0.0676146149635315,THUMBS_UP
0.0,0.0,0.052291929721832275,-0.11437338590621948,0.13573819398880005,-0.17869555950164795,0.19321495294570923,-0.22772979736328125,0.2350817322731018,-0.28285396099090576,0.2071017622947693,-0.016034066677093506,0.2160385251045227,-0.10711383819580078,0.15781176090240479,-0.11482802033424377,0.13573700189590454,-0.09025102853775024,0.19973480701446533,0.06797713041305542,0.1883375644683838,-0.03633517026901245,0.1255900263786316,-0.05612754821777344,0.11387050151824951,-0.025142967700958252,0.16944050788879395,0.13572973012924194,0.15006548166275024,0.04073613882064819,0.0974690318107605,0.006184995174407959,0.08980506658554077,0.03384631872177124,0.13140642642974854,0.19195562601089478,0.11735093593597412,0.12153434753417969,0.08453011512756348,0.07485407590866089,0.07576191425323486,0.08262032270431519,THUMBS_UP
0.0,0.0,0.04326140880584717,-0.11375197768211365,0.11970454454421997,-0.20612066984176636,0.1755739450454712,-0.2778737545013428,0.21613049507141113,-0.34757599234580994,0.20736819505691528,-0.03644317388534546,0.1876184344291687,-0.121421217918396,0.1345422863960266,-0.127925843000412,0.11988532543182373,-0.10450875759124756,0.20037078857421875,0.05342996120452881,0.157920241355896,-0.050264716148376465,0.10428208112716675,-0.06636923551559448,0.09856998920440674,-0.03828155994415283,0.16906440258026123,0.12651383876800537,0.1224634051322937,0.031043171882629395,0.0800519585609436,0.0030235648155212402,0.07971644401550293,0.024004638195037842,0.1298924684524536,0.18681716918945312,0.09359854459762573,0.11594909429550171,0.06391042470932007,0.07919067144393921,0.060884296894073486,0.08407336473464966,THUMBS_UP
0.0,0.0,0.023077547550201416,-0.12468412518501282,0.07895278930664062,-0.23988229036331177,0.11911916732788086,-0.3356972336769104,0.14719730615615845,-0.4280865490436554,0.1873573660850525,-0.0956583023071289,0.12827813625335693,-0.142775297164917,0.08270210027694702,-0.13861560821533203,0.0829169750213623,-0.11974221467971802,0.18770891427993774,0.011849820613861084,0.10524314641952515,-0.04849046468734741,0.06534838676452637,-0.06597542762756348,0.07192254066467285,-0.057313382625579834,0.1650286316871643,0.10294026136398315,0.08555495738983154,0.03880441188812256,0.054965436458587646,0.01186060905456543,0.06555068492889404,0.013310849666595459,0.13353896141052246,0.17553788423538208,0.074496328830719,0.12648284435272217,0.04670524597167969,0.08742415904998779,0.049760639667510986,0.07225167751312256,THUMBS_UP
0.0,0.0,0.005962014198303223,-0.1303412914276123,0.0513424277305603,-0.2680390179157257,0.07821696996688843,-0.37567436695098877,0.09951728582382202,-0.4749562740325928,0.1582311987876892,-0.1430531144142151,0.06547296047210693,-0.1514964997768402,0.03954482078552246,-0.1500932276248932,0.05913734436035156,-0.1465241014957428,0.1632251739501953,-0.03155273199081421,0.0432891845703125,-0.04892897605895996,0.029496729373931885,-0.06923997402191162,0.056710124015808105,-0.07651835680007935,0.1447785496711731,0.06732714176177979,0.03277027606964111,0.03927922248840332,0.018162131309509277,0.010795176029205322,0.0435674786567688,0.0025898218154907227,0.11662381887435913,0.14591306447982788,0.034514009952545166,0.12226516008377075,0.018667757511138916,0.08887594938278198,0.03598827123641968,0.07184052467346191,THUMBS_UP
0.0,0.0,-0.005401968955993652,-0.11412012577056885,0.030191779136657715,-0.26689112186431885,0.05066150426864624,-0.3804781436920166,0.07018476724624634,-0.4752540588378906,0.12575244903564453,-0.15102145075798035,0.044192373752593994,-0.14450639486312866,0.03573894500732422,-0.15624740719795227,0.05943739414215088,-0.17190781235694885,0.14145904779434204,-0.038270771503448486,0.01621633768081665,-0.03581732511520386,0.02891629934310913,-0.06228357553482056,0.06177639961242676,-0.0840003490447998,0.12924683094024658,0.06221586465835571,0.015575885772705078,0.052948176860809326,0.021333694458007812,0.02304089069366455,0.04968142509460449,0.005355179309844971,0.10726660490036011,0.1414845585823059,0.03007739782333374,0.13769227266311646,0.029789984226226807,0.11164790391921997,0.050513625144958496,0.09266030788421631,THUMBS_UP
0.0,0.0,-0.018356740474700928,-0.09919160604476929,0.009533345699310303,-0.26087653636932373,0.027829349040985107,-0.3708650469779968,0.048987746238708496,-0.45673254132270813,0.09146147966384888,-0.14371365308761597,0.008601725101470947,-0.1351473033428192,0.012327492237091064,-0.14456647634506226,0.03693735599517822,-0.15578776597976685,0.11538106203079224,-0.029390811920166016,-0.02823871374130249,-0.02122551202774048,0.0058057308197021484,-0.047383904457092285,0.0423351526260376,-0.06520646810531616,0.10542857646942139,0.07067757844924927,-0.023928582668304443,0.06565356254577637,0.0002250075340270996,0.03769487142562866,0.031286001205444336,0.02531147003173828,0.08490484952926636,0.15141624212265015,-0.0009261965751647949,0.1497456431388855,0.014151930809020996,0.12632614374160767,0.041247785091400146,0.1122816801071167,THUMBS_UP
0.0,0.0,-0.01866060495376587,-0.10403716564178467,0.0046120285987854,-0.2578958570957184,0.019993841648101807,-0.36720070242881775,0.03361779451370239,-0.4561687707901001,0.07737839221954346,-0.1460660696029663,-0.004971742630004883,-0.1343013048171997,0.0031360983848571777,-0.1495766043663025,0.028037965297698975,-0.16255640983581543,0.10181784629821777,-0.03340256214141846,-0.04358929395675659,-0.016013622283935547,-0.004739940166473389,-0.04452270269393921,0.03301799297332764,-0.06235867738723755,0.09351193904876709,0.0684625506401062,-0.03659462928771973,0.07326680421829224,-0.008792519569396973,0.04664111137390137,0.023585379123687744,0.03636443614959717,0.07522904872894287,0.1527491807937622,-0.010469555854797363,0.1576818823814392,0.007800161838531494,0.1396780014038086,0.03691816329956055,0.13242107629776,THUMBS_UP
0.0,0.0,-0.012344717979431152,-0.0970335304737091,0.0005477666854858398,-0.24174362421035767,0.006665945053100586,-0.3505922853946686,0.022233784198760986,-0.44184714555740356,0.04632234573364258,-0.1461992859840393,-0.06203258037567139,-0.14228954911231995,-0.04957747459411621,-0.1490994691848755,-0.018028736114501953,-0.15650084614753723,0.059103310108184814,-0.024220764636993408,-0.09364914894104004,-0.02765214443206787,-0.0545499324798584,-0.04510641098022461,-0.010825097560882568,-0.054284632205963135,0.05219334363937378,0.08160144090652466,-0.08642509579658508,0.05944323539733887,-0.05537980794906616,0.044319748878479004,-0.014710307121276855,0.042372703552246094,0.03725188970565796,0.16863936185836792,-0.05962789058685303,0.14093399047851562,-0.03901618719100952,0.12878841161727905,-0.004398047924041748,0.1329326629638672,THUMBS_UP
0.0,0.0,-0.021805226802825928,-0.13486823439598083,-0.032161831855773926,-0.276281476020813,-0.03585571050643921,-0.38433802127838135,-0.038233399391174316,-0.47491225600242615,-0.0025896430015563965,-0.17536497116088867,-0.1289525330066681,-0.17802143096923828,-0.10656780004501343,-0.15248316526412964,-0.06264495849609375,-0.1614125370979309,0.01113802194595337,-0.057521164417266846,-0.13985830545425415,-0.0727607011795044,-0.09614551067352295,-0.06455022096633911,-0.046544790267944336,-0.08380955457687378,0.01733797788619995,0.04251128435134888,-0.1259261965751648,0.03034418821334839,-0.0789639949798584,0.03207755088806152,-0.02979111671447754,0.027780234813690186,0.016201794147491455,0.1331249475479126,-0.08697646856307983,0.12108790874481201,-0.05910134315490723,0.11822128295898438,-0.02279120683670044,0.12053871154785156,THUMBS_UP
0.0,0.0,-0.023975372314453125,-0.1474819779396057,-0.06285828351974487,-0.2920657992362976,-0.09825503826141357,-0.41399194300174713,-0.10820174217224121,-0.5365322828292847,-0.05572408437728882,-0.2032657265663147,-0.17908155918121338,-0.20014908909797668,-0.17043536901474,-0.18633970618247986,-0.14572882652282715,-0.18952560424804688,-0.04754370450973511,-0.0878150463104248,-0.1872825026512146,-0.09781181812286377,-0.16154801845550537,-0.09868210554122925,-0.1225048303604126,-0.09704911708831787,-0.04601246118545532,0.014341950416564941,-0.17217382788658142,-0.0004779696464538574,-0.14487656950950623,-0.005430340766906738,-0.10638082027435303,-0.008353590965270996,-0.05105710029602051,0.09648221731185913,-0.14911389350891113,0.08415395021438599,-0.12219709157943726,0.0755162239074707,-0.08509892225265503,0.0755079984664917,THUMBS_UP
0.0,0.0,-0.025364041328430176,-0.13051658868789673,-0.07560616731643677,-0.2734132409095764,-0.11341089010238647,-0.3879898488521576,-0.12534070014953613,-0.49775928258895874,-0.0611724853515625,-0.18223100900650024,-0.18943297863006592,-0.16168445348739624,-0.16462448239326477,-0.1712946891784668,-0.1288968324661255,-0.18279322981834412,-0.05771690607070923,-0.06688016653060913,-0.20162001252174377,-0.07512366771697998,-0.16858771443367004,-0.09076964855194092,-0.1229439377784729,-0.08169281482696533,-0.05950045585632324,0.030500829219818115,-0.19273775815963745,0.027771055698394775,-0.15772956609725952,0.008818209171295166,-0.11446213722229004,0.005908608436584473,-0.06615447998046875,0.11524885892868042,-0.16606801748275757,0.11460345983505249,-0.1386891007423401,0.09068775177001953,-0.10281187295913696,0.08222699165344238,THUMBS_UP
0.0,0.0,-0.030267000198364258,-0.1375139057636261,-0.0862160325050354,-0.27805763483047485,-0.12825381755828857,-0.3931204676628113,-0.1466660499572754,-0.49837228655815125,-0.08267009258270264,-0.18816614151000977,-0.2114853858947754,-0.16025963425636292,-0.18930500745773315,-0.17425358295440674,-0.1551923155784607,-0.18540379405021667,-0.07620930671691895,-0.06882256269454956,-0.22435742616653442,-0.07405000925064087,-0.19136133790016174,-0.09336525201797485,-0.14539366960525513,-0.08742433786392212,-0.07523530721664429,0.02905064821243286,-0.21182990074157715,0.025396287441253662,-0.17700931429862976,0.003176271915435791,-0.1332377791404724,0.00020742416381835938,-0.07834458351135254,0.11350202560424805,-0.1819850206375122,0.11631006002426147,-0.15544021129608154,0.09335213899612427,-0.11871188879013062,0.08800256252288818,THUMBS_UP
0.0,0.0,-0.036420226097106934,-0.1457856297492981,-0.09205502271652222,-0.27410605549812317,-0.13301455974578857,-0.38877740502357483,-0.15018072724342346,-0.4993700087070465,-0.10625863075256348,-0.18052884936332703,-0.2222457230091095,-0.15789824724197388,-0.1937488317489624,-0.17081797122955322,-0.15517699718475342,-0.1787644326686859,-0.09833598136901855,-0.06342166662216187,-0.22906482219696045,-0.06965965032577515,-0.19408315420150757,-0.08765774965286255,-0.14878395199775696,-0.08297955989837646,-0.09438741207122803,0.034676194190979004,-0.2193833589553833,0.025299549102783203,-0.18344572186470032,0.0008492469787597656,-0.13957148790359497,-0.002935171127319336,-0.09165674448013306,0.1193685531616211,-0.19000115990638733,0.11478900909423828,-0.16215068101882935,0.09134179353713989,-0.1261264681816101,0.08623766899108887,THUMBS_UP
0.0,0.0,-0.03715091943740845,-0.1412181556224823,-0.09259206056594849,-0.2635478973388672,-0.13547775149345398,-0.36539173126220703,-0.15249347686767578,-0.4662732481956482,-0.11286348104476929,-0.16823109984397888,-0.21919244527816772,-0.14119285345077515,-0.19062170386314392,-0.15636172890663147,-0.153335839509964,-0.1695128083229065,-0.10463452339172363,-0.0507625937461853,-0.22739475965499878,-0.05166274309158325,-0.19538593292236328,-0.07178539037704468,-0.15254640579223633,-0.07282364368438721,-0.09973365068435669,0.04875284433364868,-0.21008485555648804,0.041691482067108154,-0.17707395553588867,0.019603729248046875,-0.13843733072280884,0.01418370008468628,-0.09542810916900635,0.13320791721343994,-0.18718069791793823,0.12141257524490356,-0.1597250998020172,0.10224181413650513,-0.12661951780319214,0.09878659248352051,THUMBS_UP
0.0,0.0,-0.04442375898361206,-0.14279618859291077,-0.10248357057571411,-0.25507181882858276,-0.14979898929595947,-0.3498091995716095,-0.17170661687850952,-0.4471142888069153,-0.1358981430530548,-0.15896418690681458,-0.23355579376220703,-0.12015882134437561,-0.20331573486328125,-0.1343841552734375,-0.16581931710243225,-0.15047338604927063,-0.128157377243042,-0.04602479934692383,-0.23389244079589844,-0.03507035970687866,-0.2026384472846985,-0.05489492416381836,-0.16366198658943176,-0.060877442359924316,-0.11921024322509766,0.05296725034713745,-0.21716973185539246,0.05586165189743042,-0.18654945492744446,0.03322792053222656,-0.15015721321105957,0.022936761379241943,-0.1089087724685669,0.13852518796920776,-0.19014590978622437,0.13794738054275513,-0.16540396213531494,0.11383199691772461,-0.1344597041606903,0.10342901945114136,THUMBS_UP
0.0,0.0,-0.04738670587539673,-0.1395168900489807,-0.10441422462463379,-0.24550023674964905,-0.15209704637527466,-0.33552831411361694,-0.17782485485076904,-0.4276159107685089,-0.1417647898197174,-0.1354966163635254,-0.2387174367904663,-0.11269521713256836,-0.205574631690979,-0.11995142698287964,-0.16521334648132324,-0.1286742091178894,-0.1353396475315094,-0.025561034679412842,-0.23918455839157104,-0.024186432361602783,-0.20841044187545776,-0.04250657558441162,-0.17012852430343628,-0.04567539691925049,-0.12568923830986023,0.07015568017959595,-0.22177094221115112,0.06688600778579712,-0.19236227869987488,0.0445859432220459,-0.15699532628059387,0.03772079944610596,-0.11426115036010742,0.14931988716125488,-0.19411751627922058,0.14771497249603271,-0.17138367891311646,0.12324738502502441,-0.14169707894325256,0.11494767665863037,THUMBS_UP
0.0,0.0,-0.05164867639541626,-0.13865461945533752,-0.10705655813217163,-0.24356046319007874,-0.15328755974769592,-0.3297417163848877,-0.179997980594635,-0.41743436455726624,-0.15145400166511536,-0.12388184666633606,-0.2386089563369751,-0.09926408529281616,-0.20471498370170593,-0.11425471305847168,-0.1680900752544403,-0.12534761428833008,-0.14269816875457764,-0.014692604541778564,-0.23800957202911377,-0.014095962047576904,-0.20631206035614014,-0.037907421588897705,-0.16822391748428345,-0.040789246559143066,-0.1307448446750641,0.08009189367294312,-0.21991226077079773,0.07549208402633667,-0.19128939509391785,0.04928231239318848,-0.15571707487106323,0.04292672872543335,-0.11716800928115845,0.15924334526062012,-0.19404169917106628,0.15815627574920654,-0.1725107729434967,0.1300562024116516,-0.14244699478149414,0.12083619832992554,THUMBS_UP
0.0,0.0,-0.050138890743255615,-0.13767942786216736,-0.10708606243133545,-0.23921462893486023,-0.15629273653030396,-0.3234751224517822,-0.18763157725334167,-0.4066539406776428,-0.15453791618347168,-0.12112528085708618,-0.24447089433670044,-0.10279643535614014,-0.20968756079673767,-0.11495381593704224,-0.17092365026474,-0.12329640984535217,-0.14743956923484802,-0.012421369552612305,-0.24485325813293457,-0.015968739986419678,-0.21267110109329224,-0.03759890794754028,-0.17462196946144104,-0.03942936658859253,-0.13549339771270752,0.08250337839126587,-0.22711116075515747,0.07368415594100952,-0.19768968224525452,0.0495915412902832,-0.1619304120540619,0.0443873405456543,-0.12154734134674072,0.1608293056488037,-0.1989661455154419,0.157667338848114,-0.17713701725006104,0.13122409582138062,-0.14777660369873047,0.12332773208618164,THUMBS_UP
0.0,0.0,-0.04799145460128784,-0.13153675198554993,-0.10843974351882935,-0.2352028787136078,-0.15743562579154968,-0.31694167852401733,-0.18778368830680847,-0.39602020382881165,-0.1354927122592926,-0.12650135159492493,-0.2361408770084381,-0.09755116701126099,-0.2044057548046112,-0.11300230026245117,-0.1650090515613556,-0.12409421801567078,-0.12428224086761475,-0.014180660247802734,-0.23563453555107117,-0.006791949272155762,-0.20680230855941772,-0.03128612041473389,-0.16754406690597534,-0.036641836166381836,-0.11367464065551758,0.08176952600479126,-0.2153317928314209,0.0845409631729126,-0.18729865550994873,0.057731568813323975,-0.15086349844932556,0.048376381397247314,-0.10400509834289551,0.1606142520904541,-0.18820622563362122,0.16304874420166016,-0.16546031832695007,0.1361040472984314,-0.13423621654510498,0.12624913454055786,THUMBS_UP
0.0,0.0,-0.0488775372505188,-0.12651681900024414,-0.11360281705856323,-0.24373897910118103,-0.15740972757339478,-0.33828455209732056,-0.18464529514312744,-0.42444348335266113,-0.1098284125328064,-0.1622905433177948,-0.22447699308395386,-0.10902196168899536,-0.19775962829589844,-0.12616252899169922,-0.15878558158874512,-0.144942045211792,-0.09369027614593506,-0.05131387710571289,-0.22350627183914185,-0.02009439468383789,-0.1927538812160492,-0.04849046468734741,-0.14896023273468018,-0.05700939893722534,-0.0839529037475586,0.042859554290771484,-0.20779743790626526,0.07047325372695923,-0.1759340763092041,0.03807145357131958,-0.1339566707611084,0.023824572563171387,-0.0775761604309082,0.12618237733840942,-0.17465287446975708,0.147851824760437,-0.15055787563323975,0.11617451906204224,-0.11429136991500854,0.10068529844284058,THUMBS_UP
0.0,0.0,-0.04145348072052002,-0.11849343776702881,-0.08396929502487183,-0.245833158493042,-0.11561864614486694,-0.3524848222732544,-0.12824776768684387,-0.4555657207965851,-0.04883652925491333,-0.1765047311782837,-0.1649336814880371,-0.14652276039123535,-0.14605116844177246,-0.13233673572540283,-0.11302745342254639,-0.1420024037361145,-0.03794693946838379,-0.0671568512916565,-0.17287865281105042,-0.054272472858428955,-0.14553165435791016,-0.05807006359100342,-0.1049078106880188,-0.06246519088745117,-0.03401690721511841,0.02912968397140503,-0.15620854496955872,0.0387420654296875,-0.12914729118347168,0.03283584117889404,-0.09012377262115479,0.024824559688568115,-0.03662365674972534,0.11173462867736816,-0.1312827467918396,0.1213718056678772,-0.10806852579116821,0.10915112495422363,-0.07248634099960327,0.10054856538772583,THUMBS_UP
0.0,0.0,-0.04029780626296997,-0.11643034219741821,-0.08127987384796143,-0.24301999807357788,-0.10764604806900024,-0.3521421253681183,-0.11664456129074097,-0.45790573954582214,-0.039264142513275146,-0.18783539533615112,-0.14981228113174438,-0.15675657987594604,-0.1316106915473938,-0.13877832889556885,-0.09888875484466553,-0.1495850682258606,-0.0256270170211792,-0.08249878883361816,-0.15451177954673767,-0.06905537843704224,-0.12759500741958618,-0.06542932987213135,-0.08973145484924316,-0.07029706239700317,-0.019433557987213135,0.011613249778747559,-0.1387401819229126,0.02223438024520874,-0.11413717269897461,0.021189332008361816,-0.07782560586929321,0.013536214828491211,-0.020068764686584473,0.09383714199066162,-0.11351975798606873,0.10258102416992188,-0.09223389625549316,0.09016358852386475,-0.057842254638671875,0.07981306314468384,THUMBS_UP
0.0,0.0,-0.056254684925079346,-0.12243247032165527,-0.10074591636657715,-0.26583918929100037,-0.11646765470504761,-0.3860033452510834,-0.11849868297576904,-0.4893895387649536,-0.04666876792907715,-0.21689176559448242,-0.14894354343414307,-0.20207250118255615,-0.13332265615463257,-0.17028778791427612,-0.10264301300048828,-0.17483556270599365,-0.03131300210952759,-0.11264216899871826,-0.1571403443813324,-0.10653597116470337,-0.13519978523254395,-0.09137630462646484,-0.09705042839050293,-0.09411197900772095,-0.025717437267303467,-0.01619631052017212,-0.1455778181552887,-0.009650707244873047,-0.1237366795539856,-0.0029474496841430664,-0.08539783954620361,-0.010105907917022705,-0.02821052074432373,0.06814455986022949,-0.12462013959884644,0.07352352142333984,-0.10593664646148682,0.06847310066223145,-0.07055622339248657,0.06009554862976074,THUMBS_UP
0.0,0.0,-0.04793792963027954,-0.14451885223388672,-0.09262853860855103,-0.29196178913116455,-0.11297529935836792,-0.4133257567882538,-0.10611826181411743,-0.5228409767150879,-0.03737759590148926,-0.23139482736587524,-0.14695972204208374,-0.2076854705810547,-0.13092637062072754,-0.17210835218429565,-0.09858584403991699,-0.18057489395141602,-0.025855183601379395,-0.11920404434204102,-0.15099424123764038,-0.11279469728469849,-0.12335413694381714,-0.09720885753631592,-0.08396226167678833,-0.10311371088027954,-0.023700237274169922,-0.02269035577774048,-0.1392526626586914,-0.021038949489593506,-0.11405050754547119,-0.013720095157623291,-0.07470303773880005,-0.026379168033599854,-0.027145206928253174,0.05903118848800659,-0.12161529064178467,0.05605649948120117,-0.10034877061843872,0.056713759899139404,-0.06301754713058472,0.05316084623336792,THUMBS_UP
0.0,0.0,-0.05252009630203247,-0.14515948295593262,-0.10223144292831421,-0.3031221032142639,-0.12420517206192017,-0.4282733201980591,-0.11601954698562622,-0.5363867282867432,-0.04241830110549927,-0.24868273735046387,-0.15105271339416504,-0.23006504774093628,-0.1344621777534485,-0.1883237361907959,-0.10117483139038086,-0.1965944766998291,-0.03189289569854736,-0.13962644338607788,-0.15715157985687256,-0.13375109434127808,-0.1308882236480713,-0.11023396253585815,-0.09152549505233765,-0.11612546443939209,-0.03147023916244507,-0.042836129665374756,-0.1471659541130066,-0.044689714908599854,-0.12398910522460938,-0.030632495880126953,-0.08528554439544678,-0.041490912437438965,-0.03670930862426758,0.039009153842926025,-0.13074707984924316,0.033332645893096924,-0.11083757877349854,0.03779023885726929,-0.07439392805099487,0.03666776418685913,THUMBS_UP
0.0,0.0,-0.05220240354537964,-0.1448960304260254,-0.09711116552352905,-0.2980085611343384,-0.1136583685874939,-0.4195977747440338,-0.10422003269195557,-0.5211971402168274,-0.03791099786758423,-0.23651963472366333,-0.14015746116638184,-0.2075566053390503,-0.12623023986816406,-0.16927570104599,-0.09299921989440918,-0.18021249771118164,-0.025804638862609863,-0.12359553575515747,-0.14396393299102783,-0.11268454790115356,-0.11786752939224243,-0.09480375051498413,-0.07716500759124756,-0.10299348831176758,-0.024217963218688965,-0.026122570037841797,-0.13406223058700562,-0.02255767583847046,-0.11267119646072388,-0.009516239166259766,-0.07323950529098511,-0.0219266414642334,-0.02783656120300293,0.05627596378326416,-0.12011837959289551,0.058087944984436035,-0.10105335712432861,0.06638288497924805,-0.06357800960540771,0.06514382362365723,THUMBS_UP
0.0,0.0,-0.05925649404525757,-0.14468449354171753,-0.10192173719406128,-0.31118255853652954,-0.11406195163726807,-0.4412577152252197,-0.1058306097984314,-0.5504336059093475,-0.0354771614074707,-0.2883748412132263,-0.1369813084602356,-0.2716277241706848,-0.12361550331115723,-0.2133539915084839,-0.09227979183197021,-0.2163512110710144,-0.021670281887054443,-0.18091702461242676,-0.14084291458129883,-0.1745181679725647,-0.12078326940536499,-0.13710927963256836,-0.08249956369400024,-0.13531804084777832,-0.02109241485595703,-0.0800437331199646,-0.13500922918319702,-0.07694560289382935,-0.11475825309753418,-0.04880768060684204,-0.07597982883453369,-0.0537143349647522,-0.027969300746917725,0.008818566799163818,-0.1203046441078186,0.01395273208618164,-0.10069108009338379,0.023449957370758057,-0.06373649835586548,0.01999276876449585,THUMBS_UP
0.0,0.0,-0.01775139570236206,-0.1064271330833435,-0.01690453290939331,-0.24631202220916748,-0.01785820722579956,-0.35156184434890747,-0.011449754238128662,-0.4445855915546417,0.059810638427734375,-0.17856907844543457,-0.04221910238265991,-0.17257744073867798,-0.03219705820083618,-0.1425827145576477,0.001197516918182373,-0.13112294673919678,0.0746806263923645,-0.08229166269302368,-0.057249486446380615,-0.06502050161361694,-0.024132251739501953,-0.06185293197631836,0.020797550678253174,-0.06524032354354858,0.07080245018005371,0.01412290334701538,-0.05029559135437012,0.02444082498550415,-0.02210557460784912,0.0180169939994812,0.020632624626159668,0.007725834846496582,0.05538177490234375,0.10341852903366089,-0.03549599647521973,0.1107945442199707,-0.012627959251403809,0.10281723737716675,0.027672171592712402,0.0940011739730835,THUMBS_UP
0.0,0.0,-0.02788013219833374,-0.09624195098876953,-0.01659613847732544,-0.2515413761138916,-0.005965709686279297,-0.3667626976966858,-0.003034055233001709,-0.4556705951690674,0.06314963102340698,-0.20460927486419678,-0.019612431526184082,-0.2074466347694397,-0.014117062091827393,-0.16999495029449463,0.014886736869812012,-0.15731513500213623,0.08924555778503418,-0.11537778377532959,-0.04223507642745972,-0.09479397535324097,-0.010415732860565186,-0.08340901136398315,0.03307241201400757,-0.08350461721420288,0.08987689018249512,-0.016820549964904785,-0.030579566955566406,-0.005316674709320068,-0.007590174674987793,-0.0018439888954162598,0.035061776638031006,-0.005313694477081299,0.07675081491470337,0.0741003155708313,-0.015178442001342773,0.0773802399635315,0.0015965700149536133,0.07694274187088013,0.039202094078063965,0.07627630233764648,THUMBS_UP
0.0,0.0,-0.016702324151992798,-0.12568295001983643,0.0002899169921875,-0.29284849762916565,0.014198601245880127,-0.4155048131942749,0.037207603454589844,-0.5296960175037384,0.09706461429595947,-0.18169629573822021,-0.019424259662628174,-0.15848827362060547,-0.014940857887268066,-0.16721856594085693,0.015751659870147705,-0.17688393592834473,0.1165846586227417,-0.05191618204116821,-0.05083876848220825,-0.03716486692428589,-0.017060697078704834,-0.06590461730957031,0.02849477529525757,-0.0842442512512207,0.1035955548286438,0.06649404764175415,-0.0497623085975647,0.05599898099899292,-0.023119628429412842,0.032264649868011475,0.01988297700881958,0.023379862308502197,0.07798981666564941,0.161817729473114,-0.03364366292953491,0.1394842267036438,-0.014986634254455566,0.12093138694763184,0.02454930543899536,0.11365830898284912,THUMBS_UP
0.0,0.0,-0.03653329610824585,-0.11622053384780884,-0.01051408052444458,-0.3003275692462921,0.01884526014328003,-0.4279928505420685,0.03788137435913086,-0.5373327732086182,0.09605127573013306,-0.20775508880615234,-0.007217049598693848,-0.18770760297775269,-0.012041687965393066,-0.17332357168197632,0.017421722412109375,-0.17578113079071045,0.12890750169754028,-0.0833122730255127,-0.034071266651153564,-0.056878507137298584,-0.0029897689819335938,-0.07718509435653687,0.04403793811798096,-0.09679967164993286,0.12294071912765503,0.03630959987640381,-0.02416682243347168,0.04021763801574707,-0.0037372708320617676,0.012345075607299805,0.03895968198776245,-0.00528717041015625,0.10097819566726685,0.13540810346603394,-0.006744384765625,0.1256624460220337,0.008917927742004395,0.10745304822921753,0.04794663190841675,0.09803998470306396,THUMBS_UP
0.0,0.0,-0.018991053104400635,-0.14085733890533447,0.018541276454925537,-0.3018755316734314,0.04938024282455444,-0.4273192286491394,0.0707697868347168,-0.5482948124408722,0.14587849378585815,-0.2416239082813263,0.056583285331726074,-0.20533162355422974,0.013385295867919922,-0.16808092594146729,0.025236010551452637,-0.15899038314819336,0.17299020290374756,-0.12751764059066772,0.0564998984336853,-0.0823214054107666,0.020532727241516113,-0.08161431550979614,0.04131805896759033,-0.10144072771072388,0.1739717721939087,-0.014461517333984375,0.06632387638092041,0.015780389308929443,0.033535540103912354,0.00889521837234497,0.05080437660217285,-0.01204538345336914,0.1635013222694397,0.08415019512176514,0.08596986532211304,0.1061583161354065,0.052393198013305664,0.09282350540161133,0.05813324451446533,0.06845122575759888,THUMBS_UP
0.0,0.0,-0.009505808353424072,-0.13088631629943848,0.030852079391479492,-0.2865913510322571,0.06439399719238281,-0.41312190890312195,0.086844801902771,-0.5328550934791565,0.16435402631759644,-0.2518899738788605,0.10837584733963013,-0.22905230522155762,0.059042930603027344,-0.18650126457214355,0.05072599649429321,-0.16477954387664795,0.19628959894180298,-0.14890092611312866,0.11243021488189697,-0.12113916873931885,0.057748377323150635,-0.1053512692451477,0.05893445014953613,-0.10253190994262695,0.19999068975448608,-0.03978431224822998,0.11761748790740967,-0.012710988521575928,0.06689107418060303,-0.016222596168518066,0.06946396827697754,-0.028691649436950684,0.19062983989715576,0.0635443925857544,0.1312422752380371,0.07890075445175171,0.08386033773422241,0.06644618511199951,0.07661014795303345,0.04911738634109497,THUMBS_UP
0.0,0.0,-0.011269181966781616,-0.13769954442977905,0.02857726812362671,-0.3021617829799652,0.06156963109970093,-0.4306904673576355,0.08146470785140991,-0.5487077832221985,0.16341853141784668,-0.28343263268470764,0.11915731430053711,-0.2620789408683777,0.06823962926864624,-0.21209275722503662,0.05814528465270996,-0.18555140495300293,0.19748932123184204,-0.1858820915222168,0.1313927173614502,-0.15276390314102173,0.07353979349136353,-0.13104933500289917,0.0727689266204834,-0.12895071506500244,0.20428287982940674,-0.07679957151412964,0.13899332284927368,-0.04062533378601074,0.08325797319412231,-0.03799915313720703,0.08421403169631958,-0.051064133644104004,0.19897645711898804,0.028741002082824707,0.1514897346496582,0.04919940233230591,0.10401362180709839,0.04383969306945801,0.09977889060974121,0.03054577112197876,THUMBS_UP
0.0,0.0,-0.008755683898925781,-0.13554143905639648,0.030930042266845703,-0.3001037538051605,0.0632581114768982,-0.42954951524734497,0.08459091186523438,-0.5463610291481018,0.16662263870239258,-0.2851911783218384,0.12533217668533325,-0.262419193983078,0.07367008924484253,-0.21306204795837402,0.06276750564575195,-0.18902307748794556,0.2009086012840271,-0.18765592575073242,0.1373419165611267,-0.15451496839523315,0.07860726118087769,-0.13252830505371094,0.07717323303222656,-0.132024347782135,0.20779454708099365,-0.07823020219802856,0.1460443139076233,-0.0440327525138855,0.0896456241607666,-0.039480507373809814,0.08966821432113647,-0.05227363109588623,0.2025129199028015,0.027809739112854004,0.15968835353851318,0.046693503856658936,0.11235064268112183,0.04315298795700073,0.10711443424224854,0.030772387981414795,THUMBS_UP
0.0,0.0,-0.00984993577003479,-0.13319045305252075,0.027973473072052002,-0.29294973611831665,0.059868812561035156,-0.42160049080848694,0.08109641075134277,-0.5412915349006653,0.16389769315719604,-0.27058202028274536,0.11138182878494263,-0.2519407272338867,0.06093376874923706,-0.20391184091567993,0.05123543739318848,-0.1805083155632019,0.19617760181427002,-0.1706935167312622,0.11919355392456055,-0.14629250764846802,0.062375664710998535,-0.12472283840179443,0.06295037269592285,-0.12191116809844971,0.20081257820129395,-0.061028242111206055,0.12836945056915283,-0.0352247953414917,0.07415157556533813,-0.03085947036743164,0.07530128955841064,-0.0398104190826416,0.19292354583740234,0.04492342472076416,0.14320993423461914,0.057852983474731445,0.09440404176712036,0.05163151025772095,0.08706402778625488,0.03968167304992676,THUMBS_UP
0.0,0.0,-0.011055052280426025,-0.13312780857086182,0.028331458568572998,-0.2893085181713104,0.060988008975982666,-0.4165601432323456,0.08268296718597412,-0.5381710231304169,0.1638195514678955,-0.252259761095047,0.09622973203659058,-0.22261932492256165,0.05012357234954834,-0.1831498146057129,0.04938018321990967,-0.17027562856674194,0.1942557692527771,-0.14500683546066284,0.09941762685775757,-0.10946184396743774,0.04856377840042114,-0.10009050369262695,0.05437576770782471,-0.10753452777862549,0.19660460948944092,-0.033575594425201416,0.10299926996231079,-0.004049062728881836,0.057186663150787354,-0.011918067932128906,0.06557720899581909,-0.030973315238952637,0.1851169466972351,0.06869548559188843,0.11522650718688965,0.08992326259613037,0.07211077213287354,0.07410818338394165,0.07071912288665771,0.04992032051086426,THUMBS_UP
0.0,0.0,-0.0162811279296875,-0.14325183629989624,0.02102261781692505,-0.3050360679626465,0.05311131477355957,-0.42362818121910095,0.08075058460235596,-0.5421332120895386,0.1510804295539856,-0.2312697470188141,0.04811960458755493,-0.20391613245010376,0.00825202465057373,-0.17133140563964844,0.024168014526367188,-0.1598873734474182,0.17314279079437256,-0.10648500919342041,0.041139423847198486,-0.07465630769729614,0.010388553142547607,-0.0833020806312561,0.037283122539520264,-0.10455507040023804,0.16822797060012817,0.012802183628082275,0.04592102766036987,0.022978365421295166,0.02002561092376709,0.0065482258796691895,0.04470783472061157,-0.012748360633850098,0.15111029148101807,0.11269325017929077,0.061420321464538574,0.11381208896636963,0.03474193811416626,0.09139764308929443,0.04766976833343506,0.06743454933166504,THUMBS_UP
0.0,0.0,-0.037565767765045166,-0.11555993556976318,-0.0005630254745483398,-0.32613590359687805,0.03408747911453247,-0.4601159691810608,0.0557059645652771,-0.5722942352294922,0.1007891297340393,-0.23176133632659912,-0.0034066438674926758,-0.21701371669769287,-0.018909692764282227,-0.1876736879348755,0.005363583564758301,-0.1834203600883484,0.13572955131530762,-0.09875154495239258,-0.03521162271499634,-0.07227867841720581,-0.01087886095046997,-0.08538377285003662,0.034940898418426514,-0.10562723875045776,0.13060927391052246,0.025556862354278564,-0.024637997150421143,0.03327751159667969,-0.007316529750823975,0.005705296993255615,0.03637176752090454,-0.01654106378555298,0.11174952983856201,0.12869369983673096,0.0011337995529174805,0.12069171667098999,0.011733293533325195,0.10346198081970215,0.048126041889190674,0.09368163347244263,THUMBS_UP
0.0,0.0,-0.03461432456970215,-0.13640952110290527,0.002515256404876709,-0.3415408730506897,0.03501957654953003,-0.47848397493362427,0.05900377035140991,-0.6018871963024139,0.1023026704788208,-0.21356135606765747,-0.013515591621398926,-0.1993505358695984,-0.014264583587646484,-0.20420604944229126,0.01773887872695923,-0.2173824906349182,0.13683664798736572,-0.06227356195449829,-0.0664057731628418,-0.03944641351699829,-0.019644737243652344,-0.07427173852920532,0.03646939992904663,-0.09964597225189209,0.12335473299026489,0.07363104820251465,-0.05668795108795166,0.07377344369888306,-0.02188330888748169,0.03787100315093994,0.028943657875061035,0.02207428216934204,0.09457153081893921,0.1849406361579895,-0.028734564781188965,0.17775243520736694,-0.0033275485038757324,0.15538758039474487,0.04384136199951172,0.14621186256408691,THUMBS_UP
0.0,0.0,-0.029748469591140747,-0.1494646668434143,0.01110541820526123,-0.34877920150756836,0.04379475116729736,-0.48530855774879456,0.07326626777648926,-0.6104928255081177,0.10798060894012451,-0.18452829122543335,-0.028419077396392822,-0.17905116081237793,-0.021365821361541748,-0.19509023427963257,0.016037821769714355,-0.2065657377243042,0.13677769899368286,-0.02170485258102417,-0.08213120698928833,-0.02355426549911499,-0.0248643159866333,-0.053833186626434326,0.03545558452606201,-0.06976318359375,0.11815530061721802,0.11488622426986694,-0.07303440570831299,0.09441548585891724,-0.03115326166152954,0.06419676542282104,0.0214846134185791,0.05600845813751221,0.08567112684249878,0.2236936092376709,-0.044736117124557495,0.20764076709747314,-0.015030145645141602,0.18743139505386353,0.033734261989593506,0.1807127594947815,THUMBS_UP
0.0,0.0,-0.018285691738128662,-0.15532618761062622,0.008370816707611084,-0.34272539615631104,0.02926558256149292,-0.4819921553134918,0.06681901216506958,-0.6176739931106567,0.11214619874954224,-0.1593475341796875,-0.05265471339225769,-0.1389249563217163,-0.04348552227020264,-0.16685348749160767,-0.00021916627883911133,-0.1836690902709961,0.12939733266830444,0.0031144022941589355,-0.08710849285125732,0.00898677110671997,-0.041458576917648315,-0.03451335430145264,0.01755380630493164,-0.055879414081573486,0.11205196380615234,0.1367984414100647,-0.0842130184173584,0.11773490905761719,-0.04700538516044617,0.08071833848953247,0.009649276733398438,0.07222139835357666,0.08125507831573486,0.23768293857574463,-0.05866202712059021,0.21461749076843262,-0.03592473268508911,0.18486177921295166,0.011555969715118408,0.17486023902893066,THUMBS_UP
0.0,0.0,-0.011966139078140259,-0.16088896989822388,0.01679745316505432,-0.3488246202468872,0.03233268857002258,-0.4956504702568054,0.07079985737800598,-0.6306365132331848,0.12811163067817688,-0.16693001985549927,-0.0470556914806366,-0.13105648756027222,-0.046639710664749146,-0.14046382904052734,-0.005722671747207642,-0.15071046352386475,0.14227727055549622,0.004086017608642578,-0.07977673411369324,0.0141143798828125,-0.03966692090034485,-0.022873222827911377,0.018641918897628784,-0.04612487554550171,0.12333497405052185,0.1454961895942688,-0.07881665229797363,0.1228436827659607,-0.047718048095703125,0.0865519642829895,0.006490081548690796,0.07653599977493286,0.09069868922233582,0.25050419569015503,-0.05385810136795044,0.2207598090171814,-0.036459535360336304,0.18588227033615112,0.008271485567092896,0.16874808073043823,THUMBS_UP
0.0,0.0,-0.014917314052581787,-0.17427802085876465,0.007558703422546387,-0.37166380882263184,0.02300223708152771,-0.5221903324127197,0.06240442395210266,-0.6648287773132324,0.1179252564907074,-0.1915927529335022,-0.06687575578689575,-0.14685094356536865,-0.06355682015419006,-0.16342729330062866,-0.017647147178649902,-0.17940384149551392,0.13184550404548645,-0.01916980743408203,-0.09385019540786743,0.0002989768981933594,-0.05772778391838074,-0.04465240240097046,0.00281640887260437,-0.07161998748779297,0.11525389552116394,0.12760764360427856,-0.087747722864151,0.11412966251373291,-0.05716386437416077,0.07636135816574097,0.0032166242599487305,0.06359386444091797,0.0851769745349884,0.24105453491210938,-0.05911186337471008,0.21571969985961914,-0.03995773196220398,0.18155956268310547,0.008910596370697021,0.16459530591964722,THUMBS_UP
0.0,0.0,-0.019766569137573242,-0.15828299522399902,0.012370675802230835,-0.36057955026626587,0.029070496559143066,-0.5204546451568604,0.050657689571380615,-0.6747112274169922,0.11343365907669067,-0.21786987781524658,-0.07432526350021362,-0.17215955257415771,-0.07325524091720581,-0.18269193172454834,-0.030269920825958252,-0.19924795627593994,0.134107768535614,-0.04037410020828247,-0.10143324732780457,-0.01557767391204834,-0.059237122535705566,-0.053861379623413086,-0.0002474188804626465,-0.08155083656311035,0.11903202533721924,0.11503809690475464,-0.08994418382644653,0.10751700401306152,-0.05560421943664551,0.07458436489105225,0.0026407241821289062,0.06034606695175171,0.09008032083511353,0.23696953058242798,-0.05926656723022461,0.21547704935073853,-0.03670084476470947,0.19251734018325806,0.015874147415161133,0.18367916345596313,THUMBS_UP
0.0,0.0,-0.007421672344207764,-0.18298858404159546,0.023921608924865723,-0.3953401446342468,0.04097861051559448,-0.576903373003006,0.07022362947463989,-0.7499877214431763,0.12963956594467163,-0.21110039949417114,-0.06880441308021545,-0.16940808296203613,-0.0787651538848877,-0.18809175491333008,-0.03869813680648804,-0.20789867639541626,0.13805437088012695,-0.03760027885437012,-0.09971216320991516,-0.01490485668182373,-0.07009944319725037,-0.06499993801116943,-0.01608094573020935,-0.09946787357330322,0.12250882387161255,0.11636042594909668,-0.08939427137374878,0.09676998853683472,-0.05974268913269043,0.05700230598449707,-0.0027315914630889893,0.038052380084991455,0.09486621618270874,0.23675334453582764,-0.05032813549041748,0.20213794708251953,-0.026974976062774658,0.17455744743347168,0.026019573211669922,0.1668391227722168,THUMBS_UP
0.0,0.0,-0.011087775230407715,-0.17369991540908813,0.01371842622756958,-0.36804628372192383,0.030160248279571533,-0.518148273229599,0.06273448467254639,-0.6681528091430664,0.12804538011550903,-0.21428900957107544,-0.03985944390296936,-0.19674479961395264,-0.03618478775024414,-0.20947760343551636,0.00874394178390503,-0.21801245212554932,0.14344990253448486,-0.04021787643432617,-0.07339006662368774,-0.029275953769683838,-0.03807857632637024,-0.07287925481796265,0.019045710563659668,-0.09862643480300903,0.12702441215515137,0.11449861526489258,-0.06839418411254883,0.09132039546966553,-0.03922030329704285,0.05628323554992676,0.015981733798980713,0.044987618923187256,0.09590446949005127,0.236890971660614,-0.04374656081199646,0.20619481801986694,-0.02498936653137207,0.17262721061706543,0.022002696990966797,0.15557384490966797,THUMBS_UP
0.0,0.0,-0.029898881912231445,-0.14428210258483887,0.013041019439697266,-0.35114777088165283,0.05214953422546387,-0.49507951736450195,0.08590483665466309,-0.6291558146476746,0.11595284938812256,-0.18772214651107788,-0.02045738697052002,-0.1850261092185974,-0.013157486915588379,-0.19881916046142578,0.0242612361907959,-0.21203023195266724,0.1467139720916748,-0.02412790060043335,-0.0751943588256836,-0.02688497304916382,-0.02090996503829956,-0.059787631034851074,0.03781050443649292,-0.07803452014923096,0.12723249197006226,0.1145513653755188,-0.06963527202606201,0.09496653079986572,-0.02859419584274292,0.06229907274246216,0.024325966835021973,0.05268275737762451,0.09211832284927368,0.22496521472930908,-0.04548346996307373,0.20602762699127197,-0.018042027950286865,0.18140172958374023,0.03058600425720215,0.1701611876487732,THUMBS_UP
0.0,0.0,-0.023134946823120117,-0.12150883674621582,0.01688969135284424,-0.31197452545166016,0.04722017049789429,-0.4451044797897339,0.07766014337539673,-0.5689327120780945,0.09773319959640503,-0.20288598537445068,-0.03224384784698486,-0.20102399587631226,-0.025177419185638428,-0.19204097986221313,0.009936094284057617,-0.191900372505188,0.12216633558273315,-0.05879765748977661,-0.07745593786239624,-0.050466179847717285,-0.027486681938171387,-0.06165587902069092,0.026393234729766846,-0.0687941312789917,0.10813379287719727,0.07090955972671509,-0.06730902194976807,0.058983564376831055,-0.029721856117248535,0.04141354560852051,0.02150195837020874,0.03492116928100586,0.07979351282119751,0.17748594284057617,-0.041651368141174316,0.1588221788406372,-0.014425933361053467,0.1459978222846985,0.03255295753479004,0.14954793453216553,THUMBS_UP
0.0,0.0,-0.007146477699279785,-0.1173325777053833,0.01200336217880249,-0.26099368929862976,0.025514304637908936,-0.37400272488594055,0.049825429916381836,-0.48072174191474915,0.07944297790527344,-0.1752568483352661,-0.04691976308822632,-0.18355560302734375,-0.05036211013793945,-0.16163969039916992,-0.01903778314590454,-0.14494895935058594,0.0905187726020813,-0.06267762184143066,-0.06793460249900818,-0.06628066301345825,-0.04408442974090576,-0.06975692510604858,-0.0033730268478393555,-0.06871896982192993,0.08266401290893555,0.04449641704559326,-0.061047255992889404,0.02144312858581543,-0.037303626537323,0.015534460544586182,0.004593610763549805,0.01642739772796631,0.06360679864883423,0.1358138918876648,-0.03946012258529663,0.10939031839370728,-0.023512423038482666,0.10206371545791626,0.011366605758666992,0.10787606239318848,THUMBS_UP
0.0,0.0,-0.008340120315551758,-0.09752362966537476,0.00862133502960205,-0.2164185345172882,0.02140974998474121,-0.3111336827278137,0.04091101884841919,-0.39992159605026245,0.06470602750778198,-0.14762184023857117,-0.047251105308532715,-0.14565622806549072,-0.043367862701416016,-0.1259685754776001,-0.013960301876068115,-0.11435896158218384,0.07460469007492065,-0.05071312189102173,-0.0613594651222229,-0.052319467067718506,-0.036383748054504395,-0.04706448316574097,0.001279592514038086,-0.04337352514266968,0.06784766912460327,0.04008370637893677,-0.054602205753326416,0.022250592708587646,-0.033705711364746094,0.022245407104492188,0.0028828978538513184,0.024256229400634766,0.05093741416931152,0.11860883235931396,-0.04066729545593262,0.09533506631851196,-0.02730691432952881,0.09249728918075562,0.0035892128944396973,0.09809267520904541,THUMBS_UP
0.0,0.0,-0.00840914249420166,-0.08506923913955688,0.002396881580352783,-0.1927664577960968,0.01324307918548584,-0.2759580612182617,0.0293237566947937,-0.3535751402378082,0.051189124584198,-0.1363847851753235,-0.04855889081954956,-0.13869529962539673,-0.04594820737838745,-0.11485949158668518,-0.020016789436340332,-0.09976428747177124,0.05927395820617676,-0.05141955614089966,-0.061955809593200684,-0.05550968647003174,-0.04060709476470947,-0.043872714042663574,-0.005766689777374268,-0.036891043186187744,0.05326789617538452,0.029121875762939453,-0.05711233615875244,0.012480854988098145,-0.03783220052719116,0.01809018850326538,-0.005016505718231201,0.02332127094268799,0.03905266523361206,0.10012727975845337,-0.04353898763656616,0.07795029878616333,-0.03169131278991699,0.07770180702209473,-0.004563450813293457,0.08446609973907471,THUMBS_UP
0.0,0.0,-0.01595991849899292,-0.12598872184753418,-0.01756763458251953,-0.24393755197525024,-0.009387671947479248,-0.33516520261764526,0.0014270544052124023,-0.4117531180381775,0.02320319414138794,-0.19654309749603271,-0.06455504894256592,-0.20039322972297668,-0.06261271238327026,-0.17097878456115723,-0.03869426250457764,-0.16736727952957153,0.02319556474685669,-0.11633926630020142,-0.07589870691299438,-0.12986516952514648,-0.06226968765258789,-0.11390471458435059,-0.036735594272613525,-0.10868120193481445,0.016149580478668213,-0.04618114233016968,-0.07395339012145996,-0.06317812204360962,-0.058214426040649414,-0.05551654100418091,-0.03185689449310303,-0.04978621006011963,0.005426883697509766,0.015077412128448486,-0.06194251775741577,-0.006753146648406982,-0.04984903335571289,-0.006862938404083252,-0.02486896514892578,-0.002041935920715332,THUMBS_UP
0.0,0.0,-0.016620099544525146,-0.11890947818756104,-0.022609472274780273,-0.231266051530838,-0.019873201847076416,-0.32005852460861206,-0.009620249271392822,-0.3947031497955322,0.010784447193145752,-0.19529742002487183,-0.06665223836898804,-0.19509726762771606,-0.061280667781829834,-0.15974998474121094,-0.03733283281326294,-0.15875893831253052,0.01323997974395752,-0.11880362033843994,-0.07504451274871826,-0.12591326236724854,-0.05913722515106201,-0.10605013370513916,-0.03403759002685547,-0.1028403639793396,0.008947789669036865,-0.052133917808532715,-0.07236731052398682,-0.06367659568786621,-0.05768817663192749,-0.051744818687438965,-0.03221386671066284,-0.049872517585754395,0.000678718090057373,0.005284309387207031,-0.06242239475250244,-0.012371838092803955,-0.05008387565612793,-0.006364107131958008,-0.026018619537353516,-0.0003190040588378906,THUMBS_UP
0.0,0.0,-0.01915210485458374,-0.11425948143005371,-0.028507232666015625,-0.22657185792922974,-0.026943087577819824,-0.311794638633728,-0.014870107173919678,-0.3795001208782196,0.0029565095901489258,-0.1945129632949829,-0.0708547830581665,-0.19119811058044434,-0.06469851732254028,-0.15744870901107788,-0.042280495166778564,-0.15779590606689453,0.003655374050140381,-0.12102210521697998,-0.07859975099563599,-0.13259947299957275,-0.06499654054641724,-0.11177057027816772,-0.04044574499130249,-0.107363760471344,-0.00047594308853149414,-0.05787694454193115,-0.07688820362091064,-0.07290953397750854,-0.06347775459289551,-0.06132805347442627,-0.03833860158920288,-0.0606003999710083,-0.0075225830078125,-0.004043877124786377,-0.0675620436668396,-0.02335911989212036,-0.05541586875915527,-0.01683950424194336,-0.031442999839782715,-0.010963201522827148,THUMBS_UP
0.0,0.0,-0.014232277870178223,-0.1023438572883606,-0.02716374397277832,-0.20406076312065125,-0.032350778579711914,-0.28362035751342773,-0.022551894187927246,-0.35115158557891846,-0.013803958892822266,-0.1695639193058014,-0.08746850490570068,-0.17179861664772034,-0.08524054288864136,-0.14862480759620667,-0.06849080324172974,-0.14385324716567993,-0.01165163516998291,-0.10237783193588257,-0.09434694051742554,-0.11677831411361694,-0.08548468351364136,-0.10359090566635132,-0.06428796052932739,-0.09633791446685791,-0.013346612453460693,-0.04274904727935791,-0.09200596809387207,-0.0613136887550354,-0.08249038457870483,-0.05270642042160034,-0.06135451793670654,-0.04796433448791504,-0.018108725547790527,0.007609724998474121,-0.08037453889846802,-0.012620925903320312,-0.07003599405288696,-0.008144617080688477,-0.048345208168029785,-0.0011286735534667969,THUMBS_UP
0.0,0.0,-0.006171584129333496,-0.08542752265930176,-0.020941853523254395,-0.18240803480148315,-0.03463602066040039,-0.25074130296707153,-0.03455686569213867,-0.31433773040771484,-0.030335724353790283,-0.14681288599967957,-0.1039474606513977,-0.15979376435279846,-0.09275668859481812,-0.1542467474937439,-0.07178819179534912,-0.1509793996810913,-0.03646528720855713,-0.08215266466140747,-0.11678487062454224,-0.10503745079040527,-0.10246175527572632,-0.10382702946662903,-0.07782727479934692,-0.09514877200126648,-0.0422249436378479,-0.024431169033050537,-0.11393004655838013,-0.05160552263259888,-0.09977078437805176,-0.05058121681213379,-0.07613116502761841,-0.045333027839660645,-0.048607707023620605,0.02433985471725464,-0.10410088300704956,-0.001718759536743164,-0.0919719934463501,-0.0076577067375183105,-0.07153105735778809,-0.0057645440101623535,THUMBS_UP
0.0,0.0,-0.006258368492126465,-0.09031805396080017,-0.025007903575897217,-0.17856767773628235,-0.038850605487823486,-0.24606311321258545,-0.04002505540847778,-0.30641549825668335,-0.049023211002349854,-0.1462847888469696,-0.11071598529815674,-0.1502722203731537,-0.09711450338363647,-0.14285629987716675,-0.07678276300430298,-0.13823774456977844,-0.05643260478973389,-0.08276724815368652,-0.12057018280029297,-0.10591015219688416,-0.10316801071166992,-0.10291671752929688,-0.08074218034744263,-0.09185829758644104,-0.06225478649139404,-0.026532888412475586,-0.12071412801742554,-0.05538284778594971,-0.10252809524536133,-0.05597984790802002,-0.08086651563644409,-0.04788506031036377,-0.06675970554351807,0.024800479412078857,-0.11311271786689758,-0.006212353706359863,-0.0989530086517334,-0.01077955961227417,-0.08163940906524658,-0.004001796245574951,THUMBS_UP
0.0,0.0,-0.0052027106285095215,-0.09445413947105408,-0.022273600101470947,-0.17873287200927734,-0.03872805833816528,-0.24530458450317383,-0.042080044746398926,-0.3048672080039978,-0.05898690223693848,-0.14745214581489563,-0.11216017603874207,-0.15183144807815552,-0.09894445538520813,-0.14683786034584045,-0.08046698570251465,-0.14269322156906128,-0.0694686770439148,-0.08743298053741455,-0.12108740210533142,-0.10983803868293762,-0.10576841235160828,-0.11044996976852417,-0.0865405797958374,-0.10197293758392334,-0.07573831081390381,-0.033106446266174316,-0.12394833564758301,-0.06209641695022583,-0.10907945036888123,-0.06649333238601685,-0.09033560752868652,-0.05949276685714722,-0.07894998788833618,0.016520559787750244,-0.12035462260246277,-0.012492239475250244,-0.1101214587688446,-0.02167975902557373,-0.09601771831512451,-0.018606483936309814,THUMBS_UP
0.0,0.0,-0.0063880085945129395,-0.09124544262886047,-0.0241163969039917,-0.17338287830352783,-0.04044860601425171,-0.23934203386306763,-0.042864859104156494,-0.30018699169158936,-0.05772751569747925,-0.14298662543296814,-0.1125069260597229,-0.1485358476638794,-0.10119819641113281,-0.1434967815876007,-0.08350867033004761,-0.14045247435569763,-0.06751370429992676,-0.08435836434364319,-0.12299051880836487,-0.10515356063842773,-0.10885366797447205,-0.10681375861167908,-0.08953887224197388,-0.10018521547317505,-0.07361942529678345,-0.030852138996124268,-0.12647420167922974,-0.056896746158599854,-0.11267772316932678,-0.06322479248046875,-0.09357646107673645,-0.058019280433654785,-0.07716876268386841,0.017150163650512695,-0.12076246738433838,-0.00712275505065918,-0.11321455240249634,-0.020651698112487793,-0.10082277655601501,-0.022687137126922607,THUMBS_UP
0.0,0.0,-0.009916722774505615,-0.08771976828575134,-0.03240329027175903,-0.1809113621711731,-0.04656761884689331,-0.2500733733177185,-0.04449886083602905,-0.31467318534851074,-0.045822978019714355,-0.15372586250305176,-0.11236730217933655,-0.1484682857990265,-0.10079678893089294,-0.139394611120224,-0.08133465051651001,-0.13944965600967407,-0.04862940311431885,-0.09191831946372986,-0.12039625644683838,-0.10115063190460205,-0.10403585433959961,-0.09801068902015686,-0.08113473653793335,-0.09337630867958069,-0.05158209800720215,-0.034545302391052246,-0.11898833513259888,-0.0518183708190918,-0.10177212953567505,-0.05112767219543457,-0.07885855436325073,-0.048292338848114014,-0.05523651838302612,0.017491161823272705,-0.10793837904930115,-0.0040628910064697266,-0.10062682628631592,-0.011634469032287598,-0.0865749716758728,-0.012744307518005371,THUMBS_UP
0.0,0.0,-0.012094378471374512,-0.08204054832458496,-0.030878067016601562,-0.17726963758468628,-0.04209548234939575,-0.24974358081817627,-0.03890305757522583,-0.3146567642688751,-0.029962658882141113,-0.1649717092514038,-0.10064178705215454,-0.16001838445663452,-0.0879104733467102,-0.1380229890346527,-0.06652545928955078,-0.1380620002746582,-0.027624845504760742,-0.10817351937294006,-0.10721015930175781,-0.10329627990722656,-0.09124231338500977,-0.09132233262062073,-0.06738537549972534,-0.09114062786102295,-0.02778041362762451,-0.0510442852973938,-0.10107249021530151,-0.05483293533325195,-0.08590131998062134,-0.044023990631103516,-0.06341493129730225,-0.04462617635726929,-0.030677855014801025,0.0013199448585510254,-0.08992570638656616,-0.007627665996551514,-0.07712697982788086,-0.004616141319274902,-0.05602216720581055,-0.004721581935882568,THUMBS_UP
0.0,0.0,-0.023736894130706787,-0.10949605703353882,-0.03158771991729736,-0.20779913663864136,-0.029786288738250732,-0.28678053617477417,-0.02120840549468994,-0.3510444164276123,0.0031002163887023926,-0.22161707282066345,-0.07006120681762695,-0.19537454843521118,-0.0725664496421814,-0.15462681651115417,-0.057944297790527344,-0.14541581273078918,0.011582493782043457,-0.16558346152305603,-0.06846410036087036,-0.14477002620697021,-0.06521064043045044,-0.12011444568634033,-0.05128955841064453,-0.11430668830871582,0.013417661190032959,-0.10843539237976074,-0.06215333938598633,-0.09248727560043335,-0.05459350347518921,-0.07884055376052856,-0.03596460819244385,-0.07963120937347412,0.010054528713226318,-0.05327141284942627,-0.049454569816589355,-0.04938429594039917,-0.045121729373931885,-0.04383116960525513,-0.028556227684020996,-0.04520446062088013,THUMBS_UP
0.0,0.0,-0.022764384746551514,-0.10991537570953369,-0.023649394512176514,-0.2085782289505005,-0.016078054904937744,-0.2841945290565491,-0.00968235731124878,-0.3475092351436615,0.0259438157081604,-0.22088974714279175,-0.04297608137130737,-0.21762466430664062,-0.04340660572052002,-0.17578306794166565,-0.025104820728302002,-0.1664082109928131,0.03613764047622681,-0.17080369591712952,-0.04332071542739868,-0.15823060274124146,-0.036986470222473145,-0.13201406598091125,-0.018362700939178467,-0.12854450941085815,0.037540555000305176,-0.113422691822052,-0.03587698936462402,-0.10584765672683716,-0.02837848663330078,-0.08836406469345093,-0.008566617965698242,-0.08626747131347656,0.03368180990219116,-0.0560457706451416,-0.023584961891174316,-0.05806303024291992,-0.019234418869018555,-0.04988974332809448,-0.0009971857070922852,-0.04897499084472656,THUMBS_UP
0.0,0.0,-0.017795681953430176,-0.0929308533668518,-0.010128915309906006,-0.19149327278137207,0.0013440847396850586,-0.2598060369491577,0.005568385124206543,-0.31601107120513916,0.05455750226974487,-0.20073717832565308,-0.002741098403930664,-0.19831687211990356,-0.010251104831695557,-0.15359622240066528,0.005168139934539795,-0.1405673623085022,0.07084232568740845,-0.1547652781009674,0.001249551773071289,-0.14577391743659973,-0.0059920549392700195,-0.10913193225860596,0.010109305381774902,-0.10185807943344116,0.07528215646743774,-0.09951728582382202,0.011188089847564697,-0.09450393915176392,0.0035663247108459473,-0.0692254900932312,0.017727673053741455,-0.06252336502075195,0.07394975423812866,-0.04279834032058716,0.024861693382263184,-0.041944146156311035,0.014896392822265625,-0.030647099018096924,0.024637162685394287,-0.02658766508102417,THUMBS_UP
0.0,0.0,-0.0200386643409729,-0.08917409181594849,-0.007353246212005615,-0.1927732229232788,0.006272733211517334,-0.2652776837348938,0.007604002952575684,-0.32921844720840454,0.06352353096008301,-0.21040451526641846,0.020725131034851074,-0.21224921941757202,0.0036426186561584473,-0.166395902633667,0.011347174644470215,-0.14894136786460876,0.08639627695083618,-0.17041480541229248,0.031153738498687744,-0.15980121493339539,0.0112648606300354,-0.12195470929145813,0.021102070808410645,-0.11216342449188232,0.09547173976898193,-0.11540231108665466,0.043524742126464844,-0.10611587762832642,0.023317575454711914,-0.08094120025634766,0.03149968385696411,-0.07610976696014404,0.09832727909088135,-0.05751144886016846,0.05810421705245972,-0.05381721258163452,0.037461817264556885,-0.043353140354156494,0.0402681827545166,-0.0414465069770813,THUMBS_UP
0.0,0.0,-0.016836345195770264,-0.09121567010879517,-0.004291117191314697,-0.19534781575202942,0.009462475776672363,-0.2674807906150818,0.011959254741668701,-0.3318544328212738,0.06899166107177734,-0.20683041214942932,0.037779927253723145,-0.22222933173179626,0.01506197452545166,-0.1757347285747528,0.01711338758468628,-0.1518363356590271,0.09302729368209839,-0.17013797163963318,0.049648165702819824,-0.17224079370498657,0.022334933280944824,-0.13167360424995422,0.026515722274780273,-0.11668151617050171,0.10414570569992065,-0.11820951104164124,0.06091451644897461,-0.11406981945037842,0.03453195095062256,-0.08670294284820557,0.03923708200454712,-0.08067947626113892,0.10921674966812134,-0.06292462348937988,0.07590097188949585,-0.06132727861404419,0.051472365856170654,-0.04911458492279053,0.05181407928466797,-0.04730743169784546,THUMBS_UP
0.0,0.0,-0.017070114612579346,-0.09983241558074951,-0.0012112855911254883,-0.20495057106018066,0.013391673564910889,-0.2761804461479187,0.016484558582305908,-0.3399859070777893,0.07383567094802856,-0.21483248472213745,0.04326409101486206,-0.2459360659122467,0.020808875560760498,-0.1952601671218872,0.02509981393814087,-0.16999831795692444,0.09749358892440796,-0.17972153425216675,0.052825212478637695,-0.1960325837135315,0.02564603090286255,-0.14770901203155518,0.035303592681884766,-0.13020873069763184,0.10801172256469727,-0.12731796503067017,0.06526237726211548,-0.1367182731628418,0.037563323974609375,-0.10265618562698364,0.046488404273986816,-0.09065914154052734,0.11254137754440308,-0.07044339179992676,0.08121412992477417,-0.08064550161361694,0.056513071060180664,-0.06716066598892212,0.05982440710067749,-0.05903363227844238,THUMBS_UP
0.0,0.0,-0.021063804626464844,-0.1064336895942688,-0.009264588356018066,-0.20749464631080627,0.0035892724990844727,-0.277161180973053,0.0061675310134887695,-0.3370005786418915,0.06126159429550171,-0.22976773977279663,0.024753928184509277,-0.26488810777664185,0.007556259632110596,-0.20720058679580688,0.016183018684387207,-0.18280485272407532,0.08596289157867432,-0.1999742090702057,0.03680121898651123,-0.2193737030029297,0.01322704553604126,-0.16241800785064697,0.027563869953155518,-0.14747023582458496,0.0985671877861023,-0.15010923147201538,0.052629947662353516,-0.16452032327651978,0.02631962299346924,-0.12258553504943848,0.03865504264831543,-0.10923665761947632,0.10439115762710571,-0.09607589244842529,0.0698193907737732,-0.10843974351882935,0.045914411544799805,-0.09219753742218018,0.05165308713912964,-0.08224588632583618,THUMBS_UP
0.0,0.0,-0.025505900382995605,-0.11735039949417114,-0.021531879901885986,-0.20030027627944946,-0.011700689792633057,-0.26154258847236633,-0.008772492408752441,-0.3296724259853363,0.0398787260055542,-0.23087093234062195,-0.002063453197479248,-0.26607412099838257,-0.017031073570251465,-0.21339023113250732,-0.009036540985107422,-0.19257032871246338,0.05835455656051636,-0.19991454482078552,0.011353552341461182,-0.2344672679901123,-0.011081576347351074,-0.17221921682357788,0.005437254905700684,-0.15818899869918823,0.07112127542495728,-0.15601027011871338,0.024872303009033203,-0.18674445152282715,0.001504063606262207,-0.13409221172332764,0.016677439212799072,-0.11922633647918701,0.07970905303955078,-0.11281192302703857,0.04274439811706543,-0.13205480575561523,0.02153778076171875,-0.10293787717819214,0.032784461975097656,-0.0887221097946167,THUMBS_UP
0.0,0.0,-0.02253854274749756,-0.11116701364517212,-0.015560448169708252,-0.19337552785873413,-0.006851613521575928,-0.2524682581424713,-0.0041648149490356445,-0.3167012333869934,0.04748547077178955,-0.22973784804344177,-0.0001938343048095703,-0.2676072120666504,-0.01398932933807373,-0.21395835280418396,-0.006270647048950195,-0.18832266330718994,0.06669896841049194,-0.2057202160358429,0.008852481842041016,-0.23925763368606567,-0.00923454761505127,-0.17486685514450073,0.0074787139892578125,-0.155424565076828,0.07736068964004517,-0.16457879543304443,0.023184359073638916,-0.19738325476646423,0.0030494332313537598,-0.1418411135673523,0.01808387041091919,-0.12167930603027344,0.08170247077941895,-0.11925041675567627,0.040217041969299316,-0.14325720071792603,0.02192133665084839,-0.11351072788238525,0.032869577407836914,-0.09587949514389038,THUMBS_UP
0.0,0.0,-0.020278096199035645,-0.11629074811935425,-0.0121382474899292,-0.1886976957321167,-0.00214308500289917,-0.24653756618499756,0.0013095736503601074,-0.3126826584339142,0.04679816961288452,-0.2179442048072815,-0.003603219985961914,-0.26047879457473755,-0.019052445888519287,-0.20768925547599792,-0.009110331535339355,-0.1855105459690094,0.0608101487159729,-0.19227254390716553,0.002023935317993164,-0.23059040307998657,-0.015772223472595215,-0.16859564185142517,0.0034261345863342285,-0.15217655897140503,0.06758999824523926,-0.1518935263156891,0.012476563453674316,-0.1902649700641632,-0.005736589431762695,-0.1348227560520172,0.01222926378250122,-0.11382502317428589,0.0698046088218689,-0.10810095071792603,0.028303921222686768,-0.13710272312164307,0.011189877986907959,-0.10814845561981201,0.02296847105026245,-0.08832329511642456,THUMBS_UP
0.0,0.0,-0.021182000637054443,-0.11118245124816895,-0.011636674404144287,-0.19288387894630432,0.001974642276763916,-0.25548502802848816,0.011359572410583496,-0.3199692964553833,0.04934263229370117,-0.22628194093704224,-0.00632476806640625,-0.2647312581539154,-0.020448625087738037,-0.2118886113166809,-0.008019328117370605,-0.18745586276054382,0.06285178661346436,-0.19781234860420227,-0.007398724555969238,-0.22686263918876648,-0.019450783729553223,-0.17445793747901917,-0.003274857997894287,-0.1536535918712616,0.0651620626449585,-0.15532445907592773,-0.0019630789756774902,-0.1865762174129486,-0.014018535614013672,-0.1364554464817047,0.0005644559860229492,-0.11473304033279419,0.06076383590698242,-0.10728996992111206,0.00722956657409668,-0.13452592492103577,-0.00397258996963501,-0.10238802433013916,0.006974518299102783,-0.08223259449005127,THUMBS_UP
0.0,0.0,-0.021506190299987793,-0.10812312364578247,-0.008133471012115479,-0.19840461015701294,0.010494470596313477,-0.2655807137489319,0.022780656814575195,-0.32445967197418213,0.04888021945953369,-0.22609710693359375,-0.01942211389541626,-0.2556287348270416,-0.02759730815887451,-0.20630598068237305,-0.010307610034942627,-0.18500939011573792,0.05635404586791992,-0.1850307583808899,-0.026228725910186768,-0.20792824029922485,-0.028836846351623535,-0.16217553615570068,-0.011641621589660645,-0.14533007144927979,0.05288732051849365,-0.13628336787223816,-0.024593055248260498,-0.162471741437912,-0.028232038021087646,-0.11977773904800415,-0.012563049793243408,-0.10095494985580444,0.04206085205078125,-0.08400005102157593,-0.0196535587310791,-0.109921395778656,-0.024278998374938965,-0.0812883973121643,-0.010992050170898438,-0.06328725814819336,THUMBS_UP
0.0,0.0,-0.025847673416137695,-0.12646543979644775,-0.012253224849700928,-0.23044461011886597,0.011818230152130127,-0.30892840027809143,0.03214806318283081,-0.3678927421569824,0.034822165966033936,-0.2507088780403137,-0.03697562217712402,-0.2780047059059143,-0.050938427448272705,-0.2274896502494812,-0.040808260440826416,-0.19970446825027466,0.036608874797821045,-0.20124778151512146,-0.044485509395599365,-0.23481473326683044,-0.056196630001068115,-0.18823185563087463,-0.04810053110122681,-0.15699535608291626,0.028342843055725098,-0.14771214127540588,-0.049447476863861084,-0.1840069591999054,-0.06093275547027588,-0.14126217365264893,-0.0527154803276062,-0.11043787002563477,0.013140618801116943,-0.09396171569824219,-0.046426236629486084,-0.12424945831298828,-0.05268502235412598,-0.09794431924819946,-0.04226475954055786,-0.07735216617584229,THUMBS_UP
0.0,0.0,-0.00811702013015747,-0.12266957759857178,-0.002959132194519043,-0.233199805021286,0.008854389190673828,-0.3193800449371338,0.03304314613342285,-0.37928035855293274,0.020299255847930908,-0.24230849742889404,-0.05601608753204346,-0.27263766527175903,-0.061697959899902344,-0.22574341297149658,-0.04518759250640869,-0.20856842398643494,0.015612781047821045,-0.18480649590492249,-0.06997507810592651,-0.22661420702934265,-0.07226544618606567,-0.18513193726539612,-0.0567551851272583,-0.16062960028648376,0.004657268524169922,-0.1272405982017517,-0.07508820295333862,-0.16851204633712769,-0.07510483264923096,-0.13261288404464722,-0.05757635831832886,-0.11132776737213135,-0.009086847305297852,-0.07255208492279053,-0.06931459903717041,-0.11111181974411011,-0.06608456373214722,-0.09029144048690796,-0.04899626970291138,-0.07400399446487427,THUMBS_UP
0.0,0.0,-0.004137754440307617,-0.10518985986709595,-0.006069779396057129,-0.21963489055633545,-0.0001614093780517578,-0.3072137236595154,0.022454380989074707,-0.36733660101890564,-0.000969231128692627,-0.20912033319473267,-0.07759755849838257,-0.2414436936378479,-0.0760962963104248,-0.20508429408073425,-0.057299017906188965,-0.19096314907073975,-0.00908815860748291,-0.14605671167373657,-0.09710425138473511,-0.18951860070228577,-0.08802849054336548,-0.1600964367389679,-0.06453293561935425,-0.14210787415504456,-0.020231783390045166,-0.0856102705001831,-0.10106903314590454,-0.12917274236679077,-0.08961212635040283,-0.10477250814437866,-0.06558060646057129,-0.09047424793243408,-0.0330805778503418,-0.03127092123031616,-0.0982588529586792,-0.07552027702331543,-0.08764266967773438,-0.061508893966674805,-0.06481456756591797,-0.04785764217376709,THUMBS_UP
0.0,0.0,0.0038518309593200684,-0.09404367208480835,-0.0023139119148254395,-0.2083558738231659,-0.005002796649932861,-0.28911900520324707,0.010039150714874268,-0.3530620336532593,-0.019509434700012207,-0.18552380800247192,-0.09030455350875854,-0.21722155809402466,-0.07288283109664917,-0.19826513528823853,-0.04798614978790283,-0.18602895736694336,-0.03436779975891113,-0.1209573745727539,-0.10823369026184082,-0.16670313477516174,-0.08638262748718262,-0.1509706974029541,-0.060527801513671875,-0.13135817646980286,-0.048057377338409424,-0.06009870767593384,-0.11313429474830627,-0.10765326023101807,-0.09198874235153198,-0.09514832496643066,-0.0674753189086914,-0.08118492364883423,-0.06119328737258911,-0.005415856838226318,-0.10926121473312378,-0.050029635429382324,-0.09039151668548584,-0.04329538345336914,-0.06941694021224976,-0.03100883960723877,THUMBS_UP
0.0,0.0,-0.0011386275291442871,-0.10288727283477783,-0.01662588119506836,-0.2113335132598877,-0.02151113748550415,-0.29542866349220276,-0.007739365100860596,-0.36294272541999817,-0.037117183208465576,-0.17874425649642944,-0.11082792282104492,-0.20721650123596191,-0.0923430323600769,-0.19380229711532593,-0.0674089789390564,-0.18285855650901794,-0.04964923858642578,-0.10980570316314697,-0.12577825784683228,-0.15304329991340637,-0.10275930166244507,-0.1448022425174713,-0.0762249231338501,-0.12801289558410645,-0.06048619747161865,-0.04822337627410889,-0.1293753981590271,-0.09339171648025513,-0.1061643660068512,-0.0881841778755188,-0.08058226108551025,-0.07435709238052368,-0.06992393732070923,0.00772017240524292,-0.12165555357933044,-0.03482455015182495,-0.10253974795341492,-0.03342020511627197,-0.08119410276412964,-0.019813358783721924,THUMBS_UP
0.0,0.0,-0.009442567825317383,-0.10251832008361816,-0.030669331550598145,-0.2032504677772522,-0.03921961784362793,-0.2844918370246887,-0.030068933963775635,-0.3550352454185486,-0.048569560050964355,-0.15445798635482788,-0.1261097490787506,-0.17052489519119263,-0.10896745324134827,-0.1682334542274475,-0.08483105897903442,-0.16174131631851196,-0.05484414100646973,-0.0802377462387085,-0.14106953144073486,-0.11644476652145386,-0.12068843841552734,-0.12197327613830566,-0.09323769807815552,-0.1091151237487793,-0.06139034032821655,-0.016928553581237793,-0.14209869503974915,-0.054216206073760986,-0.1198003888130188,-0.06357413530349731,-0.09262722730636597,-0.05483907461166382,-0.06747293472290039,0.03755766153335571,-0.1283988654613495,0.004923462867736816,-0.11139005422592163,-0.006727874279022217,-0.0896296501159668,-0.0006229281425476074,THUMBS_UP
0.0,0.0,-0.016073524951934814,-0.10012686252593994,-0.043280184268951416,-0.19991111755371094,-0.05135315656661987,-0.2801743149757385,-0.04280495643615723,-0.35290980339050293,-0.04340195655822754,-0.13803145289421082,-0.13123443722724915,-0.14177122712135315,-0.11052471399307251,-0.14542582631111145,-0.08331894874572754,-0.1474514603614807,-0.04433172941207886,-0.0596352219581604,-0.14063185453414917,-0.08234715461730957,-0.11585170030593872,-0.09187978506088257,-0.08484494686126709,-0.08356934785842896,-0.04860639572143555,0.005501508712768555,-0.13914963603019714,-0.018053412437438965,-0.11414027214050293,-0.029143095016479492,-0.08423304557800293,-0.024057626724243164,-0.05501234531402588,0.05868196487426758,-0.12386801838874817,0.037747979164123535,-0.10604989528656006,0.024117231369018555,-0.08169269561767578,0.0282021164894104,THUMBS_UP
0.0,0.0,-0.018033146858215332,-0.09819221496582031,-0.04492372274398804,-0.19594550132751465,-0.05311167240142822,-0.27886152267456055,-0.04555177688598633,-0.3541797399520874,-0.03751015663146973,-0.12626436352729797,-0.12881392240524292,-0.1181134283542633,-0.10832571983337402,-0.12789657711982727,-0.08066976070404053,-0.13256236910820007,-0.03597515821456909,-0.04481160640716553,-0.13654792308807373,-0.057218313217163086,-0.1121477484703064,-0.07237273454666138,-0.08103334903717041,-0.06699556112289429,-0.039817750453948975,0.020904958248138428,-0.13476097583770752,0.005120754241943359,-0.10956507921218872,-0.01142740249633789,-0.0786517858505249,-0.008563041687011719,-0.046768367290496826,0.07309597730636597,-0.11700117588043213,0.056031227111816406,-0.09870892763137817,0.03896832466125488,-0.07370424270629883,0.041876792907714844,THUMBS_UP
0.0,0.0,-0.01800936460494995,-0.09242725372314453,-0.041201114654541016,-0.18781089782714844,-0.04683077335357666,-0.2670782208442688,-0.03703141212463379,-0.34217214584350586,-0.021540820598602295,-0.10965913534164429,-0.11860299110412598,-0.09383887052536011,-0.10276609659194946,-0.11134815216064453,-0.07593661546707153,-0.11986011266708374,-0.020589053630828857,-0.02414637804031372,-0.12611788511276245,-0.02921116352081299,-0.10418593883514404,-0.04879993200302124,-0.07260274887084961,-0.04503917694091797,-0.024693071842193604,0.04388248920440674,-0.12112194299697876,0.0317387580871582,-0.09882301092147827,0.013161122798919678,-0.06821233034133911,0.01328510046005249,-0.03311842679977417,0.09778141975402832,-0.1023406982421875,0.08407247066497803,-0.08511626720428467,0.06381982564926147,-0.060505449771881104,0.06410086154937744,THUMBS_UP
0.0,0.0,-0.018795132637023926,-0.09482401609420776,-0.03707665205001831,-0.18709808588027954,-0.04051697254180908,-0.2590808868408203,-0.03169655799865723,-0.33658018708229065,-0.007687270641326904,-0.08153653144836426,-0.10754412412643433,-0.06812161207199097,-0.08932304382324219,-0.08845680952072144,-0.06192499399185181,-0.10014575719833374,-0.003577589988708496,0.0035907626152038574,-0.11120104789733887,0.0034399032592773438,-0.0871235728263855,-0.02853327989578247,-0.05821120738983154,-0.03158843517303467,-0.004968702793121338,0.0710374116897583,-0.10039997100830078,0.05542832612991333,-0.07659006118774414,0.029327452182769775,-0.048619627952575684,0.02877122163772583,-0.010109007358551025,0.12248939275741577,-0.07941222190856934,0.10608470439910889,-0.05913901329040527,0.08453309535980225,-0.03433173894882202,0.08679431676864624,THUMBS_UP
0.0,0.0,-0.033612191677093506,-0.09060996770858765,-0.05849659442901611,-0.1922047734260559,-0.058516621589660645,-0.27756422758102417,-0.048372745513916016,-0.3595345914363861,-0.017125189304351807,-0.09997260570526123,-0.11316603422164917,-0.08095026016235352,-0.09571778774261475,-0.09817630052566528,-0.06654864549636841,-0.11151081323623657,-0.005542635917663574,-0.01958906650543213,-0.11480051279067993,0.0010344982147216797,-0.09220999479293823,-0.031011760234832764,-0.06170588731765747,-0.04270148277282715,-0.0012149214744567871,0.04695427417755127,-0.09946465492248535,0.053127944469451904,-0.07907640933990479,0.027159035205841064,-0.05118352174758911,0.018547236919403076,-0.0030516386032104492,0.09945964813232422,-0.07957851886749268,0.09808939695358276,-0.06362050771713257,0.07504981756210327,-0.038482606410980225,0.06801170110702515,THUMBS_UP
0.0,0.0,-0.019558310508728027,-0.08730083703994751,-0.022997617721557617,-0.18957802653312683,-0.018490374088287354,-0.2675873637199402,-0.004118561744689941,-0.3393052816390991,0.029766976833343506,-0.10973984003067017,-0.04836505651473999,-0.05902707576751709,-0.043728530406951904,-0.07990825176239014,-0.022249698638916016,-0.10345697402954102,0.05005598068237305,-0.026827991008758545,-0.05603992938995361,0.01710951328277588,-0.037022531032562256,-0.012749910354614258,-0.012159585952758789,-0.03479892015457153,0.055225491523742676,0.04769629240036011,-0.044477999210357666,0.07989871501922607,-0.029912590980529785,0.051968395709991455,-0.003975272178649902,0.034245312213897705,0.0531497597694397,0.11166000366210938,-0.021286725997924805,0.1302981972694397,-0.01310652494430542,0.11105382442474365,0.010311126708984375,0.09295576810836792,THUMBS_UP
0.0,0.0,-0.021043360233306885,-0.08623123168945312,-0.02631324529647827,-0.18793484568595886,-0.025194823741912842,-0.2676563560962677,-0.015348494052886963,-0.345192015171051,0.033864736557006836,-0.11255466938018799,-0.0432012677192688,-0.05265533924102783,-0.04025024175643921,-0.07427996397018433,-0.019753217697143555,-0.10108768939971924,0.05619853734970093,-0.03024125099182129,-0.047760009765625,0.023951590061187744,-0.03132963180541992,-0.00878232717514038,-0.008371055126190186,-0.03418463468551636,0.06262487173080444,0.044477105140686035,-0.035887300968170166,0.08264714479446411,-0.02460169792175293,0.05318927764892578,-0.0011454224586486816,0.031944453716278076,0.06125533580780029,0.10763353109359741,-0.01243823766708374,0.1275997757911682,-0.008376121520996094,0.1040501594543457,0.010949671268463135,0.08128869533538818,THUMBS_UP
0.0,0.0,-0.02294766902923584,-0.0974532961845398,-0.030499517917633057,-0.21023014187812805,-0.03318464756011963,-0.29409080743789673,-0.027721881866455078,-0.3750808835029602,0.04452317953109741,-0.1486390233039856,-0.029611408710479736,-0.08635848760604858,-0.03133314847946167,-0.10064548254013062,-0.013752937316894531,-0.122691810131073,0.07011878490447998,-0.06775480508804321,-0.030029475688934326,-0.003208160400390625,-0.019560515880584717,-0.03314763307571411,0.00010758638381958008,-0.057202816009521484,0.07861751317977905,0.009751200675964355,-0.015389621257781982,0.05395376682281494,-0.00768887996673584,0.028595566749572754,0.013087987899780273,0.0064553022384643555,0.07793259620666504,0.07819396257400513,0.0123518705368042,0.10169446468353271,0.0144844651222229,0.07969081401824951,0.029427647590637207,0.05690032243728638,THUMBS_UP
0.0,0.0,-0.03415924310684204,-0.0919184684753418,-0.04650318622589111,-0.20629039406776428,-0.05151790380477905,-0.2914263606071472,-0.04836004972457886,-0.37587669491767883,0.04470622539520264,-0.15631622076034546,-0.022840678691864014,-0.07516723871231079,-0.02732980251312256,-0.08938926458358765,-0.011330485343933105,-0.11538225412368774,0.07875710725784302,-0.08299809694290161,-0.01929861307144165,0.013319253921508789,-0.010586202144622803,-0.024201273918151855,0.009495317935943604,-0.059360504150390625,0.09263849258422852,-0.007035493850708008,0.0005672574043273926,0.0657230019569397,0.005848824977874756,0.03378218412399292,0.02703690528869629,0.0025432705879211426,0.09543764591217041,0.061126112937927246,0.030705630779266357,0.10897469520568848,0.03182858228683472,0.08385813236236572,0.04778182506561279,0.05161792039871216,THUMBS_UP
0.0,0.0,-0.03911781311035156,-0.09017306566238403,-0.05030125379562378,-0.20681720972061157,-0.05316847562789917,-0.29219818115234375,-0.05080437660217285,-0.3823687732219696,0.05177617073059082,-0.18076983094215393,-0.005897879600524902,-0.0816422700881958,-0.023818910121917725,-0.08230024576187134,-0.01599562168121338,-0.11581230163574219,0.09023010730743408,-0.10979938507080078,0.006438493728637695,0.006413161754608154,-0.004819393157958984,-0.01897639036178589,0.010438680648803711,-0.06364083290100098,0.1089361310005188,-0.03158527612686157,0.029405295848846436,0.061082541942596436,0.018792808055877686,0.037064433097839355,0.03595203161239624,-0.004353463649749756,0.11570465564727783,0.04059445858001709,0.058392882347106934,0.1107141375541687,0.046804726123809814,0.09279757738113403,0.05845463275909424,0.052989661693573,THUMBS_UP
0.0,0.0,-0.05140584707260132,-0.08092176914215088,-0.06462174654006958,-0.20103085041046143,-0.06865978240966797,-0.291500061750412,-0.07570284605026245,-0.3818534314632416,0.039040446281433105,-0.2116977870464325,-0.003470480442047119,-0.09287840127944946,-0.027390718460083008,-0.079001784324646,-0.023194730281829834,-0.11268442869186401,0.08115965127944946,-0.15620535612106323,0.019179224967956543,-0.014766097068786621,-0.005851805210113525,-0.019494235515594482,0.002799510955810547,-0.058929443359375,0.10556912422180176,-0.08742880821228027,0.04608982801437378,0.03395986557006836,0.02182602882385254,0.024598538875579834,0.030355393886566162,-0.015517175197601318,0.11915189027786255,-0.019031524658203125,0.07731509208679199,0.07023966312408447,0.05259847640991211,0.06446987390518188,0.053819894790649414,0.026340007781982422,THUMBS_UP
0.0,0.0,-0.056381285190582275,-0.06974565982818604,-0.07756787538528442,-0.1941940188407898,-0.08856260776519775,-0.28868284821510315,-0.10564279556274414,-0.3793866038322449,0.026069581508636475,-0.23989742994308472,-0.0034497976303100586,-0.11671179533004761,-0.026515960693359375,-0.0801781415939331,-0.027283430099487305,-0.10489523410797119,0.07412314414978027,-0.19754880666732788,0.02687746286392212,-0.0488395094871521,-0.0006078481674194336,-0.028481900691986084,0.0033513903617858887,-0.06457620859146118,0.10563147068023682,-0.1340274214744568,0.05779385566711426,-0.006654620170593262,0.031831443309783936,0.0051839351654052734,0.035671114921569824,-0.03416699171066284,0.1253950595855713,-0.06735754013061523,0.09171569347381592,0.02578139305114746,0.06684345006942749,0.03704029321670532,0.06504464149475098,0.0034934282302856445,THUMBS_UP
0.0,0.0,-0.05250626802444458,-0.06297951936721802,-0.07374095916748047,-0.18725305795669556,-0.08751529455184937,-0.2844356298446655,-0.10930413007736206,-0.3708457052707672,0.026613473892211914,-0.2521899938583374,0.011472761631011963,-0.13663530349731445,-0.012692153453826904,-0.09164029359817505,-0.016883015632629395,-0.11406159400939941,0.07726806402206421,-0.21613985300064087,0.04556471109390259,-0.07287782430648804,0.013337433338165283,-0.04111069440841675,0.011969149112701416,-0.07200044393539429,0.11199647188186646,-0.15539100766181946,0.0772850513458252,-0.029670774936676025,0.04593855142593384,-0.007786929607391357,0.04468059539794922,-0.042221784591674805,0.13546955585479736,-0.08851385116577148,0.11099690198898315,0.004984021186828613,0.0822334885597229,0.02301621437072754,0.07625800371170044,-0.007092177867889404,THUMBS_UP
0.0,0.0,-0.05247914791107178,-0.06229448318481445,-0.07670408487319946,-0.18781155347824097,-0.09313774108886719,-0.2870417535305023,-0.11838054656982422,-0.37232720851898193,0.021375179290771484,-0.2677006125450134,0.0075446367263793945,-0.15640509128570557,-0.013539373874664307,-0.1048925518989563,-0.01637059450149536,-0.12327784299850464,0.07318806648254395,-0.23316693305969238,0.04599672555923462,-0.09499287605285645,0.013965010643005371,-0.055673956871032715,0.012239694595336914,-0.08322721719741821,0.10989391803741455,-0.17328616976737976,0.07960981130599976,-0.04825514554977417,0.04702550172805786,-0.019186675548553467,0.044995129108428955,-0.05071675777435303,0.1354689598083496,-0.10556697845458984,0.1148715615272522,-0.01326674222946167,0.08413594961166382,0.010172545909881592,0.07615506649017334,-0.01634347438812256,THUMBS_UP
0.0,0.0,-0.0510212779045105,-0.06881266832351685,-0.07155400514602661,-0.19876763224601746,-0.08519691228866577,-0.29917845129966736,-0.1072966456413269,-0.3858194351196289,0.02736753225326538,-0.27815020084381104,0.016021788120269775,-0.1696840524673462,-0.006535470485687256,-0.11113595962524414,-0.010266661643981934,-0.12369072437286377,0.08029401302337646,-0.2381727397441864,0.05291205644607544,-0.10594415664672852,0.01845496892929077,-0.06358110904693604,0.015206634998321533,-0.08834570646286011,0.116749107837677,-0.1738205850124359,0.08677959442138672,-0.052609145641326904,0.05172276496887207,-0.023060262203216553,0.04771983623504639,-0.05266338586807251,0.1413012146949768,-0.10253298282623291,0.1225709319114685,-0.016944468021392822,0.08890688419342041,0.0072858333587646484,0.07701718807220459,-0.01665574312210083,THUMBS_UP
0.0,0.0,-0.048205554485321045,-0.07765388488769531,-0.06645405292510986,-0.21372225880622864,-0.07883453369140625,-0.32079634070396423,-0.10027021169662476,-0.41143369674682617,0.03314238786697388,-0.2979907989501953,0.014114022254943848,-0.20586642622947693,-0.009455084800720215,-0.14377492666244507,-0.012508630752563477,-0.14582768082618713,0.08481836318969727,-0.2583429217338562,0.049510061740875244,-0.14184588193893433,0.014859557151794434,-0.09562230110168457,0.01246422529220581,-0.11289650201797485,0.12057143449783325,-0.19190549850463867,0.08268970251083374,-0.08234578371047974,0.04770177602767944,-0.04884713888168335,0.04455083608627319,-0.07228732109069824,0.14501798152923584,-0.11689984798431396,0.11996394395828247,-0.04022592306137085,0.08612567186355591,-0.014853954315185547,0.0749584436416626,-0.0340428352355957,THUMBS_UP
0.0,0.0,-0.043530285358428955,-0.09111088514328003,-0.05457562208175659,-0.23557230830192566,-0.06126910448074341,-0.34639477729797363,-0.07653731107711792,-0.4416123330593109,0.04805302619934082,-0.3201526403427124,0.010006308555603027,-0.24783790111541748,-0.01225501298904419,-0.18357813358306885,-0.010105431079864502,-0.17319807410240173,0.09573620557785034,-0.2766309380531311,0.04150205850601196,-0.18459159135818481,0.011083722114562988,-0.13388866186141968,0.014761269092559814,-0.1374834179878235,0.12744808197021484,-0.20516976714134216,0.07543379068374634,-0.12140429019927979,0.042279183864593506,-0.08268743753433228,0.0426369309425354,-0.09382086992263794,0.14900225400924683,-0.12560933828353882,0.11147528886795044,-0.0714598298072815,0.07912445068359375,-0.04137706756591797,0.07270097732543945,-0.047409236431121826,THUMBS_UP
0.0,0.0,-0.05034703016281128,-0.09999048709869385,-0.06112051010131836,-0.2574876546859741,-0.06413233280181885,-0.3683749735355377,-0.07657724618911743,-0.4644924998283386,0.041842639446258545,-0.34462687373161316,-0.009263873100280762,-0.28722071647644043,-0.029594123363494873,-0.2124931514263153,-0.02223348617553711,-0.19694629311561584,0.08823442459106445,-0.3013070225715637,0.021951138973236084,-0.22067078948020935,-0.0064858198165893555,-0.16055047512054443,0.002614438533782959,-0.16307398676872253,0.11812722682952881,-0.22486981749534607,0.053265273571014404,-0.14907056093215942,0.02389216423034668,-0.10412102937698364,0.03182518482208252,-0.11558139324188232,0.13805097341537476,-0.14113634824752808,0.08715242147445679,-0.08417421579360962,0.058313727378845215,-0.054713308811187744,0.059823453426361084,-0.06402617692947388,THUMBS_UP
0.0,0.0,-0.052041590213775635,-0.11423748731613159,-0.06155681610107422,-0.27366188168525696,-0.06019812822341919,-0.38802778720855713,-0.06889235973358154,-0.48676010966300964,0.04409897327423096,-0.35507261753082275,-0.018987178802490234,-0.3085005283355713,-0.03559577465057373,-0.22937294840812683,-0.021782755851745605,-0.21292391419410706,0.08855211734771729,-0.3063000738620758,0.007321357727050781,-0.23164811730384827,-0.01564931869506836,-0.1679946482181549,-0.0004334449768066406,-0.16850507259368896,0.11546629667282104,-0.22497689723968506,0.03926140069961548,-0.158625066280365,0.013507425785064697,-0.11208927631378174,0.025104165077209473,-0.11933070421218872,0.1332361102104187,-0.13612431287765503,0.07398033142089844,-0.085574209690094,0.04493701457977295,-0.057686030864715576,0.047521233558654785,-0.06388527154922485,THUMBS_UP
0.0,0.0,-0.05030769109725952,-0.1330416202545166,-0.05489790439605713,-0.2995377779006958,-0.047835707664489746,-0.41482557356357574,-0.05040484666824341,-0.5110709369182587,0.05198037624359131,-0.3638477325439453,-0.026141583919525146,-0.33160513639450073,-0.040042102336883545,-0.24627166986465454,-0.021271109580993652,-0.22039595246315002,0.092620849609375,-0.3065320551395416,-0.005215764045715332,-0.24949857592582703,-0.021989762783050537,-0.17772376537322998,-0.0012711882591247559,-0.16308236122131348,0.1147647500038147,-0.2217085361480713,0.02353835105895996,-0.17141622304916382,0.003913462162017822,-0.12038189172744751,0.021001875400543213,-0.11472564935684204,0.12865835428237915,-0.13000792264938354,0.058649301528930664,-0.09546065330505371,0.0348164439201355,-0.06933432817459106,0.04339975118637085,-0.06875491142272949,THUMBS_UP
0.0,0.0,-0.047824859619140625,-0.144253671169281,-0.047985196113586426,-0.3079812228679657,-0.03666967153549194,-0.4215976595878601,-0.03307896852493286,-0.5174233913421631,0.05789804458618164,-0.36556267738342285,-0.029115140438079834,-0.3473614454269409,-0.040876030921936035,-0.25694575905799866,-0.016316771507263184,-0.22982537746429443,0.09471321105957031,-0.3000752329826355,-0.015374898910522461,-0.2587670683860779,-0.02911090850830078,-0.18030017614364624,-0.0031815171241760254,-0.16635143756866455,0.11146503686904907,-0.21044424176216125,0.007723093032836914,-0.17217594385147095,-0.007641017436981201,-0.11660104990005493,0.015496492385864258,-0.11096411943435669,0.11874920129776001,-0.11661213636398315,0.03634977340698242,-0.09166944026947021,0.016802966594696045,-0.06309443712234497,0.03225076198577881,-0.06360268592834473,THUMBS_UP
0.0,0.0,-0.045167386531829834,-0.14606118202209473,-0.04543018341064453,-0.3051144480705261,-0.033117592334747314,-0.4193824678659439,-0.026462554931640625,-0.5145527124404907,0.06012517213821411,-0.35676151514053345,-0.03761434555053711,-0.34460797905921936,-0.04806798696517944,-0.2562541663646698,-0.023600876331329346,-0.2279927134513855,0.09171187877655029,-0.2884119153022766,-0.03080683946609497,-0.2574017643928528,-0.03901797533035278,-0.17956030368804932,-0.011327862739562988,-0.16156771779060364,0.10392910242080688,-0.19748562574386597,-0.010849952697753906,-0.1714983880519867,-0.01849156618118286,-0.1161719560623169,0.006997585296630859,-0.1042168140411377,0.10597336292266846,-0.10173529386520386,0.017542600631713867,-0.08794558048248291,0.007506310939788818,-0.05808079242706299,0.027933776378631592,-0.05140739679336548,THUMBS_UP
0.0,0.0,-0.037713050842285156,-0.15262436866760254,-0.03744417428970337,-0.30881166458129883,-0.028189361095428467,-0.4242479056119919,-0.019982457160949707,-0.5224810540676117,0.060403406620025635,-0.34353476762771606,-0.052876412868499756,-0.3278309106826782,-0.060170650482177734,-0.24777072668075562,-0.031527817249298096,-0.22362160682678223,0.08596253395080566,-0.2641141712665558,-0.049681901931762695,-0.23272094130516052,-0.04745674133300781,-0.16400593519210815,-0.01636040210723877,-0.15051311254501343,0.09434974193572998,-0.16534104943275452,-0.03436154127120972,-0.13790148496627808,-0.028470754623413086,-0.09022724628448486,0.0018200278282165527,-0.08431023359298706,0.09211301803588867,-0.0632627010345459,-0.008136630058288574,-0.05119526386260986,-0.005685985088348389,-0.027747929096221924,0.023014605045318604,-0.028210222721099854,THUMBS_UP
0.0,0.0,-0.030694544315338135,-0.15222111344337463,-0.03867530822753906,-0.29648950695991516,-0.03596431016921997,-0.40957267582416534,-0.024936914443969727,-0.5183761715888977,0.047174811363220215,-0.2961015999317169,-0.0780569314956665,-0.2737307548522949,-0.07924008369445801,-0.22030359506607056,-0.04622173309326172,-0.21499666571617126,0.06598556041717529,-0.19704985618591309,-0.08143424987792969,-0.17210519313812256,-0.0653267502784729,-0.13715657591819763,-0.026969432830810547,-0.14230170845985413,0.07084357738494873,-0.08823251724243164,-0.06854921579360962,-0.06758630275726318,-0.04627507925033569,-0.04794883728027344,-0.006985664367675781,-0.05121898651123047,0.06694328784942627,0.0195237398147583,-0.03867870569229126,0.027546048164367676,-0.023720204830169678,0.02802598476409912,0.012799978256225586,0.019243359565734863,THUMBS_UP
0.0,0.0,-0.04465526342391968,-0.17510712146759033,-0.06197535991668701,-0.3381006121635437,-0.05918937921524048,-0.46802806854248047,-0.043510496616363525,-0.5828702449798584,0.017279088497161865,-0.3314719796180725,-0.12238138914108276,-0.31167224049568176,-0.10869920253753662,-0.24864673614501953,-0.06473273038864136,-0.24982517957687378,0.033503592014312744,-0.22338080406188965,-0.1274511218070984,-0.1979285478591919,-0.09749752283096313,-0.16527020931243896,-0.05418872833251953,-0.18029028177261353,0.03613406419754028,-0.10917747020721436,-0.11521220207214355,-0.08694112300872803,-0.08533632755279541,-0.06661862134933472,-0.042105674743652344,-0.07426148653030396,0.030088186264038086,0.003491818904876709,-0.09075015783309937,0.014786064624786377,-0.06768149137496948,0.012842714786529541,-0.02493375539779663,-0.000482022762298584,THUMBS_UP
0.0,0.0,-0.05108797550201416,-0.19878900051116943,-0.07702827453613281,-0.3863982856273651,-0.0790717601776123,-0.5383941680192947,-0.056390225887298584,-0.6676302850246429,-0.0038797855377197266,-0.38004031777381897,-0.14992952346801758,-0.3570556342601776,-0.13979846239089966,-0.27915897965431213,-0.0969613790512085,-0.2741366922855377,0.007969200611114502,-0.24764466285705566,-0.1562328338623047,-0.2371423840522766,-0.13108253479003906,-0.18908065557479858,-0.0884740948677063,-0.18531280755996704,0.0059874653816223145,-0.12196123600006104,-0.14697128534317017,-0.11566871404647827,-0.12225139141082764,-0.08347755670547485,-0.07806754112243652,-0.08415472507476807,-0.0018270015716552734,-0.009455263614654541,-0.12315654754638672,-0.019485890865325928,-0.10434520244598389,-0.006266295909881592,-0.06389200687408447,-0.0022420287132263184,THUMBS_UP
0.0,0.0,-0.04448413848876953,-0.19445949792861938,-0.06582015752792358,-0.36648285388946533,-0.06674516201019287,-0.5135376453399658,-0.03995567560195923,-0.649747222661972,-0.007758915424346924,-0.32932156324386597,-0.15788987278938293,-0.29666438698768616,-0.14318114519119263,-0.24027720093727112,-0.09786933660507202,-0.24172356724739075,0.0017045140266418457,-0.1883818507194519,-0.16509437561035156,-0.1820560097694397,-0.1371850073337555,-0.15434253215789795,-0.09264862537384033,-0.1490243673324585,-0.0012029409408569336,-0.06068551540374756,-0.16046661138534546,-0.056752920150756836,-0.1327114701271057,-0.03895515203475952,-0.08538156747817993,-0.041945457458496094,-0.009621739387512207,0.05031853914260864,-0.13921049237251282,0.0421142578125,-0.118316650390625,0.049716949462890625,-0.07608842849731445,0.052872419357299805,THUMBS_UP
0.0,0.0,-0.039430975914001465,-0.19484376907348633,-0.06261825561523438,-0.37862569093704224,-0.06463336944580078,-0.5267837047576904,-0.03956794738769531,-0.6651759147644043,-0.02397865056991577,-0.3119272291660309,-0.1774863302707672,-0.2922578454017639,-0.1596999168395996,-0.24688482284545898,-0.11602842807769775,-0.2451847791671753,-0.014181017875671387,-0.1640802025794983,-0.19265908002853394,-0.16305041313171387,-0.16420215368270874,-0.14500272274017334,-0.11773157119750977,-0.13513952493667603,-0.016238391399383545,-0.03281295299530029,-0.18411201238632202,-0.038316547870635986,-0.1550721526145935,-0.03203999996185303,-0.10716599225997925,-0.028789103031158447,-0.025474846363067627,0.07607036828994751,-0.15772730112075806,0.05915725231170654,-0.13292115926742554,0.05536365509033203,-0.08771073818206787,0.061029016971588135,THUMBS_UP
0.0,0.0,-0.03848773241043091,-0.20176970958709717,-0.07264083623886108,-0.40509772300720215,-0.0860365629196167,-0.5746839046478271,-0.06405866146087646,-0.7202434539794922,-0.04917174577713013,-0.3548573851585388,-0.21445327997207642,-0.34003180265426636,-0.18941760063171387,-0.28002482652664185,-0.13828572630882263,-0.2738077640533447,-0.04784214496612549,-0.1991816759109497,-0.23203644156455994,-0.20218896865844727,-0.18921536207199097,-0.16994386911392212,-0.13614678382873535,-0.1614518165588379,-0.053117573261260986,-0.06105142831802368,-0.22458070516586304,-0.07801485061645508,-0.18349236249923706,-0.05473124980926514,-0.13158178329467773,-0.048195481300354004,-0.062150418758392334,0.060352623462677,-0.2010612189769745,0.030691981315612793,-0.16580796241760254,0.04188317060470581,-0.11405229568481445,0.05674314498901367,THUMBS_UP
0.0,0.0,-0.029622018337249756,-0.1920468807220459,-0.07259953022003174,-0.40233129262924194,-0.08511185646057129,-0.557497650384903,-0.060007333755493164,-0.6965793371200562,-0.06000393629074097,-0.3220992088317871,-0.23736810684204102,-0.3387104272842407,-0.2009100317955017,-0.32031184434890747,-0.14761468768119812,-0.3142772912979126,-0.06816637516021729,-0.1655455231666565,-0.2628951370716095,-0.21206527948379517,-0.2155534029006958,-0.20023471117019653,-0.15553510189056396,-0.17766451835632324,-0.08215916156768799,-0.022159337997436523,-0.2621140778064728,-0.08402711153030396,-0.21464604139328003,-0.07909953594207764,-0.15576305985450745,-0.06303095817565918,-0.10158634185791016,0.10371989011764526,-0.2347850501537323,0.04315376281738281,-0.19483420252799988,0.02929520606994629,-0.14355263113975525,0.03853791952133179,THUMBS_UP
0.0,0.0,-0.029316246509552002,-0.20074832439422607,-0.0786595344543457,-0.41330960392951965,-0.09518224000930786,-0.5761710107326508,-0.0705643892288208,-0.7226597666740417,-0.08652853965759277,-0.31720584630966187,-0.2596428692340851,-0.32845985889434814,-0.22309032082557678,-0.3225962519645691,-0.1682126522064209,-0.31460005044937134,-0.09794723987579346,-0.1605105996131897,-0.28396058082580566,-0.21315985918045044,-0.23494204878807068,-0.21446961164474487,-0.17566287517547607,-0.1883057951927185,-0.11205697059631348,-0.019855141639709473,-0.28286105394363403,-0.08278322219848633,-0.23443445563316345,-0.09184938669204712,-0.17827916145324707,-0.07626378536224365,-0.1290222406387329,0.10370922088623047,-0.2587747573852539,0.03752845525741577,-0.22006899118423462,0.019225895404815674,-0.17245572805404663,0.03272676467895508,THUMBS_UP
0.0,0.0,-0.025295794010162354,-0.2028852105140686,-0.07639402151107788,-0.39518070220947266,-0.0964970588684082,-0.5605128705501556,-0.07844388484954834,-0.7057617604732513,-0.11360082030296326,-0.29848670959472656,-0.2724093794822693,-0.311318039894104,-0.23846739530563354,-0.3036056160926819,-0.18525665998458862,-0.29139232635498047,-0.1211400032043457,-0.1390601396560669,-0.29352161288261414,-0.19837206602096558,-0.2497582733631134,-0.20598727464675903,-0.19297072291374207,-0.18356305360794067,-0.13242682814598083,-0.0006504058837890625,-0.2892811894416809,-0.07597106695175171,-0.2441977858543396,-0.09237062931060791,-0.19041883945465088,-0.0729830265045166,-0.14542269706726074,0.11706274747848511,-0.26848912239074707,0.03860151767730713,-0.23031234741210938,0.019464433193206787,-0.18517199158668518,0.04062032699584961,THUMBS_UP
0.0,0.0,-0.027836740016937256,-0.21197229623794556,-0.07647573947906494,-0.3951781988143921,-0.10010677576065063,-0.5545373260974884,-0.08813619613647461,-0.6983473002910614,-0.13234210014343262,-0.29435068368911743,-0.2756293714046478,-0.3149009346961975,-0.23641571402549744,-0.30926936864852905,-0.185499370098114,-0.2989845871925354,-0.14380094408988953,-0.13701343536376953,-0.292188823223114,-0.20493680238723755,-0.2525252401828766,-0.21417713165283203,-0.20205485820770264,-0.19370883703231812,-0.15599790215492249,0.000579535961151123,-0.2939918041229248,-0.08798414468765259,-0.2538486421108246,-0.10064053535461426,-0.20499029755592346,-0.0804336667060852,-0.1664268970489502,0.11447077989578247,-0.2779786288738251,0.025978446006774902,-0.24317997694015503,0.010216474533081055,-0.20188063383102417,0.03248786926269531,THUMBS_UP
0.0,0.0,-0.027859508991241455,-0.20487123727798462,-0.0766952633857727,-0.38384538888931274,-0.10231450200080872,-0.5368005037307739,-0.09288293123245239,-0.6781496405601501,-0.1312803030014038,-0.28394216299057007,-0.2714903652667999,-0.29961860179901123,-0.2337360978126526,-0.29719793796539307,-0.18431749939918518,-0.2890781760215759,-0.1401226818561554,-0.13130444288253784,-0.2871181070804596,-0.19207262992858887,-0.24793949723243713,-0.2046542763710022,-0.19796636700630188,-0.1866779923439026,-0.14996346831321716,0.0021825432777404785,-0.28833234310150146,-0.07713967561721802,-0.2476385235786438,-0.09303194284439087,-0.19791549444198608,-0.07595813274383545,-0.15847578644752502,0.11439049243927002,-0.26995620131492615,0.03560608625411987,-0.23489952087402344,0.017567336559295654,-0.1924961805343628,0.03633928298950195,THUMBS_UP
0.0,0.0,-0.029872417449951172,-0.19114452600479126,-0.08615022897720337,-0.371343195438385,-0.11050525307655334,-0.5243422985076904,-0.0986255407333374,-0.6654871702194214,-0.11208692193031311,-0.2831968069076538,-0.2667919993400574,-0.27867862582206726,-0.2388957440853119,-0.2693787217140198,-0.1915571689605713,-0.2649112343788147,-0.11283794045448303,-0.1355164647102356,-0.2830955982208252,-0.1689278483390808,-0.24351149797439575,-0.1754891276359558,-0.18938377499580383,-0.16254377365112305,-0.11896407604217529,-0.005441725254058838,-0.278164803981781,-0.04872298240661621,-0.2352578043937683,-0.0662875771522522,-0.18223151564598083,-0.05689901113510132,-0.12774640321731567,0.10795247554779053,-0.25198686122894287,0.0625036358833313,-0.21636492013931274,0.03833860158920288,-0.1713637411594391,0.04604971408843994,THUMBS_UP
0.0,0.0,-0.042756497859954834,-0.17295396327972412,-0.09340804815292358,-0.3555731177330017,-0.11014318466186523,-0.4931521713733673,-0.09795540571212769,-0.6309936046600342,-0.06554687023162842,-0.28247809410095215,-0.23092013597488403,-0.25677287578582764,-0.20061904191970825,-0.24593067169189453,-0.1528145670890808,-0.25548887252807617,-0.05510479211807251,-0.13981688022613525,-0.24251756072044373,-0.12690216302871704,-0.202029287815094,-0.12812060117721558,-0.14649701118469238,-0.12461698055267334,-0.05204331874847412,-0.003811776638031006,-0.2275390625,-0.012985050678253174,-0.1854194700717926,-0.020341813564300537,-0.13091683387756348,-0.02065122127532959,-0.0567358136177063,0.1155502200126648,-0.18862760066986084,0.09572535753250122,-0.1532098948955536,0.07076388597488403,-0.10523223876953125,0.0642121434211731,THUMBS_UP
0.0,0.0,-0.060164570808410645,-0.17734003067016602,-0.10166233777999878,-0.35940366983413696,-0.11096006631851196,-0.5089251399040222,-0.09442949295043945,-0.6500901579856873,-0.04313194751739502,-0.316516637802124,-0.200654536485672,-0.24643534421920776,-0.17708632349967957,-0.20389223098754883,-0.13175851106643677,-0.2117900848388672,-0.020958364009857178,-0.17660874128341675,-0.19881165027618408,-0.12536859512329102,-0.16411560773849487,-0.11185973882675171,-0.115206778049469,-0.1166498064994812,-0.010752201080322266,-0.049143970012664795,-0.17667028307914734,-0.014702022075653076,-0.14359906315803528,-0.009207844734191895,-0.09554117918014526,-0.014634430408477783,-0.00990980863571167,0.06368076801300049,-0.13978931307792664,0.07493942975997925,-0.11146867275238037,0.06877392530441284,-0.06413477659225464,0.06243753433227539,THUMBS_UP
0.0,0.0,-0.06783938407897949,-0.2161095142364502,-0.10465443134307861,-0.4263506531715393,-0.10782194137573242,-0.5910176336765289,-0.09040838479995728,-0.7312549650669098,-0.03880298137664795,-0.4221532642841339,-0.17919540405273438,-0.3564227819442749,-0.16411420702934265,-0.29489874839782715,-0.12366771697998047,-0.30896514654159546,-0.01285022497177124,-0.2895193099975586,-0.1718759536743164,-0.22976398468017578,-0.14303404092788696,-0.20551496744155884,-0.09726035594940186,-0.22207462787628174,0.0021218061447143555,-0.16544723510742188,-0.15068387985229492,-0.11334431171417236,-0.1208389401435852,-0.1016695499420166,-0.07307809591293335,-0.12090563774108887,0.006954610347747803,-0.053083062171936035,-0.11559003591537476,-0.026347339153289795,-0.09092849493026733,-0.023581385612487793,-0.043557584285736084,-0.033751726150512695,THUMBS_UP
0.0,0.0,-0.05194854736328125,-0.18986308574676514,-0.07964462041854858,-0.37113091349601746,-0.08575910329818726,-0.5176927745342255,-0.06995576620101929,-0.6476024091243744,0.01192086935043335,-0.3333556056022644,-0.12828975915908813,-0.2739761173725128,-0.12234890460968018,-0.2334917187690735,-0.08373242616653442,-0.24876612424850464,0.03363001346588135,-0.20130831003189087,-0.1289663314819336,-0.14275693893432617,-0.10663938522338867,-0.13933736085891724,-0.06483185291290283,-0.16275697946548462,0.0414997935295105,-0.07773739099502563,-0.11366486549377441,-0.03462624549865723,-0.08866244554519653,-0.043253540992736816,-0.044505536556243896,-0.06114399433135986,0.03906899690628052,0.03266716003417969,-0.08364957571029663,0.0566251277923584,-0.06164729595184326,0.03703200817108154,-0.014421284198760986,0.013978958129882812,THUMBS_UP
0.0,0.0,-0.04541558027267456,-0.14176326990127563,-0.057463645935058594,-0.319336473941803,-0.05366051197052002,-0.44832929968833923,-0.03990381956100464,-0.5737060308456421,0.04600071907043457,-0.2748684883117676,-0.09359771013259888,-0.22219175100326538,-0.0816887617111206,-0.17666208744049072,-0.034839749336242676,-0.1768651008605957,0.07757806777954102,-0.166276752948761,-0.08884727954864502,-0.0913853645324707,-0.05842238664627075,-0.07868975400924683,-0.0036486387252807617,-0.10164272785186768,0.08929610252380371,-0.051208674907684326,-0.06582510471343994,0.014481902122497559,-0.03688645362854004,0.013712882995605469,0.014029860496520996,-0.014501810073852539,0.08837336301803589,0.06291067600250244,-0.030772149562835693,0.10943031311035156,-0.01041412353515625,0.10331076383590698,0.03554028272628784,0.08139687776565552,THUMBS_UP
0.0,0.0,-0.04657900333404541,-0.11657249927520752,-0.03931427001953125,-0.31653428077697754,-0.02831357717514038,-0.4543918967247009,-0.017822206020355225,-0.571686178445816,0.07002246379852295,-0.26615357398986816,-0.029516875743865967,-0.21100622415542603,-0.04419898986816406,-0.18406450748443604,-0.02151358127593994,-0.1871313452720642,0.11577701568603516,-0.15392595529556274,-0.03347724676132202,-0.06812512874603271,-0.02249312400817871,-0.08820277452468872,0.0126265287399292,-0.12364864349365234,0.12987178564071655,-0.03354835510253906,-0.009430944919586182,0.02526223659515381,-0.0037348270416259766,-0.00044292211532592773,0.03230142593383789,-0.03717970848083496,0.1286637783050537,0.0701022744178772,0.022262394428253174,0.1026078462600708,0.023222267627716064,0.08740681409835815,0.053287386894226074,0.06456661224365234,THUMBS_UP
0.0,0.0,-0.04395371675491333,-0.1281449794769287,-0.04845297336578369,-0.3161398470401764,-0.04924565553665161,-0.4463318884372711,-0.04230773448944092,-0.5701049566268921,0.07693570852279663,-0.22596889734268188,-0.029809892177581787,-0.17226439714431763,-0.035223424434661865,-0.18200969696044922,-0.006264746189117432,-0.2089405655860901,0.11884510517120361,-0.10115653276443481,-0.04532402753829956,-0.02597898244857788,-0.021993815898895264,-0.07186150550842285,0.018554091453552246,-0.11288642883300781,0.12305498123168945,0.02289760112762451,-0.030692458152770996,0.07067739963531494,-0.013328731060028076,0.02903193235397339,0.026783108711242676,-0.0020741820335388184,0.11078691482543945,0.12647730112075806,-0.00350266695022583,0.15494173765182495,0.007252097129821777,0.12637454271316528,0.04309576749801636,0.10143774747848511,THUMBS_UP
0.0,0.0,-0.03549504280090332,-0.15322768688201904,-0.028403043746948242,-0.332448273897171,-0.02029818296432495,-0.4672526717185974,-0.010737478733062744,-0.5924375951290131,0.10552424192428589,-0.2526617646217346,0.003733396530151367,-0.19400346279144287,-0.012578964233398438,-0.19071292877197266,0.009170711040496826,-0.20893609523773193,0.13834095001220703,-0.13087016344070435,0.0011695623397827148,-0.06476360559463501,0.0009058713912963867,-0.09497988224029541,0.02706211805343628,-0.12798404693603516,0.14447474479675293,-0.010872602462768555,0.017426490783691406,0.023736536502838135,0.012303650379180908,-0.004255354404449463,0.037924885749816895,-0.03214883804321289,0.1372298002243042,0.0894320011138916,0.045646071434020996,0.10740882158279419,0.03545069694519043,0.07995688915252686,0.05245232582092285,0.05019348859786987,THUMBS_UP
0.0,0.0,-0.0336228609085083,-0.134968101978302,-0.022332608699798584,-0.30465030670166016,-0.007820725440979004,-0.4374035894870758,-0.0007236003875732422,-0.5611506998538971,0.12688791751861572,-0.26805731654167175,0.062090516090393066,-0.19512200355529785,0.017120540142059326,-0.16356533765792847,0.013059079647064209,-0.16507089138031006,0.16698771715164185,-0.159024178981781,0.06868565082550049,-0.07277381420135498,0.025029122829437256,-0.07653510570526123,0.029549837112426758,-0.10077780485153198,0.17976033687591553,-0.046710312366485596,0.07991427183151245,0.024039387702941895,0.04055917263031006,0.00755840539932251,0.045620083808898926,-0.024143695831298828,0.17736488580703735,0.05465734004974365,0.10437506437301636,0.10895180702209473,0.06339561939239502,0.08873450756072998,0.0560457706451416,0.050301551818847656,THUMBS_UP
0.0,0.0,-0.026163220405578613,-0.12380456924438477,-0.011025011539459229,-0.28263792395591736,0.0015822649002075195,-0.41319069266319275,-0.000500023365020752,-0.5331644713878632,0.14417165517807007,-0.2667308747768402,0.09838253259658813,-0.18100696802139282,0.05063420534133911,-0.14408886432647705,0.04132169485092163,-0.14706522226333618,0.18504458665847778,-0.16229122877120972,0.11456179618835449,-0.06414538621902466,0.05912083387374878,-0.06074953079223633,0.05508911609649658,-0.08083599805831909,0.1986261010169983,-0.05316275358200073,0.12396711111068726,0.03848153352737427,0.0709955096244812,0.025751352310180664,0.06891971826553345,-0.005357146263122559,0.19665122032165527,0.04795652627944946,0.14466339349746704,0.12439924478530884,0.10002046823501587,0.11742377281188965,0.09336084127426147,0.09010529518127441,THUMBS_UP
0.0,0.0,-0.02499014139175415,-0.12406295537948608,-0.014843165874481201,-0.28880774974823,-0.010091900825500488,-0.4215601086616516,-0.017992854118347168,-0.539413571357727,0.12862545251846313,-0.31091538071632385,0.0974724292755127,-0.23504310846328735,0.05074357986450195,-0.18688446283340454,0.041771531105041504,-0.19230788946151733,0.17360669374465942,-0.22204512357711792,0.12033843994140625,-0.13547533750534058,0.06435269117355347,-0.1091422438621521,0.061245858669281006,-0.1253523826599121,0.19374138116836548,-0.12025964260101318,0.1356513500213623,-0.038166165351867676,0.0824008584022522,-0.028282523155212402,0.08038854598999023,-0.054415881633758545,0.1990830898284912,-0.022145390510559082,0.15748494863510132,0.03606867790222168,0.10877615213394165,0.037181735038757324,0.09833377599716187,0.009981811046600342,THUMBS_UP
0.0,0.0,-0.028490662574768066,-0.12905752658843994,-0.026316821575164795,-0.2969161868095398,-0.028676629066467285,-0.4308547377586365,-0.045062899589538574,-0.5397530198097229,0.10044068098068237,-0.3590998947620392,0.0894848108291626,-0.3246077597141266,0.04930001497268677,-0.2510053515434265,0.03884989023208618,-0.2417472004890442,0.1518341302871704,-0.29420965909957886,0.12086766958236694,-0.2390163540840149,0.06859052181243896,-0.17567652463912964,0.06336992979049683,-0.18567901849746704,0.18056350946426392,-0.20439106225967407,0.14718395471572876,-0.15165340900421143,0.09623914957046509,-0.10599136352539062,0.09025371074676514,-0.12310969829559326,0.1953967809677124,-0.11265474557876587,0.17399102449417114,-0.077869713306427,0.13073182106018066,-0.05327022075653076,0.12022173404693604,-0.06992042064666748,THUMBS_UP
0.0,0.0,-0.034854769706726074,-0.13315480947494507,-0.03885465860366821,-0.3000679910182953,-0.049179911613464355,-0.4291762709617615,-0.072085440158844,-0.5260263681411743,0.07328230142593384,-0.3817431926727295,0.06666308641433716,-0.3734639883041382,0.03212940692901611,-0.2797226011753082,0.02917104959487915,-0.26215142011642456,0.12502098083496094,-0.33111661672592163,0.10848945379257202,-0.30286166071891785,0.05417656898498535,-0.21630823612213135,0.05368077754974365,-0.2246599793434143,0.15684962272644043,-0.24956035614013672,0.14363807439804077,-0.21745598316192627,0.08783143758773804,-0.15820980072021484,0.08242911100387573,-0.17171317338943481,0.17504537105560303,-0.16556376218795776,0.1688428521156311,-0.14596670866012573,0.1220596432685852,-0.11443173885345459,0.11016696691513062,-0.12435072660446167,THUMBS_UP
0.0,0.0,-0.03638523817062378,-0.13733142614364624,-0.041070759296417236,-0.30694252252578735,-0.0509873628616333,-0.4304531216621399,-0.07162332534790039,-0.5223584175109863,0.0710824728012085,-0.38035330176353455,0.053580284118652344,-0.3988463878631592,0.023638904094696045,-0.30020347237586975,0.026054978370666504,-0.2698568105697632,0.11798489093780518,-0.3303954601287842,0.09163612127304077,-0.3268679976463318,0.044553279876708984,-0.2357802391052246,0.050981760025024414,-0.2291853427886963,0.14659154415130615,-0.24903517961502075,0.13031744956970215,-0.24374592304229736,0.07928639650344849,-0.1819601058959961,0.07980698347091675,-0.18166649341583252,0.16380739212036133,-0.16393673419952393,0.15911942720413208,-0.1649569272994995,0.11339974403381348,-0.13487643003463745,0.10400420427322388,-0.13515669107437134,THUMBS_UP
